B,B_ref,Gamma,Gamma_token,RI,RS,active_depot_ids,active_depots,average_fill_rate,beta,beta_token,budget_binding,budget_slack,budget_used,budget_utilization,calibration_hash,canonical_total_adjustment,case,certification_status,changed_pair_count,closed_depots,cuts,dataset_id,exact_certification_pass,experiment_id,fixed_cost,global_coupling_pass,instance_hash,inventory_cost,inventory_spending_share,iterations,lambda_R,lower_bound,mapping_hash,master_solves,material_reconfiguration,minimum_fill_rate,model_identity_sha256,objective,opened_depots,prb_identity_sha256,reconfiguration_cost,reconfiguration_spending_share,relative_gap,reporting_tiebreak_diagnostic,reuse_source_run,reused,robust_recourse_cost,run_id,runtime_seconds,service_penalty,shortage_cost,solver_profile,status,subproblem_evaluations,total_shortage,transportation_cost,upper_bound,x0_hash,recomputed_fixed_cost,recomputed_inventory_cost,solver_based_total_adjustment,recomputed_reconfiguration_cost,recomputed_budget_used,recomputed_canonical_total_adjustment,recomputed_RI,recomputed_RS,adjustment_max_coordinate_share,x0_y_active_depot_count,x0_y_active_depot_ids,final_y_active_depot_count,final_y_active_depot_ids,opened_y_depot_ids,closed_y_depot_ids,y_network_change,x0_positive_inventory_depot_count,final_positive_inventory_depot_count,positive_inventory_depot_ids,positive_inventory_footprint_change,global_coupling_diagnostic_classification,static_first_stage_feasibility_pass,primary_artifact_integrity_pass,adjustment_fingerprint,x_fingerprint,normalized_objective,normalized_robust_recourse,x_composition_changed_vs_same_beta_G0,x_L1_difference_vs_same_beta_G0,x_max_difference_vs_same_beta_G0,x_differing_coordinate_count_vs_same_beta_G0,RI_change_vs_same_beta_G0,objective_change_vs_same_beta_G0,recourse_change_vs_same_beta_G0
85208.76479920496,106510.9559990062,0,G0,0.3640178992928341,0.013150460364501343,['90016100'],1,0.08892772056490117,0.8,B080,True,-5.820766091346741e-11,85208.76479920502,1.0000000000000007,7fe326584320b19636d95424cf806f0ab4c89951c3e2a1a84a4a5cc656e40624,296.843596227487,210202,CERTIFIED_PRB_EXACT,4,['9624708'],9,RENAULT_EMPIRICAL_8CASE_V1,True,E6_BUDGET_RISK_INTERACTION_V1,1108.92,True,3827d86c5ec4e290ba7d091648dbe4e1501648bfda54ca485385889e9143ecee,82979.31031500496,0.9738353854858274,3,0.05,1044461.3975043292,0bcdd7bb99926ed780c56764c531b76971dbb0bf24e77198766a754d9dde95ff,3,True,0.0,c4f718f6a12deb22772cdce20464ca617fa6e19c750a90be06cd2ddc8c245173,1044461.3975043293,[],eab5ea31c6dbbc6446799f28bb6b54673eb7b57690cd4540f8a49b4a53757b6f,1120.534484200062,0.013150460364501343,0.0,"{'economic_band_tolerance': 1e-07, 'fallback_used': False, 'original_status': 2, 'original_status_name': 'OPTIMAL'}",,False,959252.6327051243,E6-210202-B080-G0,0.13038540026172996,595044.562805484,363146.5739103005,gurobi-balanced-1e-8-v1,OPTIMAL,32,5619.450739103005,1061.495989439045,1044461.3975043292,5fe095e76dd1372735ec7a6cb6fead9d6bc42f044b6006c13ed1aeb16dfbc368,1108.92,82979.31031500496,296.843596227487,1120.534484200062,85208.76479920502,296.843596227487,0.3640178992928341,0.013150460364501343,0.8309002824713568,2,90016100|9624708,1,90016100,,9624708,True,2,1,90016100,True,PASS,True,True,4dc760a689d569aa4f6076fca6232e1c6635eaac0f4761a2499829d525a93317,90ddcd1dd30913787398339b92e84799b46b6fd3d634b27d97ee4b9faf2aad67,0.986475579437097,1.0073327896925426,False,0.0,0.0,0,0.0,0.0,0.0
85208.76479920496,106510.9559990062,2,G2,0.36401789929283007,0.013150460364501033,['90016100'],1,0.08892772056470444,0.8,B080,True,-5.529727786779404e-10,85208.76479920551,1.0000000000000064,7fe326584320b19636d95424cf806f0ab4c89951c3e2a1a84a4a5cc656e40624,296.8435962274837,210202,CERTIFIED_PRB_EXACT,4,['9624708'],26,RENAULT_EMPIRICAL_8CASE_V1,True,E6_BUDGET_RISK_INTERACTION_V1,1108.92,,3827d86c5ec4e290ba7d091648dbe4e1501648bfda54ca485385889e9143ecee,82979.31031500548,0.9738353854858335,3,0.05,,0bcdd7bb99926ed780c56764c531b76971dbb0bf24e77198766a754d9dde95ff,3,True,0.0,c4f718f6a12deb22772cdce20464ca617fa6e19c750a90be06cd2ddc8c245173,1070819.5202181868,[],eab5ea31c6dbbc6446799f28bb6b54673eb7b57690cd4540f8a49b4a53757b6f,1120.5344842000356,0.013150460364501033,,,E3-210202-B080,True,985610.7554189813,E6-210202-B080-G2,1.0246602999977767,611697.869019781,373148.5596246052,gurobi-balanced-1e-8-v1,OPTIMAL,96,5697.2650248174805,764.3267745950725,,5fe095e76dd1372735ec7a6cb6fead9d6bc42f044b6006c13ed1aeb16dfbc368,1108.92,82979.31031500548,296.8435962274837,1120.5344842000356,85208.76479920551,296.8435962274837,0.36401789929283007,0.013150460364501033,0.830900282471366,2,90016100|9624708,1,90016100,,9624708,True,2,1,90016100,True,SOURCE_SCHEMA_FIELD_UNAVAILABLE_NOT_FAILURE,True,True,4dc760a689d569aa4f6076fca6232e1c6635eaac0f4761a2499829d525a93317,90ddcd1dd30913787398339b92e84799b46b6fd3d634b27d97ee4b9faf2aad67,1.011370366778358,1.0350120478766272,False,3.296918293926865e-12,3.296918293926865e-12,0,-4.052314039881821e-15,26358.122713857447,26358.12271385698
85208.76479920496,106510.9559990062,4,G4,0.36401789929283007,0.013150460364501033,['90016100'],1,0.08892772056494476,0.8,B080,True,-5.529727786779404e-10,85208.76479920551,1.0000000000000064,7fe326584320b19636d95424cf806f0ab4c89951c3e2a1a84a4a5cc656e40624,296.8435962274837,210202,CERTIFIED_PRB_EXACT,4,['9624708'],44,RENAULT_EMPIRICAL_8CASE_V1,True,E6_BUDGET_RISK_INTERACTION_V1,1108.92,True,3827d86c5ec4e290ba7d091648dbe4e1501648bfda54ca485385889e9143ecee,82979.31031500548,0.9738353854858335,3,0.05,1089238.7438610448,0bcdd7bb99926ed780c56764c531b76971dbb0bf24e77198766a754d9dde95ff,3,True,0.0,c4f718f6a12deb22772cdce20464ca617fa6e19c750a90be06cd2ddc8c245173,1089238.743861044,[],eab5ea31c6dbbc6446799f28bb6b54673eb7b57690cd4540f8a49b4a53757b6f,1120.5344842000356,0.013150460364501033,0.0,"{'economic_band_tolerance': 1e-07, 'fallback_used': False, 'original_status': 2, 'original_status_name': 'OPTIMAL'}",,False,1004029.9790618385,E6-210202-B080-G4,32.731618099845946,623205.5640911979,380060.0881960142,gurobi-balanced-1e-8-v1,OPTIMAL,160,5731.650739103,764.3267747263318,1089238.743861044,5fe095e76dd1372735ec7a6cb6fead9d6bc42f044b6006c13ed1aeb16dfbc368,1108.92,82979.31031500548,296.8435962274837,1120.5344842000356,85208.76479920551,296.8435962274837,0.36401789929283007,0.013150460364501033,0.830900282471366,2,90016100|9624708,1,90016100,,9624708,True,2,1,90016100,True,PASS,True,True,4dc760a689d569aa4f6076fca6232e1c6635eaac0f4761a2499829d525a93317,90ddcd1dd30913787398339b92e84799b46b6fd3d634b27d97ee4b9faf2aad67,1.0287670023642068,1.0543544893811205,False,3.296918293926865e-12,3.296918293926865e-12,0,-4.052314039881821e-15,44777.34635671473,44777.346356714144
106510.9559990062,106510.9559990062,0,G0,3.787526378589822e-12,6.241741028161823e-14,"['90016100', '9624708']",2,0.13614501999661563,1.0,B100,True,-1.4551915228366852e-11,106510.95599900621,1.0000000000000002,7fe326584320b19636d95424cf806f0ab4c89951c3e2a1a84a4a5cc656e40624,3.0885924928725217e-09,210202,CERTIFIED_PRB_EXACT,0,[],13,RENAULT_EMPIRICAL_8CASE_V1,True,E6_BUDGET_RISK_INTERACTION_V1,1120.9560000000001,True,3827d86c5ec4e290ba7d091648dbe4e1501648bfda54ca485385889e9143ecee,105389.99999899956,0.989475674220621,5,0.05,1034674.0388239037,0bcdd7bb99926ed780c56764c531b76971dbb0bf24e77198766a754d9dde95ff,5,False,4.440892098500626e-16,c4f718f6a12deb22772cdce20464ca617fa6e19c750a90be06cd2ddc8c245173,1034674.0388239038,[],eab5ea31c6dbbc6446799f28bb6b54673eb7b57690cd4540f8a49b4a53757b6f,6.648138040077356e-09,6.241741028161823e-14,1.1251400678735703e-16,,E4-210202-G0,True,928163.0828248976,E6-210202-B100-G0,0.1164369999896735,573540.7660714287,351522.9,gurobi-balanced-1e-8-v1,OPTIMAL,48,5322.607142857141,3099.41675269835,1034674.0388239038,5fe095e76dd1372735ec7a6cb6fead9d6bc42f044b6006c13ed1aeb16dfbc368,1120.9560000000001,105389.99999899956,2.2160460133591187e-09,6.648138040077356e-09,106510.95599900621,3.0885924928725217e-09,3.787526378589822e-12,6.241741028161823e-14,0.7174938158637115,2,90016100|9624708,2,90016100|9624708,,,False,2,2,90016100|9624708,False,PASS,True,True,49c783c128532dfe0e50fe095b13c080af6b1733b537541719e78f116e7bae38,e985b8073b15cb6359d678cd9d69244bf4810ea3bfcdf0b6f0bf802af51f2570,0.9772315898090441,0.9746849533005614,False,0.0,0.0,0,0.0,0.0,0.0
106510.9559990062,106510.9559990062,2,G2,0.13762008031004352,0.004495532942336655,"['90016100', '9624708']",2,0.11974816491655471,1.0,B100,True,0.0,106510.9559990062,1.0,7fe326584320b19636d95424cf806f0ab4c89951c3e2a1a84a4a5cc656e40624,112.22426048749267,210202,CERTIFIED_PRB_EXACT,3,[],31,RENAULT_EMPIRICAL_8CASE_V1,True,E6_BUDGET_RISK_INTERACTION_V1,1120.9560000000001,,3827d86c5ec4e290ba7d091648dbe4e1501648bfda54ca485385889e9143ecee,104911.1764875929,0.9849801412783467,4,0.05,,0bcdd7bb99926ed780c56764c531b76971dbb0bf24e77198766a754d9dde95ff,4,True,1.3322676295501878e-15,c4f718f6a12deb22772cdce20464ca617fa6e19c750a90be06cd2ddc8c245173,1058780.7942496866,[],eab5ea31c6dbbc6446799f28bb6b54673eb7b57690cd4540f8a49b4a53757b6f,478.8235114133023,0.004495532942336655,,,E3-210202-B100,True,952269.8382506805,E6-210202-B100-G2,1.2333677001297474,591062.3212748348,358942.64917865157,gurobi-balanced-1e-8-v1,OPTIMAL,120,5417.3568256608505,2264.867797194165,,5fe095e76dd1372735ec7a6cb6fead9d6bc42f044b6006c13ed1aeb16dfbc368,1120.9560000000001,104911.1764875929,112.22426048749267,478.8235114133023,106510.9559990062,112.22426048749267,0.13762008031004352,0.004495532942336655,0.7466666613441874,2,90016100|9624708,2,90016100|9624708,,,False,2,2,90016100|9624708,False,SOURCE_SCHEMA_FIELD_UNAVAILABLE_NOT_FAILURE,True,True,df7e6db5626765b5adc20b6aeb12c7c98e622ece61e08524d341298ccadaeaa7,bb7e28b579f7c72916eb85e3bd56ea202189c69fe33a9bbe9b73152ffa673cab,1.0,1.0,True,112.22426049058126,83.79411390001655,3,0.137620080306256,24106.755425782874,24106.755425782874
106510.9559990062,106510.9559990062,4,G4,0.15523023989640325,0.005070790945107257,"['90016100', '9624708']",2,0.11677435380562971,1.0,B100,True,2.9103830456733704e-11,106510.95599900617,0.9999999999999998,7fe326584320b19636d95424cf806f0ab4c89951c3e2a1a84a4a5cc656e40624,126.5847166955808,210202,CERTIFIED_PRB_EXACT,3,[],53,RENAULT_EMPIRICAL_8CASE_V1,True,E6_BUDGET_RISK_INTERACTION_V1,1120.9560000000001,True,3827d86c5ec4e290ba7d091648dbe4e1501648bfda54ca485385889e9143ecee,104849.90520777169,0.9844048832755758,4,0.05,1076954.985082896,0bcdd7bb99926ed780c56764c531b76971dbb0bf24e77198766a754d9dde95ff,4,True,1.6653345369377348e-15,c4f718f6a12deb22772cdce20464ca617fa6e19c750a90be06cd2ddc8c245173,1076954.985082896,[],eab5ea31c6dbbc6446799f28bb6b54673eb7b57690cd4540f8a49b4a53757b6f,540.0947912344781,0.005070790945107257,0.0,,E4-210202-G4,True,970444.0290838898,E6-210202-B100-G4,10.97530319984071,602704.9566407697,365538.0659403893,gurobi-balanced-1e-8-v1,OPTIMAL,200,5453.141317399666,2201.006502963995,1076954.985082896,5fe095e76dd1372735ec7a6cb6fead9d6bc42f044b6006c13ed1aeb16dfbc368,1120.9560000000001,104849.90520777169,126.5847166955808,540.0947912344781,106510.95599900617,126.5847166955808,0.15523023989640325,0.005070790945107257,0.7466666619479987,2,90016100|9624708,2,90016100|9624708,,,False,2,2,90016100|9624708,False,PASS,True,True,7bfbb2740b5365049f125bb6a82176b4c5f1a95206a848b35f4599bc2a88b136,fa497b7820eebb31651a5aa320697bbc5bf57cab98bca727af2d17a960ba268d,1.0171652063693586,1.0190851270335257,True,126.58471669866938,94.51658786872241,3,0.15523023989261572,42280.94625899219,42280.94625899219
127813.14719880743,106510.9559990062,0,G0,2.423510375146232e-11,4.368366823243983e-13,"['90016100', '9624708']",2,0.13614501999642228,1.2,B120,False,21302.191198751592,106510.95600005584,0.8333333333415457,7fe326584320b19636d95424cf806f0ab4c89951c3e2a1a84a4a5cc656e40624,1.9762861569461165e-08,210202,CERTIFIED_PRB_EXACT,0,[],13,RENAULT_EMPIRICAL_8CASE_V1,True,E6_BUDGET_RISK_INTERACTION_V1,1120.9560000000001,True,3827d86c5ec4e290ba7d091648dbe4e1501648bfda54ca485385889e9143ecee,105390.0,0.8245630618583449,5,0.05,1034674.0388238612,0bcdd7bb99926ed780c56764c531b76971dbb0bf24e77198766a754d9dde95ff,5,False,1.8207657603852567e-14,c4f718f6a12deb22772cdce20464ca617fa6e19c750a90be06cd2ddc8c245173,1034674.0388238613,[],eab5ea31c6dbbc6446799f28bb6b54673eb7b57690cd4540f8a49b4a53757b6f,5.5833471179767e-08,4.368366823243983e-13,1.1251400678736164e-16,"{'economic_band_tolerance': 1e-07, 'fallback_used': False, 'original_status': 2, 'original_status_name': 'OPTIMAL'}",,False,928163.0828238054,E6-210202-B120-G0,0.08602729998528957,573540.7660714287,351522.8999999999,gurobi-balanced-1e-8-v1,OPTIMAL,48,5322.607142857141,3099.4167523268507,1034674.0388238613,5fe095e76dd1372735ec7a6cb6fead9d6bc42f044b6006c13ed1aeb16dfbc368,1120.9560000000001,105390.0,1.8611157059922334e-08,5.5833471179767e-08,106510.95600005584,1.9762861569461165e-08,2.423510375146232e-11,4.368366823243983e-13,0.9417237981710848,2,90016100|9624708,2,90016100|9624708,,,False,2,2,90016100|9624708,False,PASS,True,True,1007e76ecbf6b0a98f4f4d9e3da329b0b6ab096059b794f47286a816f2cc202e,3ba86ce1607aa95e7fd371b0bde8fe536012d3f15b6aa1c0537f24dd1b13bda8,0.977231589809004,0.9746849532994144,False,0.0,0.0,0,0.0,0.0,0.0
127813.14719880743,106510.9559990062,2,G2,0.03486375367854438,0.0017794817896749264,"['90016100', '9624708']",2,0.13770478974292258,1.2,B120,False,16525.926673453534,111287.2205253539,0.8707024509165069,7fe326584320b19636d95424cf806f0ab4c89951c3e2a1a84a4a5cc656e40624,28.430145990164828,210202,CERTIFIED_PRB_EXACT,1,[],36,RENAULT_EMPIRICAL_8CASE_V1,True,E6_BUDGET_RISK_INTERACTION_V1,1120.9560000000001,,3827d86c5ec4e290ba7d091648dbe4e1501648bfda54ca485385889e9143ecee,109938.82335743257,0.860152697644068,5,0.05,,0bcdd7bb99926ed780c56764c531b76971dbb0bf24e77198766a754d9dde95ff,5,True,2.220446049250313e-16,c4f718f6a12deb22772cdce20464ca617fa6e19c750a90be06cd2ddc8c245173,1057867.6845983027,[],eab5ea31c6dbbc6446799f28bb6b54673eb7b57690cd4540f8a49b4a53757b6f,227.44116792131865,0.0017794817896749264,,,E3-210202-B120,True,946580.4640729488,E6-210202-B120-G2,1.3830013999249786,586721.7861428572,356596.41397242947,gurobi-balanced-1e-8-v1,OPTIMAL,144,5333.5627111528665,3262.2639576621586,,5fe095e76dd1372735ec7a6cb6fead9d6bc42f044b6006c13ed1aeb16dfbc368,1120.9560000000001,109938.82335743257,28.430145990164828,227.44116792131865,111287.2205253539,28.430145990164828,0.03486375367854438,0.0017794817896749264,0.9999999979542888,2,90016100|9624708,2,90016100|9624708,,,False,2,2,90016100|9624708,False,SOURCE_SCHEMA_FIELD_UNAVAILABLE_NOT_FAILURE,True,True,9d819b5f53441d09871a74917ce1eeeab46c893dee704bc8373a3e34353f52fb,ebdf8f32e9f2ffb92439c298b6131514b5acf2b82ceffac85c0bf17d140d4e02,0.9991375838546155,0.9940254600647827,True,28.43014600992769,28.430145932877508,1,0.03486375365430927,23193.645774441422,18417.381249143393
127813.14719880743,106510.9559990062,4,G4,0.03932499410708878,0.0020071880824382867,"['90016100', '9624708']",2,0.13790438121304918,1.2,B120,False,15914.745657237334,111898.4015415701,0.8754842830645373,7fe326584320b19636d95424cf806f0ab4c89951c3e2a1a84a4a5cc656e40624,32.0681282295471,210202,CERTIFIED_PRB_EXACT,1,[],63,RENAULT_EMPIRICAL_8CASE_V1,True,E6_BUDGET_RISK_INTERACTION_V1,1120.9560000000001,True,3827d86c5ec4e290ba7d091648dbe4e1501648bfda54ca485385889e9143ecee,110520.90051573372,0.8647068234993351,5,0.05,1075882.102595426,0bcdd7bb99926ed780c56764c531b76971dbb0bf24e77198766a754d9dde95ff,5,True,3.6637359812630166e-15,c4f718f6a12deb22772cdce20464ca617fa6e19c750a90be06cd2ddc8c245173,1075882.102595426,[],eab5ea31c6dbbc6446799f28bb6b54673eb7b57690cd4540f8a49b4a53757b6f,256.5450258363768,0.0020071880824382867,0.0,"{'economic_band_tolerance': 1e-07, 'fallback_used': False, 'original_status': 2, 'original_status_name': 'OPTIMAL'}",,False,963983.7010538558,E6-210202-B120-G4,12.22826230013743,597808.997357143,362891.6014627804,gurobi-balanced-1e-8-v1,OPTIMAL,240,5358.624728913518,3283.1022323832035,1075882.102595426,5fe095e76dd1372735ec7a6cb6fead9d6bc42f044b6006c13ed1aeb16dfbc368,1120.9560000000001,110520.90051573372,32.0681282295471,256.5450258363768,111898.4015415701,32.0681282295471,0.03932499410708878,0.0020071880824382867,0.9999999981863653,2,90016100|9624708,2,90016100|9624708,,,False,2,2,90016100|9624708,False,PASS,True,True,2fb2380b9ad3069e64d41232fa17610feb10539172d0f2cfd05ea2dfca4c30d1,39477e84df441fdfc395cf9a645b06e145e10c51103286d3b65719705d7c8937,1.0161518875659794,1.012300991097958,True,32.06812824930996,32.068128172259776,1,0.03932499408285367,41208.06377156463,35820.61823005043
61927.06486025602,77408.83107532002,0,G0,0.38931815028849515,0.013146676106608702,['90016100'],1,0.08501770497767856,0.8,B080,True,-2.9103830456733704e-11,61927.06486025605,1.0000000000000004,eb6b346748dcc77fdd66eecddb01b15dd96960f1f37991d3e761616048d5b584,235.94476759565845,210628,CERTIFIED_PRB_EXACT,4,['9624708'],9,RENAULT_EMPIRICAL_8CASE_V1,True,E6_BUDGET_RISK_INTERACTION_V1,1896.708,True,25cf7a38ce49c8380c51830a8fbbb92bad000e4b90c568576a3d0be44f2b7677,59216.22179630531,0.9562252293069603,3,0.05,631592.7421317456,0bcdd7bb99926ed780c56764c531b76971dbb0bf24e77198766a754d9dde95ff,3,True,0.0,c4f718f6a12deb22772cdce20464ca617fa6e19c750a90be06cd2ddc8c245173,631592.7421317456,[],eab5ea31c6dbbc6446799f28bb6b54673eb7b57690cd4540f8a49b4a53757b6f,814.1350639507351,0.013146676106608702,0.0,"{'economic_band_tolerance': 1e-07, 'fallback_used': False, 'original_status': 2, 'original_status_name': 'OPTIMAL'}",,False,569665.6772714895,E6-210628-B080-G0,0.05304729985073209,352798.52377532783,216003.2432049589,gurobi-balanced-1e-8-v1,OPTIMAL,32,3373.59089358805,863.9102913027008,631592.7421317454,7514da694ef80b8a5053329b2a2c9619090e768884c0555d19a67f9e284b589e,1896.708,59216.22179630531,235.94476759565845,814.1350639507351,61927.06486025605,235.94476759565845,0.38931815028849515,0.013146676106608702,0.8704449086712992,2,90016100|9624708,1,90016100,,9624708,True,2,1,90016100,True,PASS,True,True,a68c6328865aba42bfa6325e6c9c5baf05e316522e0934fbf179edb65f296787,d2b2245cd401710c3776769866a1826571b8c90952df6c2fa00924dae7f36e9c,0.9333411565572474,0.9505644516388867,False,0.0,0.0,0,0.0,0.0,0.0
61927.06486025602,77408.83107532002,2,G2,0.3893181502885004,0.013146676106608642,['90016100'],1,0.08546868080555299,0.8,B080,True,-8.731149137020111e-11,61927.064860256105,1.0000000000000013,eb6b346748dcc77fdd66eecddb01b15dd96960f1f37991d3e761616048d5b584,235.94476759566166,210628,CERTIFIED_PRB_EXACT,4,['9624708'],26,RENAULT_EMPIRICAL_8CASE_V1,True,E6_BUDGET_RISK_INTERACTION_V1,1896.708,,25cf7a38ce49c8380c51830a8fbbb92bad000e4b90c568576a3d0be44f2b7677,59216.22179630538,0.9562252293069613,3,0.05,,0bcdd7bb99926ed780c56764c531b76971dbb0bf24e77198766a754d9dde95ff,3,True,0.0,c4f718f6a12deb22772cdce20464ca617fa6e19c750a90be06cd2ddc8c245173,682892.3111317453,[],eab5ea31c6dbbc6446799f28bb6b54673eb7b57690cd4540f8a49b4a53757b6f,814.1350639507314,0.013146676106608642,,,E3-210628-B080,True,620965.2462714892,E6-210628-B080-G2,1.2240196000784636,384848.7287019326,235252.61522349788,gurobi-balanced-1e-8-v1,OPTIMAL,96,3443.0832291580555,863.9023460587487,,7514da694ef80b8a5053329b2a2c9619090e768884c0555d19a67f9e284b589e,1896.708,59216.22179630538,235.94476759566166,814.1350639507314,61927.064860256105,235.94476759566166,0.3893181502885004,0.013146676106608642,0.8704449086713123,2,90016100|9624708,1,90016100,,9624708,True,2,1,90016100,True,SOURCE_SCHEMA_FIELD_UNAVAILABLE_NOT_FAILURE,True,True,a68c6328865aba42bfa6325e6c9c5baf05e316522e0934fbf179edb65f296787,d12da69f579e699d9d352b7cc021d552566aeaf81f8bd768141c70b575aef5db,1.0091494992873173,1.0361647407582124,False,8.55448340030668e-12,5.8828427138487026e-12,0,5.2735593669694936e-15,51299.568999999785,51299.56899999967
61927.06486025602,77408.83107532002,4,G4,0.38931815028849953,0.013146676106608553,['90016100'],1,0.08546867512944674,0.8,B080,True,-2.255546860396862e-10,61927.06486025624,1.0000000000000036,eb6b346748dcc77fdd66eecddb01b15dd96960f1f37991d3e761616048d5b584,235.94476759566112,210628,CERTIFIED_PRB_EXACT,4,['9624708'],44,RENAULT_EMPIRICAL_8CASE_V1,True,E6_BUDGET_RISK_INTERACTION_V1,1896.708,True,25cf7a38ce49c8380c51830a8fbbb92bad000e4b90c568576a3d0be44f2b7677,59216.221796305515,0.9562252293069635,3,0.05,714620.1611317452,0bcdd7bb99926ed780c56764c531b76971dbb0bf24e77198766a754d9dde95ff,3,True,1.2212453270876722e-15,c4f718f6a12deb22772cdce20464ca617fa6e19c750a90be06cd2ddc8c245173,714620.1611317453,[],eab5ea31c6dbbc6446799f28bb6b54673eb7b57690cd4540f8a49b4a53757b6f,814.1350639507259,0.013146676106608553,0.0,"{'Gamma_feasible': True, 'barrier_iterations': 38, 'block_count': 6352, 'bound_violation': 0.0, 'certified_robust_recourse': 652693.096271489, 'certified_robust_recourse_target': 652693.096271489, 'constraint_count': 184208, 'constraint_violation': 0.005427300387964351, 'dual_violation': 0.0, 'economic_band_tolerance': 1e-07, 'fallback_bound_violation': 6.012770528387692e-12, 'fallback_constraint_violation': 0.0, 'fallback_maximum_absolute_block_recourse_deviation': 1.0001531336456537e-07, 'fallback_rule': 'minimize each block total shortage, then minimize region-order-weighted shortage', 'fallback_runtime_seconds': 18.57800006866455, 'fallback_status': 2, 'fallback_status_name': 'OPTIMAL', 'fallback_used': True, 'is_mip': False, 'kappa': None, 'matrix_coefficient_max': 512.45, 'matrix_coefficient_min': 0.06999276018099547, 'maximum_absolute_block_recourse_deviation': 0.0054274003887258004, 'maximum_block_recourse_target': 313331.061, 'minimum_block_recourse_target': 10948.64, 'mip_gap': None, 'node_count': 0.0, 'objective_bound': 312267028.3467202, 'objective_coefficient_max': 0.0, 'objective_coefficient_min': 0.0, 'objective_value': 312255125.8588392, 'original_status': 13, 'original_status_name': 'SUBOPTIMAL', 'original_suboptimal_incumbent_preserved_primary_recourse': False, 'parameters': {'FeasibilityTol': 1e-08, 'Method': -1, 'NumericFocus': 0, 'OptimalityTol': 1e-08}, 'primary_economic_recourse_preserved': True, 'quadratic_nonzeros': 76224, 'runtime_seconds': 0.6180000305175781, 'secondary_objective': 'minimize sum of squared shortage quantities across all product-risk blocks', 'selected_Gamma_allocation_count': 4, 'selected_worst_recourse_shock_set': [['2', 'SLI---0770'], ['2', 'SLI---1200'], ['7', 'SLI---0770'], ['7', 'SLI---1200']], 'simplex_iterations': 0.0, 'solution_count': 1, 'sum_of_fixed_block_recourse_targets': 521924564.09000534, 'tied_Gamma_allocation_count': 1, 'tied_worst_scenario_count': 1, 'variable_count': 1225936}",,False,652693.096271489,E6-210628-B080-G4,9.86773549998179,404671.1940864833,247157.9998388475,gurobi-balanced-1e-8-v1,OPTIMAL,160,3502.313998388479,863.9023462581682,714620.1611317449,7514da694ef80b8a5053329b2a2c9619090e768884c0555d19a67f9e284b589e,1896.708,59216.221796305515,235.9447675956611,814.1350639507259,61927.06486025624,235.94476759566112,0.38931815028849953,0.013146676106608553,0.870444908671315,2,90016100|9624708,1,90016100,,9624708,True,2,1,90016100,True,PASS,True,True,a68c6328865aba42bfa6325e6c9c5baf05e316522e0934fbf179edb65f296787,d12da69f579e699d9d352b7cc021d552566aeaf81f8bd768141c70b575aef5db,1.0560355798874927,1.0891069620297906,False,9.593905916618597e-12,6.012770528387692e-12,0,4.385380947269368e-15,83027.41899999976,83027.41899999953
77408.83107532002,77408.83107532002,0,G0,6.755346353786714e-11,0.0,"['90016100', '9624708']",2,0.14358015428821916,1.0,B100,True,-1.4551915228366852e-11,77408.83107532003,1.0000000000000002,eb6b346748dcc77fdd66eecddb01b15dd96960f1f37991d3e761616048d5b584,4.0940516754517375e-08,210628,CERTIFIED_PRB_EXACT,0,[],14,RENAULT_EMPIRICAL_8CASE_V1,True,E6_BUDGET_RISK_INTERACTION_V1,1909.9080000000001,True,25cf7a38ce49c8380c51830a8fbbb92bad000e4b90c568576a3d0be44f2b7677,75498.92307532004,0.9753270011513078,5,0.05,625401.2683030788,0bcdd7bb99926ed780c56764c531b76971dbb0bf24e77198766a754d9dde95ff,5,False,0.0,c4f718f6a12deb22772cdce20464ca617fa6e19c750a90be06cd2ddc8c245173,625401.2683030788,[],eab5ea31c6dbbc6446799f28bb6b54673eb7b57690cd4540f8a49b4a53757b6f,0.0,0.0,0.0,,E4-210628-G0,True,547992.4372277588,E6-210628-B100-G0,0.08916809991933405,337744.7376923077,207866.06153846098,gurobi-balanced-1e-8-v1,OPTIMAL,48,3137.6461538461467,2381.637995459684,625401.2683030788,7514da694ef80b8a5053329b2a2c9619090e768884c0555d19a67f9e284b589e,1909.9080000000001,75498.92307532004,0.0,0.0,77408.83107532003,4.0940516754517375e-08,6.755346353786714e-11,0.0,0.46177153909614865,2,90016100|9624708,2,90016100|9624708,,,False,2,2,90016100|9624708,False,PASS,True,True,b35ff09c37ac189b81f5ebfd8275942f1d9022b95ef19528c6a415587b7acefd,ccc477a89dd14d0a0158f937c50b6f50ddfb2c56653aca90e68d7bbfc2aa3da2,0.9241916572698785,0.9143997108806183,False,0.0,0.0,0,0.0,0.0,0.0
77408.83107532002,77408.83107532002,2,G2,3.02145370170305e-11,4.2570547099694265e-13,"['90016100', '9624708']",2,0.14358015430158724,1.0,B100,True,-1.3387762010097504e-09,77408.83107532136,1.0000000000000173,eb6b346748dcc77fdd66eecddb01b15dd96960f1f37991d3e761616048d5b584,1.83114039487009e-08,210628,CERTIFIED_PRB_EXACT,0,[],34,RENAULT_EMPIRICAL_8CASE_V1,True,E6_BUDGET_RISK_INTERACTION_V1,1909.9080000000001,,25cf7a38ce49c8380c51830a8fbbb92bad000e4b90c568576a3d0be44f2b7677,75498.9230752884,0.9753270011508991,5,0.05,,0bcdd7bb99926ed780c56764c531b76971dbb0bf24e77198766a754d9dde95ff,5,False,0.0,c4f718f6a12deb22772cdce20464ca617fa6e19c750a90be06cd2ddc8c245173,676700.8373031134,[],eab5ea31c6dbbc6446799f28bb6b54673eb7b57690cd4540f8a49b4a53757b6f,3.295336289224188e-08,4.2570547099694265e-13,,,E3-210628-B100,True,599292.0062277921,E6-210628-B100-G2,1.2426573000848293,369794.9374615385,227115.4307692308,gurobi-balanced-1e-8-v1,OPTIMAL,144,3207.1384615384613,2381.63799702283,,7514da694ef80b8a5053329b2a2c9619090e768884c0555d19a67f9e284b589e,1909.9080000000001,75498.9230752884,1.098445429741396e-08,3.295336289224188e-08,77408.83107532136,1.83114039487009e-08,3.02145370170305e-11,4.2570547099694265e-13,0.5998693881225454,2,90016100|9624708,2,90016100|9624708,,,False,2,2,90016100|9624708,False,SOURCE_SCHEMA_FIELD_UNAVAILABLE_NOT_FAILURE,True,True,1560f23e35402c4201e814e0c0f9e3ab6c0c6053337df411c5b685b647c708e6,7a6b91f10fae40d0e6aab167ebbf287cd97e9f84be23cca16df2d583bbd0fe29,1.0,1.0,False,4.5477985821662514e-08,1.7026785315010784e-08,0,-3.733892652083664e-11,51299.56900003459,51299.56900003331
77408.83107532002,77408.83107532002,4,G4,3.21972926956679e-11,4.489841057469114e-13,"['90016100', '9624708']",2,0.14358014852416257,1.0,B100,True,-3.128661774098873e-09,77408.83107532315,1.0000000000000404,eb6b346748dcc77fdd66eecddb01b15dd96960f1f37991d3e761616048d5b584,1.951304540170895e-08,210628,CERTIFIED_PRB_EXACT,0,[],62,RENAULT_EMPIRICAL_8CASE_V1,True,E6_BUDGET_RISK_INTERACTION_V1,1909.9080000000001,True,25cf7a38ce49c8380c51830a8fbbb92bad000e4b90c568576a3d0be44f2b7677,75498.9230752884,0.9753270011508991,5,0.05,708428.6873031153,0bcdd7bb99926ed780c56764c531b76971dbb0bf24e77198766a754d9dde95ff,5,False,0.0,c4f718f6a12deb22772cdce20464ca617fa6e19c750a90be06cd2ddc8c245173,708428.6873031154,[],eab5ea31c6dbbc6446799f28bb6b54673eb7b57690cd4540f8a49b4a53757b6f,3.4755334797266284e-08,4.489841057469114e-13,1.6432892105218233e-16,"{'Gamma_feasible': True, 'barrier_iterations': 38, 'block_count': 6352, 'bound_violation': 0.0, 'certified_robust_recourse': 631019.8562277922, 'constraint_count': 184208, 'constraint_violation': 0.004116335796425119, 'dual_violation': 0.0, 'economic_band_tolerance': 1e-07, 'fallback_bound_violation': 0.0, 'fallback_constraint_violation': 1.3500311979441904e-13, 'fallback_maximum_absolute_block_recourse_deviation': 1.0000803740695119e-07, 'fallback_rule': 'minimize each block total shortage, then minimize region-order-weighted shortage', 'fallback_runtime_seconds': 18.949000120162964, 'fallback_status': 2, 'fallback_status_name': 'OPTIMAL', 'fallback_used': True, 'is_mip': False, 'kappa': None, 'matrix_coefficient_max': 512.45, 'matrix_coefficient_min': 0.06999276018099547, 'maximum_absolute_block_recourse_deviation': 0.004116435797186568, 'maximum_block_recourse_target': 313331.061, 'minimum_block_recourse_target': 2073.192920850571, 'mip_gap': None, 'node_count': 0.0, 'objective_bound': 298396609.087596, 'objective_coefficient_max': 0.0, 'objective_coefficient_min': 0.0, 'objective_value': 298396086.55992794, 'original_status': 13, 'original_status_name': 'SUBOPTIMAL', 'original_suboptimal_incumbent_preserved_primary_recourse': False, 'parameters': {'FeasibilityTol': 1e-08, 'Method': -1, 'NumericFocus': 0, 'OptimalityTol': 1e-08}, 'primary_economic_recourse_preserved': True, 'quadratic_nonzeros': 76224, 'runtime_seconds': 0.9539999961853027, 'secondary_objective': 'minimize sum of squared shortage quantities across all product-risk blocks', 'selected_Gamma_allocation_count': 4, 'selected_worst_recourse_shock_set': [['2', 'SLI---0770'], ['2', 'SLI---1200'], ['7', 'SLI---0770'], ['7', 'SLI---1200']], 'simplex_iterations': 0.0, 'solution_count': 1, 'sum_of_fixed_block_recourse_targets': 504521906.24611366, 'variable_count': 1225936}",E4-210628-G4,True,631019.8562277922,E6-210628-B100-G4,12.450714999809861,389617.4028475652,239020.81538537826,gurobi-balanced-1e-8-v1,OPTIMAL,240,3266.369230796475,2381.6379950487053,708428.6873031154,7514da694ef80b8a5053329b2a2c9619090e768884c0555d19a67f9e284b589e,1909.9080000000001,75498.9230752884,1.1585111599088761e-08,3.4755334797266284e-08,77408.83107532315,1.951304540170895e-08,3.21972926956679e-11,4.489841057469114e-13,0.5937112762756912,2,90016100|9624708,2,90016100|9624708,,,False,2,2,90016100|9624708,False,PASS,True,True,c428df6f9c9f33d69263e0fe7c7fdeb8dbf8cc66e430fbcfe7cda2eacb3865c1,064da265742783e412a6ccadbe5be4e019a233ccf80f393b6c81d36cabab5c8d,1.0468860806001783,1.0529422212715787,False,5.0436387510899294e-08,1.890516543312515e-08,0,-3.535617084219924e-11,83027.41900003655,83027.4190000334
92890.59729038403,77408.83107532002,0,G0,3.8919921986261176e-11,0.0,"['90016100', '9624708']",2,0.14358015430109672,1.2,B120,False,15481.766213460956,77408.83107692307,0.8333333333505907,eb6b346748dcc77fdd66eecddb01b15dd96960f1f37991d3e761616048d5b584,2.3587269026847935e-08,210628,CERTIFIED_PRB_EXACT,0,[],13,RENAULT_EMPIRICAL_8CASE_V1,True,E6_BUDGET_RISK_INTERACTION_V1,1909.9080000000001,True,25cf7a38ce49c8380c51830a8fbbb92bad000e4b90c568576a3d0be44f2b7677,75498.92307692308,0.8127725009766804,5,0.05,625401.2683030176,0bcdd7bb99926ed780c56764c531b76971dbb0bf24e77198766a754d9dde95ff,5,False,0.0,c4f718f6a12deb22772cdce20464ca617fa6e19c750a90be06cd2ddc8c245173,625401.2683030176,[],eab5ea31c6dbbc6446799f28bb6b54673eb7b57690cd4540f8a49b4a53757b6f,0.0,0.0,0.0,"{'economic_band_tolerance': 1e-07, 'fallback_used': False, 'original_status': 2, 'original_status_name': 'OPTIMAL'}",,False,547992.4372260945,E6-210628-B120-G0,0.1053297002799809,337744.7376923077,207866.06153846148,gurobi-balanced-1e-8-v1,OPTIMAL,48,3137.646153846153,2381.6379954032354,625401.2683030176,7514da694ef80b8a5053329b2a2c9619090e768884c0555d19a67f9e284b589e,1909.9080000000001,75498.92307692308,0.0,0.0,77408.83107692307,2.3587269026847935e-08,3.8919921986261176e-11,0.0,0.663887025385188,2,90016100|9624708,2,90016100|9624708,,,False,2,2,90016100|9624708,False,PASS,True,True,7a4bc3644d54d6d9393f98b7a674246c624580b78b16c888c19a3120e2fec21c,7b6e1b89a45f9bf606c5644eb9c78c71e208148d8392ce1f19b8db8c43db70f4,0.924191657269788,0.9143997108778412,False,0.0,0.0,0,0.0,0.0,0.0
92890.59729038403,77408.83107532002,2,G2,3.891982819238343e-11,0.0,"['90016100', '9624708']",2,0.14358015430158733,1.2,B120,False,15481.76621346097,77408.83107692306,0.8333333333505906,eb6b346748dcc77fdd66eecddb01b15dd96960f1f37991d3e761616048d5b584,2.3587212183429074e-08,210628,CERTIFIED_PRB_EXACT,0,[],32,RENAULT_EMPIRICAL_8CASE_V1,True,E6_BUDGET_RISK_INTERACTION_V1,1909.9080000000001,,25cf7a38ce49c8380c51830a8fbbb92bad000e4b90c568576a3d0be44f2b7677,75498.92307692306,0.8127725009766802,5,0.05,,0bcdd7bb99926ed780c56764c531b76971dbb0bf24e77198766a754d9dde95ff,5,False,0.0,c4f718f6a12deb22772cdce20464ca617fa6e19c750a90be06cd2ddc8c245173,676700.8373030176,[],eab5ea31c6dbbc6446799f28bb6b54673eb7b57690cd4540f8a49b4a53757b6f,0.0,0.0,,,E3-210628-B120,True,599292.0062260946,E6-210628-B120-G2,1.3807689999230206,369794.9374615385,227115.4307692308,gurobi-balanced-1e-8-v1,OPTIMAL,144,3207.1384615384613,2381.6379953252617,,7514da694ef80b8a5053329b2a2c9619090e768884c0555d19a67f9e284b589e,1909.9080000000001,75498.92307692306,0.0,0.0,77408.83107692306,2.3587212183429074e-08,3.891982819238343e-11,0.0,0.6638886253033117,2,90016100|9624708,2,90016100|9624708,,,False,2,2,90016100|9624708,False,SOURCE_SCHEMA_FIELD_UNAVAILABLE_NOT_FAILURE,True,True,7a4bc3644d54d6d9393f98b7a674246c624580b78b16c888c19a3120e2fec21c,7b6e1b89a45f9bf606c5644eb9c78c71e208148d8392ce1f19b8db8c43db70f4,0.9999999999998584,0.9999999999971674,False,5.684341886080802e-14,5.684341886080802e-14,0,-9.37938777479295e-17,51299.56900000002,51299.56900000002
92890.59729038403,77408.83107532002,4,G4,3.891982819238343e-11,0.0,"['90016100', '9624708']",2,0.14358014852681977,1.2,B120,False,15481.76621346097,77408.83107692306,0.8333333333505906,eb6b346748dcc77fdd66eecddb01b15dd96960f1f37991d3e761616048d5b584,2.3587212183429074e-08,210628,CERTIFIED_PRB_EXACT,0,[],58,RENAULT_EMPIRICAL_8CASE_V1,True,E6_BUDGET_RISK_INTERACTION_V1,1909.9080000000001,True,25cf7a38ce49c8380c51830a8fbbb92bad000e4b90c568576a3d0be44f2b7677,75498.92307692306,0.8127725009766802,5,0.05,708428.6873030176,0bcdd7bb99926ed780c56764c531b76971dbb0bf24e77198766a754d9dde95ff,5,False,0.0,c4f718f6a12deb22772cdce20464ca617fa6e19c750a90be06cd2ddc8c245173,708428.6873030177,[],eab5ea31c6dbbc6446799f28bb6b54673eb7b57690cd4540f8a49b4a53757b6f,0.0,0.0,1.6432892105220498e-16,"{'Gamma_feasible': True, 'barrier_iterations': 38, 'block_count': 6352, 'bound_violation': 0.0, 'certified_robust_recourse': 631019.8562260946, 'certified_robust_recourse_target': 631019.8562260946, 'constraint_count': 184208, 'constraint_violation': 0.004175862930424046, 'dual_violation': 0.0, 'economic_band_tolerance': 1e-07, 'fallback_bound_violation': 0.0, 'fallback_constraint_violation': 1.3500311979441904e-13, 'fallback_maximum_absolute_block_recourse_deviation': 1.0000803740695119e-07, 'fallback_rule': 'minimize each block total shortage, then minimize region-order-weighted shortage', 'fallback_runtime_seconds': 16.343000173568726, 'fallback_status': 2, 'fallback_status_name': 'OPTIMAL', 'fallback_used': True, 'is_mip': False, 'kappa': None, 'matrix_coefficient_max': 512.45, 'matrix_coefficient_min': 0.06999276018099547, 'maximum_absolute_block_recourse_deviation': 0.004175962931185495, 'maximum_block_recourse_target': 313331.061, 'minimum_block_recourse_target': 2073.1929191530426, 'mip_gap': None, 'node_count': 0.0, 'objective_bound': 298400042.08830553, 'objective_coefficient_max': 0.0, 'objective_coefficient_min': 0.0, 'objective_value': 298396085.3839598, 'original_status': 13, 'original_status_name': 'SUBOPTIMAL', 'original_suboptimal_incumbent_preserved_primary_recourse': False, 'parameters': {'FeasibilityTol': 1e-08, 'Method': -1, 'NumericFocus': 0, 'OptimalityTol': 1e-08}, 'primary_economic_recourse_preserved': True, 'quadratic_nonzeros': 76224, 'runtime_seconds': 0.8680000305175781, 'secondary_objective': 'minimize sum of squared shortage quantities across all product-risk blocks', 'selected_Gamma_allocation_count': 4, 'selected_worst_recourse_shock_set': [['2', 'SLI---0770'], ['2', 'SLI---1200'], ['7', 'SLI---0770'], ['7', 'SLI---1200']], 'simplex_iterations': 0.0, 'solution_count': 1, 'sum_of_fixed_block_recourse_targets': 504521906.2446359, 'tied_Gamma_allocation_count': 1, 'tied_worst_scenario_count': 1, 'variable_count': 1225936}",,False,631019.8562260946,E6-210628-B120-G4,11.84493330027908,389617.4028461539,239020.81538461542,gurobi-balanced-1e-8-v1,OPTIMAL,240,3266.369230769231,2381.6379955252787,708428.6873030177,7514da694ef80b8a5053329b2a2c9619090e768884c0555d19a67f9e284b589e,1909.9080000000001,75498.92307692306,0.0,0.0,77408.83107692306,2.3587212183429074e-08,3.891982819238343e-11,0.0,0.6638886253033117,2,90016100|9624708,2,90016100|9624708,,,False,2,2,90016100|9624708,False,PASS,True,True,7a4bc3644d54d6d9393f98b7a674246c624580b78b16c888c19a3120e2fec21c,7b6e1b89a45f9bf606c5644eb9c78c71e208148d8392ce1f19b8db8c43db70f4,1.046886080600034,1.052942221268746,False,5.684341886080802e-14,5.684341886080802e-14,0,-9.37938777479295e-17,83027.41900000011,83027.41900000011
72248.88959924669,90311.11199905835,0,G0,0.3515237908247435,0.013157894736842124,"['90016100', '9624708']",2,0.09900542125902385,0.8,B080,True,1.4551915228366852e-11,72248.88959924667,0.9999999999999998,d8fc1abd48548c153081e3e99696fc041eaf81cc81e06ca06a6f369d5a61d753,238.64291051381153,210129,CERTIFIED_PRB_EXACT,3,[],9,RENAULT_EMPIRICAL_8CASE_V1,True,E6_BUDGET_RISK_INTERACTION_V1,860.1120000000001,True,edf794ef39b51c9a84ccdd6e03301e30a24236dee645722a27ff36668e5941d3,70438.13431504606,0.9749372579392624,3,0.05,835850.7337269521,0bcdd7bb99926ed780c56764c531b76971dbb0bf24e77198766a754d9dde95ff,3,True,0.0,c4f718f6a12deb22772cdce20464ca617fa6e19c750a90be06cd2ddc8c245173,835850.733726952,[],eab5ea31c6dbbc6446799f28bb6b54673eb7b57690cd4540f8a49b4a53757b6f,950.6432842006157,0.013157894736842124,0.0,"{'economic_band_tolerance': 1e-07, 'fallback_used': False, 'original_status': 2, 'original_status_name': 'OPTIMAL'}",,False,763601.8441277053,E6-210129-B080-G0,0.061376099940389395,473538.07782325393,289298.7910531174,gurobi-balanced-1e-8-v1,OPTIMAL,32,4062.636660531174,764.9752513847257,835850.733726952,ebd9b18371804f725a775db4eb4cacad84398b0c4c48e945aa039d425ea71288,860.1120000000001,70438.13431504606,238.64291051381153,950.6432842006157,72248.88959924667,238.64291051381153,0.3515237908247435,0.013157894736842124,0.7968893735606078,2,90016100|9624708,2,90016100|9624708,,,False,2,2,90016100|9624708,False,PASS,True,True,78c3f03626b2f6e9fb85b6c9e407cbedefa9a664131b4b7a309634af9ea406a5,cb177d72f1869b4137b49ff5134caec8b7b9ae906b480a9f001f51ad569f5956,0.9818979987085817,1.0034860520490745,False,0.0,0.0,0,0.0,0.0,0.0
72248.88959924669,90311.11199905835,2,G2,0.3515237908247434,0.013157894736842118,"['90016100', '9624708']",2,0.09900542125923541,0.8,B080,True,1.4551915228366852e-11,72248.88959924667,0.9999999999999998,d8fc1abd48548c153081e3e99696fc041eaf81cc81e06ca06a6f369d5a61d753,238.64291051381147,210129,CERTIFIED_PRB_EXACT,3,[],25,RENAULT_EMPIRICAL_8CASE_V1,True,E6_BUDGET_RISK_INTERACTION_V1,860.1120000000001,,edf794ef39b51c9a84ccdd6e03301e30a24236dee645722a27ff36668e5941d3,70438.13431504606,0.9749372579392624,3,0.05,,0bcdd7bb99926ed780c56764c531b76971dbb0bf24e77198766a754d9dde95ff,3,True,0.0,c4f718f6a12deb22772cdce20464ca617fa6e19c750a90be06cd2ddc8c245173,861628.5253965204,[],eab5ea31c6dbbc6446799f28bb6b54673eb7b57690cd4540f8a49b4a53757b6f,950.6432842006152,0.013157894736842118,,,E3-210129-B080,True,789379.6357972737,E6-210129-B080-G2,1.0679373999591917,489775.4700107928,299050.9785531295,gurobi-balanced-1e-8-v1,OPTIMAL,96,4131.949160531294,553.187233351462,,ebd9b18371804f725a775db4eb4cacad84398b0c4c48e945aa039d425ea71288,860.1120000000001,70438.13431504606,238.64291051381147,950.6432842006152,72248.88959924667,238.64291051381147,0.3515237908247434,0.013157894736842118,0.7968893735606081,2,90016100|9624708,2,90016100|9624708,,,False,2,2,90016100|9624708,False,SOURCE_SCHEMA_FIELD_UNAVAILABLE_NOT_FAILURE,True,True,78c3f03626b2f6e9fb85b6c9e407cbedefa9a664131b4b7a309634af9ea406a5,cb177d72f1869b4137b49ff5134caec8b7b9ae906b480a9f001f51ad569f5956,1.0121799151203994,1.0373618927008061,False,5.684341886080802e-14,5.684341886080802e-14,0,-1.1102230246251565e-16,25777.791669568396,25777.791669568396
72248.88959924669,90311.11199905835,4,G4,0.3515237908247435,0.013157894736842124,"['90016100', '9624708']",2,0.09900542125924096,0.8,B080,True,1.4551915228366852e-11,72248.88959924667,0.9999999999999998,d8fc1abd48548c153081e3e99696fc041eaf81cc81e06ca06a6f369d5a61d753,238.64291051381153,210129,CERTIFIED_PRB_EXACT,3,[],42,RENAULT_EMPIRICAL_8CASE_V1,True,E6_BUDGET_RISK_INTERACTION_V1,860.1120000000001,True,edf794ef39b51c9a84ccdd6e03301e30a24236dee645722a27ff36668e5941d3,70438.13431504606,0.9749372579392624,3,0.05,883289.4788340207,0bcdd7bb99926ed780c56764c531b76971dbb0bf24e77198766a754d9dde95ff,3,True,0.0,c4f718f6a12deb22772cdce20464ca617fa6e19c750a90be06cd2ddc8c245173,883289.4788340204,[],eab5ea31c6dbbc6446799f28bb6b54673eb7b57690cd4540f8a49b4a53757b6f,950.6432842006157,0.013157894736842124,0.0,"{'economic_band_tolerance': 1e-07, 'fallback_used': False, 'original_status': 2, 'original_status_name': 'OPTIMAL'}",,False,811040.5892347738,E6-210129-B080-G4,9.242235799785703,503308.48594829824,307178.91605313413,gurobi-balanced-1e-8-v1,OPTIMAL,160,4172.3866605313415,553.1872334501511,883289.4788340204,ebd9b18371804f725a775db4eb4cacad84398b0c4c48e945aa039d425ea71288,860.1120000000001,70438.13431504606,238.64291051381153,950.6432842006157,72248.88959924667,238.64291051381153,0.3515237908247435,0.013157894736842124,0.7968893735606078,2,90016100|9624708,2,90016100|9624708,,,False,2,2,90016100|9624708,False,PASS,True,True,78c3f03626b2f6e9fb85b6c9e407cbedefa9a664131b4b7a309634af9ea406a5,cb177d72f1869b4137b49ff5134caec8b7b9ae906b480a9f001f51ad569f5956,1.0376256627547478,1.0658275974601317,False,0.0,0.0,0,0.0,47438.74510706845,47438.74510706845
90311.11199905835,90311.11199905835,0,G0,4.556324793498921e-12,7.371969596088943e-14,"['90016100', '9624708']",2,0.14742642735621023,1.0,B100,True,1.4551915228366852e-11,90311.11199905834,0.9999999999999999,d8fc1abd48548c153081e3e99696fc041eaf81cc81e06ca06a6f369d5a61d753,3.093203471138395e-09,210129,CERTIFIED_PRB_EXACT,0,[],13,RENAULT_EMPIRICAL_8CASE_V1,True,E6_BUDGET_RISK_INTERACTION_V1,860.1120000000001,True,edf794ef39b51c9a84ccdd6e03301e30a24236dee645722a27ff36668e5941d3,89450.99999905168,0.9904761221408098,5,0.05,826685.3068311454,0bcdd7bb99926ed780c56764c531b76971dbb0bf24e77198766a754d9dde95ff,5,False,3.4416913763379853e-15,c4f718f6a12deb22772cdce20464ca617fa6e19c750a90be06cd2ddc8c245173,826685.3068311452,[],eab5ea31c6dbbc6446799f28bb6b54673eb7b57690cd4540f8a49b4a53757b6f,6.657707718460415e-09,7.371969596088943e-14,0.0,"{'economic_band_tolerance': 1e-07, 'fallback_used': False, 'original_status': 2, 'original_status_name': 'OPTIMAL'}",E4-210129-G0,True,736374.1948320869,E6-210129-B100-G0,0.08878529979847372,454923.5793750001,279236.89999999997,gurobi-balanced-1e-8-v1,OPTIMAL,48,3823.993749999999,2213.7154562727237,826685.3068311452,ebd9b18371804f725a775db4eb4cacad84398b0c4c48e945aa039d425ea71288,860.1120000000001,89450.99999905168,2.2192359061534717e-09,6.657707718460415e-09,90311.11199905834,3.093203471138395e-09,4.556324793498921e-12,7.371969596088943e-14,0.7174555204209453,2,90016100|9624708,2,90016100|9624708,,,False,2,2,90016100|9624708,False,PASS,True,True,49c783c128532dfe0e50fe095b13c080af6b1733b537541719e78f116e7bae38,2d8e49faa7379213a2a45c8d7c891b971f9a70987738f30f3976a9d0ffbe1827,0.9711311070098991,0.9677048834880574,False,0.0,0.0,0,0.0,0.0,0.0
90311.11199905835,90311.11199905835,2,G2,0.08565494889792966,0.0027472222773218145,"['90016100', '9624708']",2,0.13510097109495198,1.0,B100,True,2.9103830456733704e-11,90311.11199905832,0.9999999999999997,d8fc1abd48548c153081e3e99696fc041eaf81cc81e06ca06a6f369d5a61d753,58.14953877504357,210129,CERTIFIED_PRB_EXACT,3,[],31,RENAULT_EMPIRICAL_8CASE_V1,True,E6_BUDGET_RISK_INTERACTION_V1,860.1120000000001,,edf794ef39b51c9a84ccdd6e03301e30a24236dee645722a27ff36668e5941d3,89202.89530028481,0.9877288998635617,4,0.05,,0bcdd7bb99926ed780c56764c531b76971dbb0bf24e77198766a754d9dde95ff,4,True,8.881784197001252e-16,c4f718f6a12deb22772cdce20464ca617fa6e19c750a90be06cd2ddc8c245173,851260.2478325499,[],eab5ea31c6dbbc6446799f28bb6b54673eb7b57690cd4540f8a49b4a53757b6f,248.10469877351852,0.0027472222773218145,,,E3-210129-B100,True,760949.1358334916,E6-210129-B100-G2,1.1686394000425935,471530.151595398,287602.61637560074,gurobi-balanced-1e-8-v1,OPTIMAL,120,3889.555855815645,1816.3678624927998,,ebd9b18371804f725a775db4eb4cacad84398b0c4c48e945aa039d425ea71288,860.1120000000001,89202.89530028481,58.14953877504357,248.10469877351852,90311.11199905832,58.14953877504357,0.08565494889792966,0.0027472222773218145,0.7466666577596643,2,90016100|9624708,2,90016100|9624708,,,False,2,2,90016100|9624708,False,SOURCE_SCHEMA_FIELD_UNAVAILABLE_NOT_FAILURE,True,True,a93ec95c340a84f41ba26700ebad4312db18cc661dababa8fda5a80986b6fa54,f395029ae5c4d8b470133dc9164d142759feb0237ef441c74cc7f71c3df85ee3,1.0,1.0,True,58.14953877813677,43.418321767427784,3,0.08565494889337333,24574.94100140466,24574.94100140466
90311.11199905835,90311.11199905835,4,G4,0.1684365118122768,0.005402286073586705,"['90016100', '9624708']",2,0.12338646285301781,1.0,B100,True,4.3655745685100555e-11,90311.11199905831,0.9999999999999996,d8fc1abd48548c153081e3e99696fc041eaf81cc81e06ca06a6f369d5a61d753,114.34838968186945,210129,CERTIFIED_PRB_EXACT,4,[],52,RENAULT_EMPIRICAL_8CASE_V1,True,E6_BUDGET_RISK_INTERACTION_V1,860.1120000000001,True,edf794ef39b51c9a84ccdd6e03301e30a24236dee645722a27ff36668e5941d3,88963.11353641568,0.9850738360672967,4,0.05,872018.42486398,0bcdd7bb99926ed780c56764c531b76971dbb0bf24e77198766a754d9dde95ff,4,True,0.0,c4f718f6a12deb22772cdce20464ca617fa6e19c750a90be06cd2ddc8c245173,872018.4248639799,[],eab5ea31c6dbbc6446799f28bb6b54673eb7b57690cd4540f8a49b4a53757b6f,487.8864626426422,0.005402286073586705,0.0,"{'Gamma_feasible': True, 'barrier_iterations': 51, 'block_count': 6352, 'bound_violation': 0.0, 'certified_robust_recourse': 781707.3128649216, 'certified_robust_recourse_target': 781707.3128649216, 'constraint_count': 184208, 'constraint_violation': 0.0004378778176032938, 'dual_violation': 0.0, 'economic_band_tolerance': 1e-07, 'fallback_bound_violation': 0.0, 'fallback_constraint_violation': 0.0, 'fallback_maximum_absolute_block_recourse_deviation': 1.0000985639635473e-07, 'fallback_rule': 'minimize each block total shortage, then minimize region-order-weighted shortage', 'fallback_runtime_seconds': 18.395999908447266, 'fallback_status': 2, 'fallback_status_name': 'OPTIMAL', 'fallback_used': True, 'is_mip': False, 'kappa': None, 'matrix_coefficient_max': 512.45, 'matrix_coefficient_min': 0.4081169562896625, 'maximum_absolute_block_recourse_deviation': 0.00043797781836474314, 'maximum_block_recourse_target': 378380.364375, 'minimum_block_recourse_target': 3711.360844010447, 'mip_gap': None, 'node_count': 0.0, 'objective_bound': 400768780.3354731, 'objective_coefficient_max': 0.0, 'objective_coefficient_min': 0.0, 'objective_value': 400769490.2938874, 'original_status': 13, 'original_status_name': 'SUBOPTIMAL', 'original_suboptimal_incumbent_preserved_primary_recourse': False, 'parameters': {'FeasibilityTol': 1e-08, 'Method': -1, 'NumericFocus': 0, 'OptimalityTol': 1e-08}, 'primary_economic_recourse_preserved': True, 'quadratic_nonzeros': 76224, 'runtime_seconds': 0.8259999752044678, 'secondary_objective': 'minimize sum of squared shortage quantities across all product-risk blocks', 'selected_Gamma_allocation_count': 4, 'selected_worst_recourse_shock_set': [['2', 'SLI---0770'], ['2', 'SLI---1200'], ['5', 'CON-S-0130'], ['11', 'SLI---0770']], 'simplex_iterations': 0.0, 'solution_count': 1, 'sum_of_fixed_block_recourse_targets': 639114141.2771295, 'tied_Gamma_allocation_count': 2, 'tied_worst_scenario_count': 2, 'variable_count': 1225936}",E4-210129-G4,True,781707.3128649216,E6-210129-B100-G4,10.246090600034222,483757.55042153737,296610.84279542556,gurobi-balanced-1e-8-v1,OPTIMAL,200,3990.1556222602067,1338.919648158693,872018.4248639799,ebd9b18371804f725a775db4eb4cacad84398b0c4c48e945aa039d425ea71288,860.1120000000001,88963.11353641568,114.34838968186945,487.8864626426422,90311.11199905831,114.34838968186945,0.1684365118122768,0.005402286073586705,0.7333039903561849,2,90016100|9624708,2,90016100|9624708,,,False,2,2,90016100|9624708,False,PASS,True,True,9347fcf80915c6c5e26755f4e374474f7552f57660847b82b70c3b34b3e0e1fd,56f75b80a0b6e181ca5d7bed18ce7b8d006d6720427fc804e287cec53530ad6c,1.0243852301153307,1.0272793226957186,True,114.34838968496265,83.85213044451886,4,0.16843651180772048,45333.118032834725,45333.118032834725
108373.33439887002,90311.11199905835,0,G0,2.783792106688513e-11,4.91217986650036e-13,"['90016100', '9624708']",2,0.14742642735621533,1.2,B120,False,18062.222398816783,90311.11200005324,0.8333333333425135,d8fc1abd48548c153081e3e99696fc041eaf81cc81e06ca06a6f369d5a61d753,1.889864265081087e-08,210129,CERTIFIED_PRB_EXACT,0,[],13,RENAULT_EMPIRICAL_8CASE_V1,True,E6_BUDGET_RISK_INTERACTION_V1,860.1120000000001,True,edf794ef39b51c9a84ccdd6e03301e30a24236dee645722a27ff36668e5941d3,89451.00000000001,0.8253967684594256,5,0.05,826685.3068311005,0bcdd7bb99926ed780c56764c531b76971dbb0bf24e77198766a754d9dde95ff,5,False,3.219646771412954e-15,c4f718f6a12deb22772cdce20464ca617fa6e19c750a90be06cd2ddc8c245173,826685.3068311005,[],eab5ea31c6dbbc6446799f28bb6b54673eb7b57690cd4540f8a49b4a53757b6f,5.3234931129964025e-08,4.91217986650036e-13,0.0,"{'economic_band_tolerance': 1e-07, 'fallback_used': False, 'original_status': 2, 'original_status_name': 'OPTIMAL'}",,False,736374.1948310472,E6-210129-B120-G0,0.09716959996148944,454923.5793750001,279236.89999999997,gurobi-balanced-1e-8-v1,OPTIMAL,48,3823.9937499999987,2213.715456087383,826685.3068311005,ebd9b18371804f725a775db4eb4cacad84398b0c4c48e945aa039d425ea71288,860.1120000000001,89451.00000000001,1.774497704332134e-08,5.3234931129964025e-08,90311.11200005324,1.889864265081087e-08,2.783792106688513e-11,4.91217986650036e-13,0.9389551075807008,2,90016100|9624708,2,90016100|9624708,,,False,2,2,90016100|9624708,False,PASS,True,True,3f4ab24f89a8f743e4e7087ad3ce4f723a3e0e3c6208a0718c51aab3c4c0d49c,a3d046c0727ac08286b74bec9c955b26e914413358dcd6f06339235f3afe913f,0.9711311070098466,0.967704883486691,False,0.0,0.0,0,0.0,0.0,0.0
108373.33439887002,90311.11199905835,2,G2,0.021699253747359155,0.0010874421514398774,"['90016100', '9624708']",2,0.1488667457536507,1.2,B120,False,15587.378028464358,92785.95637040566,0.85616961852355,d8fc1abd48548c153081e3e99696fc041eaf81cc81e06ca06a6f369d5a61d753,14.73121650770221,210129,CERTIFIED_PRB_EXACT,1,[],37,RENAULT_EMPIRICAL_8CASE_V1,True,E6_BUDGET_RISK_INTERACTION_V1,860.1120000000001,,edf794ef39b51c9a84ccdd6e03301e30a24236dee645722a27ff36668e5941d3,91807.99463848825,0.8471456114895133,6,0.05,,0bcdd7bb99926ed780c56764c531b76971dbb0bf24e77198766a754d9dde95ff,6,True,1.4099832412739488e-14,c4f718f6a12deb22772cdce20464ca617fa6e19c750a90be06cd2ddc8c245173,850751.9629470824,[],eab5ea31c6dbbc6446799f28bb6b54673eb7b57690cd4540f8a49b4a53757b6f,117.8497319174205,0.0010874421514398774,,,E3-210129-B120,True,757966.0065766767,E6-210129-B120-G2,1.4792450999375433,469281.0825000001,286386.9033510433,gurobi-balanced-1e-8-v1,OPTIMAL,168,3846.137533510432,2298.020725633367,,ebd9b18371804f725a775db4eb4cacad84398b0c4c48e945aa039d425ea71288,860.1120000000001,91807.99463848825,14.73121648967756,117.8497319174205,92785.95637040566,14.73121650770221,0.021699253747359155,0.0010874421514398774,0.9999999950121089,2,90016100|9624708,2,90016100|9624708,,,False,2,2,90016100|9624708,False,SOURCE_SCHEMA_FIELD_UNAVAILABLE_NOT_FAILURE,True,True,22cda97e23fce07b48b67b2221943411d28f3bcac91eeb83666d0e943ae027e6,eb6a582b7273ed262a0ad262465de2984e743553d21d17c7a238ad8af4b57d00,0.9994029030642959,0.996079725810389,True,14.731216526041457,14.731216435098474,1,0.021699253719521236,24066.656115981867,21591.81174562953
108373.33439887002,90311.11199905835,4,G4,0.042670582992443945,0.0021384049041280988,"['90016100', '9624708']",2,0.15025874714490237,1.2,B120,False,13195.554934951244,95177.77946391878,0.8782398363200234,d8fc1abd48548c153081e3e99696fc041eaf81cc81e06ca06a6f369d5a61d753,28.968258719407256,210129,CERTIFIED_PRB_EXACT,1,[],65,RENAULT_EMPIRICAL_8CASE_V1,True,E6_BUDGET_RISK_INTERACTION_V1,860.1120000000001,True,edf794ef39b51c9a84ccdd6e03301e30a24236dee645722a27ff36668e5941d3,94085.92139416352,0.8681648665332985,7,0.05,870828.6596038705,0bcdd7bb99926ed780c56764c531b76971dbb0bf24e77198766a754d9dde95ff,7,True,7.982503547054876e-14,c4f718f6a12deb22772cdce20464ca617fa6e19c750a90be06cd2ddc8c245173,870828.6596038705,[],eab5ea31c6dbbc6446799f28bb6b54673eb7b57690cd4540f8a49b4a53757b6f,231.74606975525805,0.0021384049041280988,0.0,"{'economic_band_tolerance': 1e-07, 'fallback_used': False, 'original_status': 2, 'original_status_name': 'OPTIMAL'}",,False,775650.8801399517,E6-210129-B120-G4,13.776038399897516,481168.5581250001,292102.82412807114,gurobi-balanced-1e-8-v1,OPTIMAL,320,3863.0254912807013,2379.4978854629817,870828.6596038705,ebd9b18371804f725a775db4eb4cacad84398b0c4c48e945aa039d425ea71288,860.1120000000001,94085.92139416352,28.968258719407256,231.74606975525805,95177.77946391878,28.968258719407256,0.042670582992443945,0.0021384049041280988,0.9999999980857305,2,90016100|9624708,2,90016100|9624708,,,False,2,2,90016100|9624708,False,PASS,True,True,245f3c9b85adbd9cac62dc9b50ada44b6ed68e6746d19c492819f94ed88f0f98,d755981eeda14f2bd714c5971f4b740c7091297cf4cd8d02467f6a3c6bf61cb6,1.0229875785004,1.0193202720315293,True,28.9682587383059,28.96825866482817,1,0.042670582964606026,44143.352772769984,39276.6853089045
61115.27359993401,76394.09199991751,0,G0,0.34031946147038195,0.01315789473684201,"['90018300', '90018400', '90019100', '91017500']",4,0.10362674941380214,0.8,B080,True,-1.2369127944111824e-10,61115.27359993413,1.000000000000002,8915940c2bbfee479d054c007033da41d45776504e985c6d07302dea74481ff4,189.56020883524542,210310,CERTIFIED_PRB_EXACT,5,[],13,RENAULT_EMPIRICAL_8CASE_V1,True,E6_BUDGET_RISK_INTERACTION_V1,1519.692,True,cea7e89477816218fba3021b71a791fa9f86714cecf253f8a58bb477ce2ddad8,58791.4332630929,0.9619761116991282,7,0.05,652861.0467447242,0bcdd7bb99926ed780c56764c531b76971dbb0bf24e77198766a754d9dde95ff,7,True,0.0,c4f718f6a12deb22772cdce20464ca617fa6e19c750a90be06cd2ddc8c245173,652861.0467447331,[],eab5ea31c6dbbc6446799f28bb6b54673eb7b57690cd4540f8a49b4a53757b6f,804.1483368412312,0.01315789473684201,1.373030268135889e-14,"{'economic_band_tolerance': 1e-07, 'fallback_used': False, 'original_status': 2, 'original_status_name': 'OPTIMAL'}",,False,591745.7731447989,E6-210310-B080-G0,0.1598507002927363,366818.17428975244,224393.95421394432,gurobi-balanced-1e-8-v1,OPTIMAL,64,3252.42020880611,533.6446444596553,652861.0467447331,66a15c21d4e760c0d31bbe9a15f21216b3fdd37e6b7bf14836025d544b0d117b,1519.692,58791.4332630929,189.56020877184494,804.1483368412312,61115.27359993413,189.56020883524542,0.34031946147038195,0.01315789473684201,0.43460597842184895,4,90018300|90018400|90019100|91017500,4,90018300|90018400|90019100|91017500,,,False,4,4,90018300|90018400|90019100|91017500,False,PASS,True,True,10db01c7b2ddc5a396b0073f95fd20f21db50b7ed14924cd78fee54b095b173a,914e4a5e28062e040032f2a7fea2ff210e486b036fd8f3759f5ff38e312849e7,0.9133292667844501,0.9268903711563582,False,0.0,0.0,0,0.0,0.0,0.0
61115.27359993401,76394.09199991751,2,G2,0.3403194614703833,0.013157894736842108,"['90018300', '90018400', '90019100', '91017500']",4,0.10362674941693435,0.8,B080,True,-7.275957614183426e-12,61115.273599934015,1.0000000000000002,8915940c2bbfee479d054c007033da41d45776504e985c6d07302dea74481ff4,189.56020883524616,210310,CERTIFIED_PRB_EXACT,5,[],32,RENAULT_EMPIRICAL_8CASE_V1,True,E6_BUDGET_RISK_INTERACTION_V1,1519.692,,cea7e89477816218fba3021b71a791fa9f86714cecf253f8a58bb477ce2ddad8,58791.433263092775,0.9619761116991262,7,0.05,,0bcdd7bb99926ed780c56764c531b76971dbb0bf24e77198766a754d9dde95ff,7,True,0.0,c4f718f6a12deb22772cdce20464ca617fa6e19c750a90be06cd2ddc8c245173,723343.7230780666,[],eab5ea31c6dbbc6446799f28bb6b54673eb7b57690cd4540f8a49b4a53757b6f,804.1483368412371,0.013157894736842108,,,E3-210310-B080,True,662228.4494781325,E6-210310-B080-G2,2.0106341999489814,410853.3172849963,250841.48754244877,gurobi-balanced-1e-8-v1,OPTIMAL,192,3358.0868754244875,533.6446506874636,,66a15c21d4e760c0d31bbe9a15f21216b3fdd37e6b7bf14836025d544b0d117b,1519.692,58791.433263092775,189.56020877184565,804.1483368412371,61115.273599934015,189.56020883524616,0.3403194614703833,0.013157894736842108,0.4346059784218473,4,90018300|90018400|90019100|91017500,4,90018300|90018400|90019100|91017500,,,False,4,4,90018300|90018400|90019100|91017500,False,SOURCE_SCHEMA_FIELD_UNAVAILABLE_NOT_FAILURE,True,True,10db01c7b2ddc5a396b0073f95fd20f21db50b7ed14924cd78fee54b095b173a,914e4a5e28062e040032f2a7fea2ff210e486b036fd8f3759f5ff38e312849e7,1.0119320114534842,1.0372920284077585,False,7.389644451905042e-13,7.389644451905042e-13,0,1.3322676295501878e-15,70482.67633333348,70482.6763333336
61115.27359993401,76394.09199991751,4,G4,0.3403194614704628,0.013157894736846478,"['90018300', '90018400', '90019100', '91017500']",4,0.1036267494142934,0.8,B080,True,6.810296326875687e-09,61115.2735999272,0.9999999999998885,8915940c2bbfee479d054c007033da41d45776504e985c6d07302dea74481ff4,189.56020883529047,210310,CERTIFIED_PRB_EXACT,5,[],54,RENAULT_EMPIRICAL_8CASE_V1,True,E6_BUDGET_RISK_INTERACTION_V1,1519.692,True,cea7e89477816218fba3021b71a791fa9f86714cecf253f8a58bb477ce2ddad8,58791.43326308569,0.9619761116990102,6,0.05,760624.2700651136,0bcdd7bb99926ed780c56764c531b76971dbb0bf24e77198766a754d9dde95ff,6,True,0.0,c4f718f6a12deb22772cdce20464ca617fa6e19c750a90be06cd2ddc8c245173,760624.2700651262,[],eab5ea31c6dbbc6446799f28bb6b54673eb7b57690cd4540f8a49b4a53757b6f,804.1483368415041,0.013157894736846478,1.668270469209379e-14,"{'economic_band_tolerance': 1e-07, 'fallback_used': False, 'original_status': 2, 'original_status_name': 'OPTIMAL'}",,False,699508.996465199,E6-210310-B080-G4,13.118573700077832,434257.112289603,264897.820877244,gurobi-balanced-1e-8-v1,OPTIMAL,280,3461.953542105773,354.06329849799926,760624.2700651262,66a15c21d4e760c0d31bbe9a15f21216b3fdd37e6b7bf14836025d544b0d117b,1519.692,58791.43326308569,189.56020877187905,804.1483368415041,61115.2735999272,189.56020883529047,0.3403194614704628,0.013157894736846478,0.43460597842174564,4,90018300|90018400|90019100|91017500,4,90018300|90018400|90019100|91017500,,,False,4,4,90018300|90018400|90019100|91017500,False,PASS,True,True,7bd4c4c8b5c8131706739a4fb1ab8cc6eb4265e6979929fec81cf48f16afba4a,fdba119a842a86e2459f5b18448d1e541e9222fa8ba0d14a64e019a3f5a76af5,1.0640861640327965,1.0956870040915114,True,6.666666666621623,3.3333333333333286,2,8.087974734394265e-14,107763.22332039312,107763.22332040011
76394.09199991751,76394.09199991751,0,G0,3.4895458674603015e-12,0.0,"['90018300', '90018400', '90019100', '91017500']",4,0.1447839818107621,1.0,B100,True,1.4551915228366852e-11,76394.0919999175,0.9999999999999998,8915940c2bbfee479d054c007033da41d45776504e985c6d07302dea74481ff4,1.9437003118127905e-09,210310,CERTIFIED_PRB_EXACT,0,[],13,RENAULT_EMPIRICAL_8CASE_V1,True,E6_BUDGET_RISK_INTERACTION_V1,1519.692,True,cea7e89477816218fba3021b71a791fa9f86714cecf253f8a58bb477ce2ddad8,74874.3999999175,0.9801072051487745,5,0.05,644331.8713743679,0bcdd7bb99926ed780c56764c531b76971dbb0bf24e77198766a754d9dde95ff,5,False,0.0,c4f718f6a12deb22772cdce20464ca617fa6e19c750a90be06cd2ddc8c245173,644331.8713743677,[],eab5ea31c6dbbc6446799f28bb6b54673eb7b57690cd4540f8a49b4a53757b6f,0.0,0.0,0.0,"{'economic_band_tolerance': 1e-07, 'fallback_used': False, 'original_status': 2, 'original_status_name': 'OPTIMAL'}",E4-210310-G0,True,567937.7793744502,E6-210310-B100-G0,0.10715649998746812,350726.0956668212,215695.53333333327,gurobi-balanced-1e-8-v1,OPTIMAL,48,3062.859999999998,1516.1503743484448,644331.8713743679,66a15c21d4e760c0d31bbe9a15f21216b3fdd37e6b7bf14836025d544b0d117b,1519.692,74874.3999999175,0.0,0.0,76394.0919999175,1.9437003118127905e-09,3.4895458674603015e-12,0.0,0.7272853557739585,4,90018300|90018400|90019100|91017500,4,90018300|90018400|90019100|91017500,,,False,4,4,90018300|90018400|90019100|91017500,False,PASS,True,True,f62e9b851f3e88db865fed624964a7f65f42ddd32dcd582db88642113fe9bbf8,e0cf6032e1e1fcf370f93a6bb7f674046c215a7ee379b00f31574f727f57487e,0.901397255330966,0.8895983427485997,False,0.0,0.0,0,0.0,0.0,0.0
76394.09199991751,76394.09199991751,2,G2,3.4895458674603015e-12,0.0,"['90018300', '90018400', '90019100', '91017500']",4,0.14478398181076774,1.0,B100,True,1.4551915228366852e-11,76394.0919999175,0.9999999999999998,8915940c2bbfee479d054c007033da41d45776504e985c6d07302dea74481ff4,1.9437003118127905e-09,210310,CERTIFIED_PRB_EXACT,0,[],33,RENAULT_EMPIRICAL_8CASE_V1,True,E6_BUDGET_RISK_INTERACTION_V1,1519.692,,cea7e89477816218fba3021b71a791fa9f86714cecf253f8a58bb477ce2ddad8,74874.3999999175,0.9801072051487745,5,0.05,,0bcdd7bb99926ed780c56764c531b76971dbb0bf24e77198766a754d9dde95ff,5,False,0.0,c4f718f6a12deb22772cdce20464ca617fa6e19c750a90be06cd2ddc8c245173,714814.5477077012,[],eab5ea31c6dbbc6446799f28bb6b54673eb7b57690cd4540f8a49b4a53757b6f,0.0,0.0,,,E3-210310-B100,True,638420.4557077837,E6-210310-B100-G2,1.3473797999322414,394761.23866670334,242143.06666666668,gurobi-balanced-1e-8-v1,OPTIMAL,144,3168.5266666666666,1516.1503744137008,,66a15c21d4e760c0d31bbe9a15f21216b3fdd37e6b7bf14836025d544b0d117b,1519.692,74874.3999999175,0.0,0.0,76394.0919999175,1.9437003118127905e-09,3.4895458674603015e-12,0.0,0.7272853557739585,4,90018300|90018400|90019100|91017500,4,90018300|90018400|90019100|91017500,,,False,4,4,90018300|90018400|90019100|91017500,False,SOURCE_SCHEMA_FIELD_UNAVAILABLE_NOT_FAILURE,True,True,f62e9b851f3e88db865fed624964a7f65f42ddd32dcd582db88642113fe9bbf8,e0cf6032e1e1fcf370f93a6bb7f674046c215a7ee379b00f31574f727f57487e,1.0,1.0,False,0.0,0.0,0,0.0,70482.67633333348,70482.67633333348
76394.09199991751,76394.09199991751,4,G4,0.2632614315051285,0.00818986179169919,"['90018300', '90018400', '90019100', '91017500']",4,0.12688569403527872,1.0,B100,True,1.4551915228366852e-11,76394.0919999175,0.9999999999999998,8915940c2bbfee479d054c007033da41d45776504e985c6d07302dea74481ff4,146.6383724244373,210310,CERTIFIED_PRB_EXACT,4,[],64,RENAULT_EMPIRICAL_8CASE_V1,True,E6_BUDGET_RISK_INTERACTION_V1,1519.692,True,cea7e89477816218fba3021b71a791fa9f86714cecf253f8a58bb477ce2ddad8,74248.74294473582,0.9719173433570751,8,0.05,749723.3458777108,0bcdd7bb99926ed780c56764c531b76971dbb0bf24e77198766a754d9dde95ff,8,True,0.0,c4f718f6a12deb22772cdce20464ca617fa6e19c750a90be06cd2ddc8c245173,749723.3458777111,[],eab5ea31c6dbbc6446799f28bb6b54673eb7b57690cd4540f8a49b4a53757b6f,625.6570551816772,0.00818986179169919,3.1055541345226713e-16,"{'economic_band_tolerance': 1e-07, 'fallback_used': False, 'original_status': 2, 'original_status_name': 'OPTIMAL'}",E4-210310-G4,True,673329.2538777936,E6-210310-B100-G4,15.278107000049204,416964.16315513215,255550.28080453406,gurobi-balanced-1e-8-v1,OPTIMAL,360,3344.7349303924157,814.8099183051545,749723.3458777111,66a15c21d4e760c0d31bbe9a15f21216b3fdd37e6b7bf14836025d544b0d117b,1519.692,74248.74294473582,146.63837236103825,625.6570551816772,76394.0919999175,146.6383724244373,0.2632614315051285,0.00818986179169919,0.38421492619659287,4,90018300|90018400|90019100|91017500,4,90018300|90018400|90019100|91017500,,,False,4,4,90018300|90018400|90019100|91017500,False,PASS,True,True,0e0f1a775ff8653366b7fe34006a06f9ca2d17299eb9d3aa710939955a3685c1,0c3a53fb198bf8b91fd3797512598c9500c9da9edb89db1e970108b13f3b7ba3,1.0488361607663932,1.0546799493310537,True,146.63837242249375,56.34065143723005,4,0.26326143150163894,105391.47450334334,105391.47450334334
91672.91039990101,76394.09199991751,0,G0,1.3072700913113046e-10,0.0,"['90018300', '90018400', '90019100', '91017500']",4,0.1447839818107677,1.2,B120,False,15278.818399301963,76394.09200059905,0.8333333333407678,8915940c2bbfee479d054c007033da41d45776504e985c6d07302dea74481ff4,7.281581559936967e-08,210310,CERTIFIED_PRB_EXACT,0,[],12,RENAULT_EMPIRICAL_8CASE_V1,True,E6_BUDGET_RISK_INTERACTION_V1,1519.692,True,cea7e89477816218fba3021b71a791fa9f86714cecf253f8a58bb477ce2ddad8,74874.40000059905,0.81675600429808,4,0.05,644331.8713742623,0bcdd7bb99926ed780c56764c531b76971dbb0bf24e77198766a754d9dde95ff,4,False,0.0,c4f718f6a12deb22772cdce20464ca617fa6e19c750a90be06cd2ddc8c245173,644331.8713742621,[],eab5ea31c6dbbc6446799f28bb6b54673eb7b57690cd4540f8a49b4a53757b6f,0.0,0.0,0.0,"{'economic_band_tolerance': 1e-07, 'fallback_used': False, 'original_status': 2, 'original_status_name': 'OPTIMAL'}",,False,567937.7793736631,E6-210310-B120-G0,0.07757999980822206,350726.0956662837,215695.5333333333,gurobi-balanced-1e-8-v1,OPTIMAL,40,3062.8599999999988,1516.1503743037615,644331.8713742621,66a15c21d4e760c0d31bbe9a15f21216b3fdd37e6b7bf14836025d544b0d117b,1519.692,74874.40000059905,0.0,0.0,76394.09200059905,7.281581559936967e-08,1.3072700913113046e-10,0.0,0.43534845868647426,4,90018300|90018400|90019100|91017500,4,90018300|90018400|90019100|91017500,,,False,4,4,90018300|90018400|90019100|91017500,False,PASS,True,True,3222739a26d9004ace9f47a9689836af7b33206430b2d286040d0775904b1ae4,1b5dbb02bdadd6a5350bc3d86e02c84a0f06da2db6600b0cc20959e2b9445f9c,0.9013972553308183,0.8895983427473669,False,0.0,0.0,0,0.0,0.0,0.0
91672.91039990101,76394.09199991751,2,G2,1.3083476923741894e-10,-2.7634702219193406e-12,"['90018300', '90018400', '90019100', '91017500']",4,0.14478398181076513,1.2,B120,False,15278.818399555297,76394.09200034571,0.8333333333380043,8915940c2bbfee479d054c007033da41d45776504e985c6d07302dea74481ff4,7.2875838696973e-08,210310,CERTIFIED_PRB_EXACT,0,[],32,RENAULT_EMPIRICAL_8CASE_V1,True,E6_BUDGET_RISK_INTERACTION_V1,1519.692,,cea7e89477816218fba3021b71a791fa9f86714cecf253f8a58bb477ce2ddad8,74874.40000059905,0.81675600429808,4,0.05,,0bcdd7bb99926ed780c56764c531b76971dbb0bf24e77198766a754d9dde95ff,4,False,0.0,c4f718f6a12deb22772cdce20464ca617fa6e19c750a90be06cd2ddc8c245173,714814.547707342,[],eab5ea31c6dbbc6446799f28bb6b54673eb7b57690cd4540f8a49b4a53757b6f,-2.5333535804680626e-07,-2.7634702219193406e-12,,,E3-210310-B120,True,638420.4557069963,E6-210310-B120-G2,1.252697299933061,394761.2386666485,242143.0666666666,gurobi-balanced-1e-8-v1,OPTIMAL,120,3168.5266666666653,1516.1503736811574,,66a15c21d4e760c0d31bbe9a15f21216b3fdd37e6b7bf14836025d544b0d117b,1519.692,74874.40000059905,-3.166691975585078e-08,-2.5333535804680626e-07,76394.09200034571,7.2875838696973e-08,1.3083476923741894e-10,-2.7634702219193406e-12,0.4349898904216773,4,90018300|90018400|90019100|91017500,4,90018300|90018400|90019100|91017500,,,False,4,4,90018300|90018400|90019100|91017500,False,SOURCE_SCHEMA_FIELD_UNAVAILABLE_NOT_FAILURE,True,True,af9b3b9abe2a7cb8bc054d31a6ded780621f2885c1c2e9dd167e51cbefe898ba,dea471e6e1d483a34eb075da767167f2bc15ca51077d09a3e3e52bb96caaf6d4,0.9999999999994974,0.9999999999987665,False,8.228934333942561e-08,3.117021663001651e-08,0,1.0776010628848187e-13,70482.67633307981,70482.67633333313
91672.91039990101,76394.09199991751,4,G4,0.0667462481397104,0.003244413640900388,"['90018300', '90018400', '90019100', '91017500']",4,0.1490014817187686,1.2,B120,False,9032.896728807274,82640.01367109374,0.9014660199026797,8915940c2bbfee479d054c007033da41d45776504e985c6d07302dea74481ff4,37.178105188773515,210310,CERTIFIED_PRB_EXACT,1,[],59,RENAULT_EMPIRICAL_8CASE_V1,True,E6_BUDGET_RISK_INTERACTION_V1,1519.692,True,cea7e89477816218fba3021b71a791fa9f86714cecf253f8a58bb477ce2ddad8,80822.89683009127,0.8816442772190916,5,0.05,747934.4357324153,0bcdd7bb99926ed780c56764c531b76971dbb0bf24e77198766a754d9dde95ff,5,True,0.0,c4f718f6a12deb22772cdce20464ca617fa6e19c750a90be06cd2ddc8c245173,747934.4357324155,[],eab5ea31c6dbbc6446799f28bb6b54673eb7b57690cd4540f8a49b4a53757b6f,297.4248410024779,0.003244413640900388,3.1129820012347737e-16,"{'economic_band_tolerance': 1e-07, 'fallback_used': False, 'original_status': 2, 'original_status_name': 'OPTIMAL'}",,False,665294.4220613218,E6-210310-B120-G4,12.120294900145382,411287.0842069604,252481.5894812295,gurobi-balanced-1e-8-v1,OPTIMAL,240,3235.215228145628,1525.7483732741052,747934.4357324155,66a15c21d4e760c0d31bbe9a15f21216b3fdd37e6b7bf14836025d544b0d117b,1519.692,80822.89683009127,37.178105125309735,297.4248410024779,82640.01367109374,37.178105188773515,0.0667462481397104,0.003244413640900388,0.9999999991447424,4,90018300|90018400|90019100|91017500,4,90018300|90018400|90019100|91017500,,,False,4,4,90018300|90018400|90019100|91017500,False,PASS,True,True,ea94939a3c30dc945cf04366f8a5bec1cb395a3cdf57ba30e9d56df9cc491cfb,c40269c117da0fa78067a4743a73e8f4701524dc1ee33082d3b16b533a9332a1,1.0463335394207136,1.042094463160245,True,37.17810519800124,37.178105156976656,1,0.06674624800898339,103602.56435815338,97356.64268765866
52520.27794236653,65650.34742795816,0,G0,0.3726936428263243,0.013150078207077327,['90016100'],1,0.09030730549576516,0.8,B080,True,-2.1827872842550278e-11,52520.27794236655,1.0000000000000004,e182dde7a79c1c9e7909fb776df4d1cff0326d39bbee5414c3d7efdb147e071a,186.4958988673734,210330,CERTIFIED_PRB_EXACT,4,['9624708'],9,RENAULT_EMPIRICAL_8CASE_V1,True,E6_BUDGET_RISK_INTERACTION_V1,1604.976,True,5c89a9e3151a8372f2be5884130cfc9b6eb84347fd132456527a7fdc984857a1,50224.65617996699,0.9562907537367061,3,0.05,594296.0014099085,0bcdd7bb99926ed780c56764c531b76971dbb0bf24e77198766a754d9dde95ff,3,True,0.0,c4f718f6a12deb22772cdce20464ca617fa6e19c750a90be06cd2ddc8c245173,594296.0014099085,[],eab5ea31c6dbbc6446799f28bb6b54673eb7b57690cd4540f8a49b4a53757b6f,690.6457623995581,0.013150078207077327,0.0,"{'economic_band_tolerance': 1e-07, 'fallback_used': False, 'original_status': 2, 'original_status_name': 'OPTIMAL'}",,False,541775.723467542,E6-210330-B080-G0,0.04147860035300255,335871.37950625806,205212.375601843,gurobi-balanced-1e-8-v1,OPTIMAL,32,3197.381613161287,691.9683595356144,594296.0014099084,11cd91349ff218d7f951a38a65123de8c5e304d36a370c97a39a1ce9b3c3961a,1604.976,50224.65617996699,186.4958988673734,690.6457623995581,52520.27794236655,186.4958988673734,0.3726936428263243,0.013150078207077327,0.820661469993588,2,90016100|9624708,1,90016100,,9624708,True,2,1,90016100,True,PASS,True,True,002aac23cea009c2c8b3bd09a21c2cd634f6f6df77832fe63a440d7069585e4a,afe13ca6d0eb418e98233067c5adfe07c860fd93069c3dc6fca6a8aaf3eea669,0.9036529646433001,0.9151474703364109,False,0.0,0.0,0,0.0,0.0,0.0
52520.27794236653,65650.34742795816,2,G2,0.3726936428263184,0.013150078207076876,['90016100'],1,0.09030730549576728,0.8,B080,True,-4.729372449219227e-10,52520.277942367,1.000000000000009,e182dde7a79c1c9e7909fb776df4d1cff0326d39bbee5414c3d7efdb147e071a,186.49589886737044,210330,CERTIFIED_PRB_EXACT,4,['9624708'],25,RENAULT_EMPIRICAL_8CASE_V1,True,E6_BUDGET_RISK_INTERACTION_V1,1604.976,,5c89a9e3151a8372f2be5884130cfc9b6eb84347fd132456527a7fdc984857a1,50224.65617996746,0.9562907537367151,3,0.05,,0bcdd7bb99926ed780c56764c531b76971dbb0bf24e77198766a754d9dde95ff,3,True,0.0,c4f718f6a12deb22772cdce20464ca617fa6e19c750a90be06cd2ddc8c245173,664379.9192111919,[],eab5ea31c6dbbc6446799f28bb6b54673eb7b57690cd4540f8a49b4a53757b6f,690.6457623995344,0.013150078207076876,,,E3-210330-B080,True,611859.6412688249,E6-210330-B080-G2,0.8741103000938892,379863.1056490786,231633.83274474667,gurobi-balanced-1e-8-v1,OPTIMAL,96,3339.567327447467,362.7028749996098,,11cd91349ff218d7f951a38a65123de8c5e304d36a370c97a39a1ce9b3c3961a,1604.976,50224.65617996746,186.49589886737044,690.6457623995344,52520.277942367,186.49589886737044,0.3726936428263184,0.013150078207076876,0.820661469993601,2,90016100|9624708,1,90016100,,9624708,True,2,1,90016100,True,SOURCE_SCHEMA_FIELD_UNAVAILABLE_NOT_FAILURE,True,True,002aac23cea009c2c8b3bd09a21c2cd634f6f6df77832fe63a440d7069585e4a,afe13ca6d0eb418e98233067c5adfe07c860fd93069c3dc6fca6a8aaf3eea669,1.010218615337061,1.0335306265188446,False,2.9558577807620168e-12,2.9558577807620168e-12,0,-5.88418203051333e-15,70083.91780128342,70083.91780128295
52520.27794236653,65650.34742795816,4,G4,0.37269364282633194,0.013150078207077443,['90016100'],1,0.0903073054957707,0.8,B080,True,-1.5279510989785194e-10,52520.27794236668,1.0000000000000029,e182dde7a79c1c9e7909fb776df4d1cff0326d39bbee5414c3d7efdb147e071a,186.4958988673772,210330,CERTIFIED_PRB_EXACT,4,['9624708'],44,RENAULT_EMPIRICAL_8CASE_V1,True,E6_BUDGET_RISK_INTERACTION_V1,1604.976,True,5c89a9e3151a8372f2be5884130cfc9b6eb84347fd132456527a7fdc984857a1,50224.65617996711,0.9562907537367085,3,0.05,698662.4792111923,0bcdd7bb99926ed780c56764c531b76971dbb0bf24e77198766a754d9dde95ff,3,True,0.0,c4f718f6a12deb22772cdce20464ca617fa6e19c750a90be06cd2ddc8c245173,698662.4792111922,[],eab5ea31c6dbbc6446799f28bb6b54673eb7b57690cd4540f8a49b4a53757b6f,690.6457623995642,0.013150078207077443,0.0,"{'economic_band_tolerance': 1e-07, 'fallback_used': False, 'original_status': 2, 'original_status_name': 'OPTIMAL'}",,False,646142.2012688256,E6-210330-B080-G4,7.278121399693191,401281.66564912145,244497.83274469865,gurobi-balanced-1e-8-v1,OPTIMAL,160,3403.5673274469864,362.7028751049857,698662.4792111919,11cd91349ff218d7f951a38a65123de8c5e304d36a370c97a39a1ce9b3c3961a,1604.976,50224.65617996711,186.4958988673771,690.6457623995642,52520.27794236668,186.4958988673772,0.37269364282633194,0.013150078207077443,0.8206614699936006,2,90016100|9624708,1,90016100,,9624708,True,2,1,90016100,True,PASS,True,True,002aac23cea009c2c8b3bd09a21c2cd634f6f6df77832fe63a440d7069585e4a,2992f9498587a6ba1e3c9667e7bc702bcbb7693c91a9a63ca549dc8151d24813,1.062346741567199,1.0914394561353795,False,7.897626115692899e-12,5.453359104678153e-12,0,7.66053886991358e-15,104366.4778012837,104366.47780128359
65650.34742795816,65650.34742795816,0,G0,1.050132181247047e-11,0.0,"['90016100', '9624708']",2,0.1352422770814142,1.0,B100,True,0.0,65650.34742795816,1.0,e182dde7a79c1c9e7909fb776df4d1cff0326d39bbee5414c3d7efdb147e071a,5.2548614348779665e-09,210330,CERTIFIED_PRB_EXACT,0,[],14,RENAULT_EMPIRICAL_8CASE_V1,True,E6_BUDGET_RISK_INTERACTION_V1,1612.776,True,5c89a9e3151a8372f2be5884130cfc9b6eb84347fd132456527a7fdc984857a1,64037.57142795815,0.9754338543026022,5,0.05,588352.4624707957,0bcdd7bb99926ed780c56764c531b76971dbb0bf24e77198766a754d9dde95ff,5,False,0.0,c4f718f6a12deb22772cdce20464ca617fa6e19c750a90be06cd2ddc8c245173,588352.4624707957,[],eab5ea31c6dbbc6446799f28bb6b54673eb7b57690cd4540f8a49b4a53757b6f,0.0,0.0,0.0,"{'economic_band_tolerance': 1e-07, 'fallback_used': False, 'original_status': 2, 'original_status_name': 'OPTIMAL'}",E4-210330-G0,True,522702.1150428376,E6-210330-B100-G0,0.08869959996081889,322716.8410714286,198101.81428571427,gurobi-balanced-1e-8-v1,OPTIMAL,48,3010.885714285714,1883.4596810186385,588352.4624707957,11cd91349ff218d7f951a38a65123de8c5e304d36a370c97a39a1ce9b3c3961a,1612.776,64037.57142795815,0.0,0.0,65650.34742795816,5.2548614348779665e-09,1.050132181247047e-11,0.0,0.7272742023592534,2,90016100|9624708,2,90016100|9624708,,,False,2,2,90016100|9624708,False,PASS,True,True,dbe4f492ec2ef2bffd5ad4b428f7eac9aef2ab0a6500ef9d3d51228b6a3a27bd,ac2bf4cf843c224c64318df510e47813627b15471f478e359e4d1eb0a33622c8,0.894615554716159,0.8829290379778388,False,0.0,0.0,0,0.0,0.0,0.0
65650.34742795816,65650.34742795816,2,G2,0.06521114504009128,0.002120756531517219,"['90016100', '9624708']",2,0.12751158681648178,1.0,B100,True,1.4551915228366852e-11,65650.34742795814,0.9999999999999998,e182dde7a79c1c9e7909fb776df4d1cff0326d39bbee5414c3d7efdb147e071a,32.63165697755088,210330,CERTIFIED_PRB_EXACT,2,[],33,RENAULT_EMPIRICAL_8CASE_V1,True,E6_BUDGET_RISK_INTERACTION_V1,1612.776,,5c89a9e3151a8372f2be5884130cfc9b6eb84347fd132456527a7fdc984857a1,63898.34302485392,0.9733130977710848,5,0.05,,0bcdd7bb99926ed780c56764c531b76971dbb0bf24e77198766a754d9dde95ff,5,True,4.440892098500626e-15,c4f718f6a12deb22772cdce20464ca617fa6e19c750a90be06cd2ddc8c245173,657659.5492546142,[],eab5ea31c6dbbc6446799f28bb6b54673eb7b57690cd4540f8a49b4a53757b6f,139.2284031042169,0.002120756531517219,,,E3-210330-B100,True,592009.201826656,E6-210330-B100-G2,0.9831330000888556,366771.872688767,223658.82196075816,gurobi-balanced-1e-8-v1,OPTIMAL,144,3128.7839984029306,1578.507177130843,,11cd91349ff218d7f951a38a65123de8c5e304d36a370c97a39a1ce9b3c3961a,1612.776,63898.34302485392,32.63165697755088,139.2284031042169,65650.34742795814,32.63165697755088,0.06521114504009128,0.002120756531517219,0.7466666666666678,2,90016100|9624708,2,90016100|9624708,,,False,2,2,90016100|9624708,False,SOURCE_SCHEMA_FIELD_UNAVAILABLE_NOT_FAILURE,True,True,2a04b5372a283e1bbd998ff4a83d490fd7807d1c0ecd11d29c39d7a3aa4f5676,bbe7fdea6114cf607e2f559c32ae78a1fbff9b026a4a885fddeb105605cdbbb0,1.0,1.0,True,32.63165697229602,24.364970539416305,2,0.06521114502958995,69307.08678381843,69307.08678381838
65650.34742795816,65650.34742795816,4,G4,0.15396408903865286,0.005007124890186796,"['90016100', '9624708']",2,0.11660607722217609,1.0,B100,True,1.4551915228366852e-11,65650.34742795814,0.9999999999999998,e182dde7a79c1c9e7909fb776df4d1cff0326d39bbee5414c3d7efdb147e071a,77.0436301537359,210330,CERTIFIED_PRB_EXACT,4,[],53,RENAULT_EMPIRICAL_8CASE_V1,True,E6_BUDGET_RISK_INTERACTION_V1,1612.776,True,5c89a9e3151a8372f2be5884130cfc9b6eb84347fd132456527a7fdc984857a1,63708.85193930221,0.9704267294124154,5,0.05,691154.6227660445,0bcdd7bb99926ed780c56764c531b76971dbb0bf24e77198766a754d9dde95ff,5,True,7.605027718682322e-14,c4f718f6a12deb22772cdce20464ca617fa6e19c750a90be06cd2ddc8c245173,691154.6227660445,[],eab5ea31c6dbbc6446799f28bb6b54673eb7b57690cd4540f8a49b4a53757b6f,328.71948865594,0.005007124890186796,0.0,"{'economic_band_tolerance': 1e-07, 'fallback_used': False, 'original_status': 2, 'original_status_name': 'OPTIMAL'}",E4-210330-G4,True,625504.2753380863,E6-210330-B100-G4,9.079976900015026,388607.7568082509,235545.19638808654,gurobi-balanced-1e-8-v1,OPTIMAL,240,3210.80819088469,1351.3221422465513,691154.6227660445,11cd91349ff218d7f951a38a65123de8c5e304d36a370c97a39a1ce9b3c3961a,1612.776,63708.85193930221,77.0436301537359,328.71948865594,65650.34742795814,77.0436301537359,0.15396408903865286,0.005007124890186796,0.7358538991738323,2,90016100|9624708,2,90016100|9624708,,,False,2,2,90016100|9624708,False,PASS,True,True,7df351b24a90fb4f98f5fc43e05dd4aa4c27aed2a03cdaa1ebeec6d2268dc975,d855e3da778832e2e1d4668b9374c39f67ebe3f92a6275ea0a24a20ddd9177ea,1.050930718712126,1.0565786366294319,True,77.04363014848104,56.692855651311476,4,0.15396408902815154,102802.16029524873,102802.16029524867
78780.4169135498,65650.34742795816,0,G0,1.748619190674581e-11,2.611736040191881e-13,"['90016100', '9624708']",2,0.13524227708140693,1.2,B120,False,13130.06948495777,65650.34742859202,0.8333333333413793,e182dde7a79c1c9e7909fb776df4d1cff0326d39bbee5414c3d7efdb147e071a,8.750090429998636e-09,210330,CERTIFIED_PRB_EXACT,0,[],13,RENAULT_EMPIRICAL_8CASE_V1,True,E6_BUDGET_RISK_INTERACTION_V1,1612.776,True,5c89a9e3151a8372f2be5884130cfc9b6eb84347fd132456527a7fdc984857a1,64037.57142857144,0.8128615452599532,5,0.05,588352.4624707736,0bcdd7bb99926ed780c56764c531b76971dbb0bf24e77198766a754d9dde95ff,5,False,0.0,c4f718f6a12deb22772cdce20464ca617fa6e19c750a90be06cd2ddc8c245173,588352.4624707736,[],eab5ea31c6dbbc6446799f28bb6b54673eb7b57690cd4540f8a49b4a53757b6f,2.0575365411446e-08,2.611736040191881e-13,0.0,"{'economic_band_tolerance': 1e-07, 'fallback_used': False, 'original_status': 2, 'original_status_name': 'OPTIMAL'}",,False,522702.1150421816,E6-210330-B120-G0,0.08374070003628731,322716.8410714286,198101.81428571427,gurobi-balanced-1e-8-v1,OPTIMAL,48,3010.885714285714,1883.4596850451285,588352.4624707736,11cd91349ff218d7f951a38a65123de8c5e304d36a370c97a39a1ce9b3c3961a,1612.776,64037.57142857144,6.858455137148667e-09,2.0575365411446e-08,65650.34742859202,8.750090429998636e-09,1.748619190674581e-11,2.611736040191881e-13,0.7838153436260814,2,90016100|9624708,2,90016100|9624708,,,False,2,2,90016100|9624708,False,PASS,True,True,ee11eba87973f8111e6560a76221c1c340a0412161354044051d944818efa070,cf10dd21c6b4b3a09e8bc5d1f96a34be965c34ff4245d7275a4db9424a6254f6,0.8946155547161253,0.8829290379767307,False,0.0,0.0,0,0.0,0.0,0.0
78780.4169135498,65650.34742795816,2,G2,0.016520156756279315,0.0008394661270588961,"['90016100', '9624708']",2,0.13612603658875688,1.2,B120,False,11741.26616424309,67039.1507493067,0.8509621220064443,e182dde7a79c1c9e7909fb776df4d1cff0326d39bbee5414c3d7efdb147e071a,8.266686440712768,210330,CERTIFIED_PRB_EXACT,1,[],33,RENAULT_EMPIRICAL_8CASE_V1,True,E6_BUDGET_RISK_INTERACTION_V1,1612.776,,5c89a9e3151a8372f2be5884130cfc9b6eb84347fd132456527a7fdc984857a1,65360.2412578322,0.8296508677982205,5,0.05,,0bcdd7bb99926ed780c56764c531b76971dbb0bf24e77198766a754d9dde95ff,5,True,0.0,c4f718f6a12deb22772cdce20464ca617fa6e19c750a90be06cd2ddc8c245173,657456.3208219801,[],eab5ea31c6dbbc6446799f28bb6b54673eb7b57690cd4540f8a49b4a53757b6f,66.1334914745028,0.0008394661270588961,,,E3-210330-B120,True,590417.1700726735,E6-210330-B120-G2,1.0716995000839233,365179.23022426834,223696.6027853175,gurobi-balanced-1e-8-v1,OPTIMAL,144,3144.8047421388874,1541.3370630876743,,11cd91349ff218d7f951a38a65123de8c5e304d36a370c97a39a1ce9b3c3961a,1612.776,65360.2412578322,8.266686434312852,66.1334914745028,67039.1507493067,8.266686440712768,0.016520156756279315,0.0008394661270588961,0.9999999966331623,2,90016100|9624708,2,90016100|9624708,,,False,2,2,90016100|9624708,False,SOURCE_SCHEMA_FIELD_UNAVAILABLE_NOT_FAILURE,True,True,a5891b56d372b6592db02e8127eddaa1911514936c177fe6ca32caaa4796b78e,740ebabc771d30023be8708be9af5ad090e3ec9fe03d9a52f817687594cf804b,0.9996909823131674,0.9973107989722622,True,8.266686446596697,8.266686411447097,1,0.01652015673879312,69103.85835120652,67715.05503049184
78780.4169135498,65650.34742795816,4,G4,0.039004235902581674,0.00198198693569894,"['90016100', '9624708']",2,0.13732884107930834,1.2,B120,False,9851.092585864651,68929.32432768514,0.8749550589878852,e182dde7a79c1c9e7909fb776df4d1cff0326d39bbee5414c3d7efdb147e071a,19.517719645346354,210330,CERTIFIED_PRB_EXACT,1,[],59,RENAULT_EMPIRICAL_8CASE_V1,True,E6_BUDGET_RISK_INTERACTION_V1,1612.776,True,5c89a9e3151a8372f2be5884130cfc9b6eb84347fd132456527a7fdc984857a1,67160.40657057357,0.8525012839710214,5,0.05,690486.9406230662,0bcdd7bb99926ed780c56764c531b76971dbb0bf24e77198766a754d9dde95ff,5,True,0.0,c4f718f6a12deb22772cdce20464ca617fa6e19c750a90be06cd2ddc8c245173,690486.9406230662,[],eab5ea31c6dbbc6446799f28bb6b54673eb7b57690cd4540f8a49b4a53757b6f,156.1417571115715,0.00198198693569894,0.0,"{'economic_band_tolerance': 1e-07, 'fallback_used': False, 'original_status': 2, 'original_status_name': 'OPTIMAL'}",,False,621557.616295381,E6-210330-B120-G4,9.008636799640954,384516.3490814117,235435.49946485567,gurobi-balanced-1e-8-v1,OPTIMAL,240,3197.5537089342697,1605.7677492509085,690486.9406230662,11cd91349ff218d7f951a38a65123de8c5e304d36a370c97a39a1ce9b3c3961a,1612.776,67160.40657057357,19.51771963894644,156.1417571115715,68929.32432768514,19.517719645346354,0.039004235902581674,0.00198198693569894,0.9999999985739835,2,90016100|9624708,2,90016100|9624708,,,False,2,2,90016100|9624708,False,PASS,True,True,9485f819d2efd5d8c2b89252335411eced4081ec24a0c4b760d1e8a68946fde0,323739c0465cb5ca4bb323ad289c5ee6bdb4e4f8809600608b1597a57f0b4eb3,1.0499154789216674,1.0499120864634415,True,19.517719651230284,19.517719616080683,1,0.03900423588509548,102134.47815229255,98855.50125319936
54620.96228530812,68276.20285663515,0,G0,0.3827496376459561,0.01314649367732117,['90016100'],1,0.09147377563575969,0.8,B080,True,-1.4551915228366852e-11,54620.96228530813,1.0000000000000002,3fe6ede85f58eac50a9b3c406c39106277b8b8160518bfa0405cd21847fbd576,202.8217669113366,210323,CERTIFIED_PRB_EXACT,4,['9624708'],9,RENAULT_EMPIRICAL_8CASE_V1,True,E6_BUDGET_RISK_INTERACTION_V1,1569.228,True,df5fcbaa54a73277948f676fae151d85ad621d9ef417b0906b04066b1ef1109c,52333.66014997513,0.958124096690471,3,0.05,577956.1482025543,0bcdd7bb99926ed780c56764c531b76971dbb0bf24e77198766a754d9dde95ff,3,True,0.0,c4f718f6a12deb22772cdce20464ca617fa6e19c750a90be06cd2ddc8c245173,577956.1482025542,[],eab5ea31c6dbbc6446799f28bb6b54673eb7b57690cd4540f8a49b4a53757b6f,718.0741353330012,0.01314649367732117,0.0,"{'economic_band_tolerance': 1e-07, 'fallback_used': False, 'original_status': 2, 'original_status_name': 'OPTIMAL'}",,False,523335.1859172461,E6-210323-B080-G0,0.058274699840694666,324239.66509451426,198372.8195491587,gurobi-balanced-1e-8-v1,OPTIMAL,32,3167.343195491587,722.7012736731658,577956.1482025542,04c9e1219c4e323ab77f8c8fb70854ecf4eb1c710584f21418b5a0005afaeb60,1569.228,52333.66014997513,202.8217669113366,718.0741353330012,54620.96228530813,202.8217669113366,0.3827496376459561,0.01314649367732117,0.8640943418330234,2,90016100|9624708,1,90016100,,9624708,True,2,1,90016100,True,PASS,True,True,3dff4ae4fc8952fc1a1ec02148d2e34c1a5a787db30e822d5de1ad29dd7ecfb1,8d259fbd7244ea40fbe68599e9c199e72432722be8b524209ec7d10a556ac5c5,0.9215637437899904,0.9364149535392158,False,0.0,0.0,0,0.0,0.0,0.0
54620.96228530812,68276.20285663515,2,G2,0.3827496376459638,0.013146493677321154,['90016100'],1,0.09147377563576109,0.8,B080,True,-7.275957614183426e-12,54620.962285308124,1.0000000000000002,3fe6ede85f58eac50a9b3c406c39106277b8b8160518bfa0405cd21847fbd576,202.8217669113407,210323,CERTIFIED_PRB_EXACT,4,['9624708'],25,RENAULT_EMPIRICAL_8CASE_V1,True,E6_BUDGET_RISK_INTERACTION_V1,1569.228,,df5fcbaa54a73277948f676fae151d85ad621d9ef417b0906b04066b1ef1109c,52333.66014997512,0.9581240966904709,3,0.05,,0bcdd7bb99926ed780c56764c531b76971dbb0bf24e77198766a754d9dde95ff,3,True,0.0,c4f718f6a12deb22772cdce20464ca617fa6e19c750a90be06cd2ddc8c245173,633424.4144599607,[],eab5ea31c6dbbc6446799f28bb6b54673eb7b57690cd4540f8a49b4a53757b6f,718.0741353330004,0.013146493677321154,,,E3-210323-B080,True,578803.4521746525,E6-210323-B080-G2,0.9045131001621485,359131.23859451484,219328.71954915632,gurobi-balanced-1e-8-v1,OPTIMAL,96,3301.828909777277,343.4940309813246,,04c9e1219c4e323ab77f8c8fb70854ecf4eb1c710584f21418b5a0005afaeb60,1569.228,52333.66014997512,202.82176691134057,718.0741353330004,54620.962285308124,202.8217669113407,0.3827496376459638,0.013146493677321154,0.8640943418330379,2,90016100|9624708,1,90016100,,9624708,True,2,1,90016100,True,SOURCE_SCHEMA_FIELD_UNAVAILABLE_NOT_FAILURE,True,True,3dff4ae4fc8952fc1a1ec02148d2e34c1a5a787db30e822d5de1ad29dd7ecfb1,41254b8befa1ef866d61d0bad555b625c5159b38598757b4a3b3169f1c34072d,1.0100091098834065,1.0356655206099028,False,8.975846521068541e-12,6.474736091192989e-12,0,7.716050021144838e-15,55468.266257406445,55468.26625740639
54620.96228530812,68276.20285663515,4,G4,0.3827496376459503,0.01314649367732072,['90016100'],1,0.09147377563576174,0.8,B080,True,-4.874891601502895e-10,54620.962285308604,1.0000000000000089,3fe6ede85f58eac50a9b3c406c39106277b8b8160518bfa0405cd21847fbd576,202.82176691133353,210323,CERTIFIED_PRB_EXACT,4,['9624708'],44,RENAULT_EMPIRICAL_8CASE_V1,True,E6_BUDGET_RISK_INTERACTION_V1,1569.228,True,df5fcbaa54a73277948f676fae151d85ad621d9ef417b0906b04066b1ef1109c,52333.66014997562,0.9581240966904802,3,0.05,675351.6792456753,0bcdd7bb99926ed780c56764c531b76971dbb0bf24e77198766a754d9dde95ff,3,True,0.0,c4f718f6a12deb22772cdce20464ca617fa6e19c750a90be06cd2ddc8c245173,675351.6792456747,[],eab5ea31c6dbbc6446799f28bb6b54673eb7b57690cd4540f8a49b4a53757b6f,718.0741353329767,0.01314649367732072,0.0,"{'economic_band_tolerance': 1e-07, 'fallback_used': False, 'original_status': 2, 'original_status_name': 'OPTIMAL'}",,False,620730.7169603661,E6-210323-B080-G4,8.288460599724203,385325.94623736525,235061.2766920146,gurobi-balanced-1e-8-v1,OPTIMAL,160,3380.1003383487173,343.49403108134516,675351.6792456747,04c9e1219c4e323ab77f8c8fb70854ecf4eb1c710584f21418b5a0005afaeb60,1569.228,52333.66014997562,202.82176691133353,718.0741353329767,54620.962285308604,202.82176691133353,0.3827496376459503,0.01314649367732072,0.8640943418330365,2,90016100|9624708,1,90016100,,9624708,True,2,1,90016100,True,PASS,True,True,3dff4ae4fc8952fc1a1ec02148d2e34c1a5a787db30e822d5de1ad29dd7ecfb1,8d259fbd7244ea40fbe68599e9c199e72432722be8b524209ec7d10a556ac5c5,1.0768630523891887,1.1106868812270516,False,3.069544618483633e-12,3.069544618483633e-12,0,-5.773159728050814e-15,97395.53104312054,97395.53104312002
68276.20285663515,68276.20285663515,0,G0,5.363526386455982e-17,0.0,"['90016100', '9624708']",2,0.1421594948800109,1.0,B100,True,0.0,68276.20285663515,1.0,3fe6ede85f58eac50a9b3c406c39106277b8b8160518bfa0405cd21847fbd576,2.842170943040401e-14,210323,CERTIFIED_PRB_EXACT,0,[],13,RENAULT_EMPIRICAL_8CASE_V1,True,E6_BUDGET_RISK_INTERACTION_V1,1581.0600000000002,True,df5fcbaa54a73277948f676fae151d85ad621d9ef417b0906b04066b1ef1109c,66695.14285663515,0.9768431761895155,5,0.05,572191.0296516211,0bcdd7bb99926ed780c56764c531b76971dbb0bf24e77198766a754d9dde95ff,5,False,0.0,c4f718f6a12deb22772cdce20464ca617fa6e19c750a90be06cd2ddc8c245173,572191.0296511828,[],eab5ea31c6dbbc6446799f28bb6b54673eb7b57690cd4540f8a49b4a53757b6f,0.0,0.0,0.0,"{'economic_band_tolerance': 1e-07, 'fallback_used': False, 'original_status': 2, 'original_status_name': 'OPTIMAL'}",E4-210323-G0,True,503914.82679454767,E6-210323-B100-G0,0.07482429989613593,310813.5182142858,191115.44285714233,gurobi-balanced-1e-8-v1,OPTIMAL,48,2964.5214285714196,1985.8657231192087,572191.0296516211,04c9e1219c4e323ab77f8c8fb70854ecf4eb1c710584f21418b5a0005afaeb60,1581.0600000000002,66695.14285663515,0.0,0.0,68276.20285663515,2.842170943040401e-14,5.363526386455982e-17,0.0,1.0,2,90016100|9624708,2,90016100|9624708,,,False,2,2,90016100|9624708,False,PASS,True,True,2e51fd9feae20023e57625a67f1fc836e461b972d7e04fffea3aa7c768118120,184bbbf05780fa77c5f8674be4c3851d8eb34dfbafe09bf47bcab27cf4f3a369,0.9123711359215247,0.9016656854315824,False,0.0,0.0,0,0.0,0.0,0.0
68276.20285663515,68276.20285663515,2,G2,0.039426582010814094,0.0013055943342146462,"['90016100', '9624708']",2,0.1374502434084508,1.0,B100,True,-1.4551915228366852e-11,68276.20285663517,1.0000000000000002,3fe6ede85f58eac50a9b3c406c39106277b8b8160518bfa0405cd21847fbd576,20.892427425639706,210323,CERTIFIED_PRB_EXACT,2,[],31,RENAULT_EMPIRICAL_8CASE_V1,True,E6_BUDGET_RISK_INTERACTION_V1,1581.0600000000002,,df5fcbaa54a73277948f676fae151d85ad621d9ef417b0906b04066b1ef1109c,66606.00183302385,0.975537581855301,4,0.05,,0bcdd7bb99926ed780c56764c531b76971dbb0bf24e77198766a754d9dde95ff,4,True,1.6997514507011147e-13,c4f718f6a12deb22772cdce20464ca617fa6e19c750a90be06cd2ddc8c245173,627147.2289325014,[],eab5ea31c6dbbc6446799f28bb6b54673eb7b57690cd4540f8a49b4a53757b6f,89.14102361131269,0.0013055943342146462,,,E3-210323-B100,True,558871.0260758662,E6-210323-B100-G2,1.014445299981162,345626.4474510638,211446.30190274774,gurobi-balanced-1e-8-v1,OPTIMAL,120,3060.3997880112797,1798.2767220546957,,04c9e1219c4e323ab77f8c8fb70854ecf4eb1c710584f21418b5a0005afaeb60,1581.0600000000002,66606.00183302385,20.892427408901373,89.14102361131269,68276.20285663517,20.892427425639706,0.039426582010814094,0.0013055943342146462,0.7466666664690438,2,90016100|9624708,2,90016100|9624708,,,False,2,2,90016100|9624708,False,SOURCE_SCHEMA_FIELD_UNAVAILABLE_NOT_FAILURE,True,True,9feede6fa635a442968fbef0236d5b8d7def53379458df749d1adccd4a08e6de,f3d47cd5819209f11cc9927d7b8d095cfef65479c93940eab0f6e379e5cd777f,1.0,1.0,True,20.892427425639678,15.599679140348798,2,0.03942658201081404,54956.19928131858,54956.19928131852
68276.20285663515,68276.20285663515,4,G4,0.2553982658414783,0.008457403916640984,"['90016100', '9624708']",2,0.11331826715511613,1.0,B100,True,-1.4551915228366852e-11,68276.20285663517,1.0000000000000002,3fe6ede85f58eac50a9b3c406c39106277b8b8160518bfa0405cd21847fbd576,135.33736534056567,210323,CERTIFIED_PRB_EXACT,4,[],51,RENAULT_EMPIRICAL_8CASE_V1,True,E6_BUDGET_RISK_INTERACTION_V1,1581.0600000000002,True,df5fcbaa54a73277948f676fae151d85ad621d9ef417b0906b04066b1ef1109c,66117.70343118209,0.9683857722728748,4,0.05,667106.7469294973,0bcdd7bb99926ed780c56764c531b76971dbb0bf24e77198766a754d9dde95ff,4,True,1.2212453270876722e-15,c4f718f6a12deb22772cdce20464ca617fa6e19c750a90be06cd2ddc8c245173,667106.7469294972,[],eab5ea31c6dbbc6446799f28bb6b54673eb7b57690cd4540f8a49b4a53757b6f,577.4394254530805,0.008457403916640984,0.0,"{'economic_band_tolerance': 1e-07, 'fallback_used': False, 'original_status': 2, 'original_status_name': 'OPTIMAL'}",E4-210323-G4,True,598830.544072862,E6-210323-B100-G4,9.37629899987951,370791.47656051914,227204.80659621774,gurobi-balanced-1e-8-v1,OPTIMAL,200,3244.0450050001114,834.2609161882083,667106.7469294972,04c9e1219c4e323ab77f8c8fb70854ecf4eb1c710584f21418b5a0005afaeb60,1581.0600000000002,66117.70343118209,135.33736534056567,577.4394254530805,68276.20285663517,135.33736534056567,0.2553982658414783,0.008457403916640984,0.7049719078786831,2,90016100|9624708,2,90016100|9624708,,,False,2,2,90016100|9624708,False,PASS,True,True,ac0836656de3f583f89d1ae59c2c3682ad90c1455e187f3052cf9b54aca594c1,deed485e6391d96ca7b219071ad19c2dfa5a2118e61bd467b4476f4a0c54b044,1.0637163271294572,1.0715004287797367,True,135.33736534056567,95.40904065141292,4,0.25539826584147823,94915.7172783144,94915.71727831435
81931.44342796218,68276.20285663515,0,G0,1.5968237122492887e-11,0.0,"['90016100', '9624708']",2,0.14215949487999244,1.2,B120,False,13655.240570819326,68276.20285714285,0.8333333333395301,3fe6ede85f58eac50a9b3c406c39106277b8b8160518bfa0405cd21847fbd576,8.46168290991045e-09,210323,CERTIFIED_PRB_EXACT,0,[],14,RENAULT_EMPIRICAL_8CASE_V1,True,E6_BUDGET_RISK_INTERACTION_V1,1581.0600000000002,True,df5fcbaa54a73277948f676fae151d85ad621d9ef417b0906b04066b1ef1109c,66695.14285714286,0.8140359801641263,6,0.05,572191.029651602,0bcdd7bb99926ed780c56764c531b76971dbb0bf24e77198766a754d9dde95ff,6,False,0.0,c4f718f6a12deb22772cdce20464ca617fa6e19c750a90be06cd2ddc8c245173,572191.029651602,[],eab5ea31c6dbbc6446799f28bb6b54673eb7b57690cd4540f8a49b4a53757b6f,0.0,0.0,0.0,"{'economic_band_tolerance': 1e-07, 'fallback_used': False, 'original_status': 2, 'original_status_name': 'OPTIMAL'}",,False,503914.8267944592,E6-210323-B120-G0,0.10584339965134859,310813.5182142858,191115.44285714198,gurobi-balanced-1e-8-v1,OPTIMAL,56,2964.5214285714164,1985.8657231818088,572191.029651602,04c9e1219c4e323ab77f8c8fb70854ecf4eb1c710584f21418b5a0005afaeb60,1581.0600000000002,66695.14285714286,0.0,0.0,68276.20285714285,8.46168290991045e-09,1.5968237122492887e-11,0.0,1.0,2,90016100|9624708,2,90016100|9624708,,,False,2,2,90016100|9624708,False,PASS,True,True,acf26051305a96baa0f23804a7b49cf480b78ff93a2637abf0ad8b5dacdf2f40,4286b37cadea407759f3eeff7b799946f0d4815036a1ca1a0ebe3e1509fca7ef,0.9123711359221932,0.9016656854314241,False,0.0,0.0,0,0.0,0.0,0.0
81931.44342796218,68276.20285663515,2,G2,0.009988067450706122,0.0005167977575997616,"['90016100', '9624708']",2,0.14273728780497932,1.2,B120,False,12766.05886027134,69165.38456769084,0.8441860862429962,3fe6ede85f58eac50a9b3c406c39106277b8b8160518bfa0405cd21847fbd576,5.292748285383591,210323,CERTIFIED_PRB_EXACT,1,[],35,RENAULT_EMPIRICAL_8CASE_V1,True,E6_BUDGET_RISK_INTERACTION_V1,1581.0600000000002,,df5fcbaa54a73277948f676fae151d85ad621d9ef417b0906b04066b1ef1109c,67541.98258145036,0.8243719353099926,6,0.05,,0bcdd7bb99926ed780c56764c531b76971dbb0bf24e77198766a754d9dde95ff,6,True,0.0,c4f718f6a12deb22772cdce20464ca617fa6e19c750a90be06cd2ddc8c245173,627009.4482307294,[],eab5ea31c6dbbc6446799f28bb6b54673eb7b57690cd4540f8a49b4a53757b6f,42.341986240482576,0.0005167977575997616,,,E3-210323-B120,True,557844.0636630385,E6-210323-B120-G2,1.2807884998619556,344818.3840714287,211009.51088669355,gurobi-balanced-1e-8-v1,OPTIMAL,168,3044.8001088669353,2016.1687049163156,,04c9e1219c4e323ab77f8c8fb70854ecf4eb1c710584f21418b5a0005afaeb60,1581.0600000000002,67541.98258145036,5.29274828529105,42.341986240482576,69165.38456769084,5.292748285383591,0.009988067450706122,0.0005167977575997616,0.9999999984012641,2,90016100|9624708,2,90016100|9624708,,,False,2,2,90016100|9624708,False,SOURCE_SCHEMA_FIELD_UNAVAILABLE_NOT_FAILURE,True,True,90e6039aeab7030a7b6162d6a538099293b7298fe0bb76f6cab7613d1e27c376,2f80e86a011bb687565e7222b65cfa0b275299aec98e7f4df4b023f8282258c4,0.9997803056516625,0.9981624339697148,True,5.292748293660192,5.292748276921884,1,0.009988067434737884,54818.41857912741,53929.23686857935
81931.44342796218,68276.20285663515,4,G4,0.06467084636248016,0.0033461676721324653,"['90016100', '9624708']",2,0.145900594719192,1.2,B120,False,7897.957277395733,74033.48615056644,0.903602854448183,3fe6ede85f58eac50a9b3c406c39106277b8b8160518bfa0405cd21847fbd576,34.26954342154789,210323,CERTIFIED_PRB_EXACT,1,[],66,RENAULT_EMPIRICAL_8CASE_V1,True,E6_BUDGET_RISK_INTERACTION_V1,1581.0600000000002,True,df5fcbaa54a73277948f676fae151d85ad621d9ef417b0906b04066b1ef1109c,72178.26980323665,0.8809593336006467,6,0.05,665670.4740343499,0bcdd7bb99926ed780c56764c531b76971dbb0bf24e77198766a754d9dde95ff,6,True,0.0,c4f718f6a12deb22772cdce20464ca617fa6e19c750a90be06cd2ddc8c245173,665670.4740343499,[],eab5ea31c6dbbc6446799f28bb6b54673eb7b57690cd4540f8a49b4a53757b6f,274.156347329797,0.0033461676721324653,0.0,"{'economic_band_tolerance': 1e-07, 'fallback_used': False, 'original_status': 2, 'original_status_name': 'OPTIMAL'}",,False,591636.9878837834,E6-210323-B120-G4,11.236756199970841,367637.7561428572,221817.15994450566,gurobi-balanced-1e-8-v1,OPTIMAL,280,3084.009028016485,2182.0717965401636,665670.4740343499,04c9e1219c4e323ab77f8c8fb70854ecf4eb1c710584f21418b5a0005afaeb60,1581.0600000000002,72178.26980323665,34.269543421455346,274.156347329797,74033.48615056644,34.26954342154789,0.06467084636248016,0.0033461676721324653,0.9999999997530838,2,90016100|9624708,2,90016100|9624708,,,False,2,2,90016100|9624708,False,PASS,True,True,692c66843e2166dd47d4c10dc8328c3c895b4f6f0fd669a49f5fb173c0bada87,7994ca7efdb815576f3bfea135cbf5a42188db2f76fc905859b05888ec1d7271,1.0614261585232878,1.0586288432914204,True,34.26954342982449,34.26954341308618,1,0.06467084634651192,93479.44438274787,87722.16108932422
60729.580799476455,75911.97599934557,0,G0,0.37910838300907274,0.013144967714767433,['90016100'],1,0.08577800651109617,0.8,B080,True,-2.9103830456733704e-11,60729.580799476484,1.0000000000000004,29ab4dae7c8cce42cc9a771372d9813fbffac137a978f2b2208a41f61256cc58,224.09854735984936,210428,CERTIFIED_PRB_EXACT,4,['9624708'],9,RENAULT_EMPIRICAL_8CASE_V1,True,E6_BUDGET_RISK_INTERACTION_V1,1207.8600000000001,True,56c76844228179cf3b69827daeb25e4494f2f7435ea4d2335af79102117ce0d7,58723.432420536,0.9669658780361984,3,0.05,742263.2440716611,0bcdd7bb99926ed780c56764c531b76971dbb0bf24e77198766a754d9dde95ff,3,True,0.0,c4f718f6a12deb22772cdce20464ca617fa6e19c750a90be06cd2ddc8c245173,742263.2440716611,[],eab5ea31c6dbbc6446799f28bb6b54673eb7b57690cd4540f8a49b4a53757b6f,798.2883789404782,0.013144967714767433,0.0,"{'economic_band_tolerance': 1e-07, 'fallback_used': False, 'original_status': 2, 'original_status_name': 'OPTIMAL'}",,False,681533.6632721847,E6-210428-B080-G0,0.07076210016384721,422737.6812638254,257974.52140386731,gurobi-balanced-1e-8-v1,OPTIMAL,32,3984.5785473720066,821.4606045949995,742263.244071661,cc08b6627d2f100652172e56ae78f3e35a97b8c89385b99da534fc20917a8014,1207.8600000000001,58723.432420536,224.09854735984936,798.2883789404782,60729.580799476484,224.09854735984936,0.37910838300907274,0.013144967714767433,0.8359239060246704,2,90016100|9624708,1,90016100,,9624708,True,2,1,90016100,True,PASS,True,True,454f7bbbfe30cfb33ad695dd474e52b03a5d567739972b1170460fb5653399ec,ab952b30cfd9529c2909f0807177c90f25ef2bf83c43cdcdd6bd6e4376d9498f,0.9351732180967176,0.9494685492758804,False,0.0,0.0,0,0.0,0.0,0.0
60729.580799476455,75911.97599934557,2,G2,0.37910838300907174,0.013144967714767359,['90016100'],1,0.08577800651113066,0.8,B080,True,-1.0913936421275139e-10,60729.580799476564,1.0000000000000018,29ab4dae7c8cce42cc9a771372d9813fbffac137a978f2b2208a41f61256cc58,224.0985473598488,210428,CERTIFIED_PRB_EXACT,4,['9624708'],26,RENAULT_EMPIRICAL_8CASE_V1,True,E6_BUDGET_RISK_INTERACTION_V1,1207.8600000000001,,56c76844228179cf3b69827daeb25e4494f2f7435ea4d2335af79102117ce0d7,58723.43242053609,0.9669658780361998,3,0.05,,0bcdd7bb99926ed780c56764c531b76971dbb0bf24e77198766a754d9dde95ff,3,True,0.0,c4f718f6a12deb22772cdce20464ca617fa6e19c750a90be06cd2ddc8c245173,800150.7750716611,[],eab5ea31c6dbbc6446799f28bb6b54673eb7b57690cd4540f8a49b4a53757b6f,798.2883789404736,0.013144967714767359,,,E3-210428-B080,True,739421.1942721845,E6-210428-B080-G2,1.2716123999562114,458903.8122638204,279695.9214038669,gurobi-balanced-1e-8-v1,OPTIMAL,96,4072.3785473720022,821.4606044972315,,cc08b6627d2f100652172e56ae78f3e35a97b8c89385b99da534fc20917a8014,1207.8600000000001,58723.43242053609,224.0985473598488,798.2883789404736,60729.580799476564,224.0985473598488,0.37910838300907174,0.013144967714767359,0.8359239060246726,2,90016100|9624708,1,90016100,,9624708,True,2,1,90016100,True,SOURCE_SCHEMA_FIELD_UNAVAILABLE_NOT_FAILURE,True,True,454f7bbbfe30cfb33ad695dd474e52b03a5d567739972b1170460fb5653399ec,ab952b30cfd9529c2909f0807177c90f25ef2bf83c43cdcdd6bd6e4376d9498f,1.008105387492562,1.0301137074561038,False,5.684341886080801e-13,5.684341886080801e-13,0,-9.992007221626409e-16,57887.53099999996,57887.53099999984
60729.580799476455,75911.97599934557,4,G4,0.37910838300906924,0.013144967714767164,['90016100'],1,0.08577800651113142,0.8,B080,True,-3.346940502524376e-10,60729.58079947679,1.0000000000000056,29ab4dae7c8cce42cc9a771372d9813fbffac137a978f2b2208a41f61256cc58,224.09854735984732,210428,CERTIFIED_PRB_EXACT,4,['9624708'],44,RENAULT_EMPIRICAL_8CASE_V1,True,E6_BUDGET_RISK_INTERACTION_V1,1207.8600000000001,True,56c76844228179cf3b69827daeb25e4494f2f7435ea4d2335af79102117ce0d7,58723.43242053633,0.9669658780362037,3,0.05,832933.4730716612,0bcdd7bb99926ed780c56764c531b76971dbb0bf24e77198766a754d9dde95ff,3,True,0.0,c4f718f6a12deb22772cdce20464ca617fa6e19c750a90be06cd2ddc8c245173,832933.473071661,[],eab5ea31c6dbbc6446799f28bb6b54673eb7b57690cd4540f8a49b4a53757b6f,798.2883789404618,0.013144967714767164,0.0,"{'economic_band_tolerance': 1e-07, 'fallback_used': False, 'original_status': 2, 'original_status_name': 'OPTIMAL'}",,False,772203.8922721841,E6-210428-B080-G4,10.827534400392324,479385.31026382145,291997.12140386755,gurobi-balanced-1e-8-v1,OPTIMAL,160,4133.578547372009,821.4606045955211,832933.473071661,cc08b6627d2f100652172e56ae78f3e35a97b8c89385b99da534fc20917a8014,1207.8600000000001,58723.43242053633,224.09854735984732,798.2883789404618,60729.58079947679,224.09854735984732,0.37910838300906924,0.013144967714767164,0.835923906024678,2,90016100|9624708,1,90016100,,9624708,True,2,1,90016100,True,PASS,True,True,454f7bbbfe30cfb33ad695dd474e52b03a5d567739972b1170460fb5653399ec,ab952b30cfd9529c2909f0807177c90f25ef2bf83c43cdcdd6bd6e4376d9498f,1.0494081213021766,1.0757844386155389,False,2.0463630789890885e-12,2.0463630789890885e-12,0,-3.497202527569243e-15,90670.22899999982,90670.22899999947
75911.97599934557,75911.97599934557,0,G0,3.324523706272712e-12,0.0,"['90016100', '9624708']",2,0.13302141299987194,1.0,B100,True,0.0,75911.97599934557,1.0,29ab4dae7c8cce42cc9a771372d9813fbffac137a978f2b2208a41f61256cc58,1.965192453212694e-09,210428,CERTIFIED_PRB_EXACT,0,[],13,RENAULT_EMPIRICAL_8CASE_V1,True,E6_BUDGET_RISK_INTERACTION_V1,1222.776,True,56c76844228179cf3b69827daeb25e4494f2f7435ea4d2335af79102117ce0d7,74689.19999934557,0.9838921858652376,5,0.05,735829.8570816658,0bcdd7bb99926ed780c56764c531b76971dbb0bf24e77198766a754d9dde95ff,5,False,9.992007221626409e-16,c4f718f6a12deb22772cdce20464ca617fa6e19c750a90be06cd2ddc8c245173,735829.857081666,[],eab5ea31c6dbbc6446799f28bb6b54673eb7b57690cd4540f8a49b4a53757b6f,0.0,0.0,3.164191306089241e-16,"{'economic_band_tolerance': 1e-07, 'fallback_used': False, 'original_status': 2, 'original_status_name': 'OPTIMAL'}",E4-210428-G0,True,659917.8810823205,E6-210428-B100-G0,0.09894040017388761,407772.93000000005,249885.46666666665,gurobi-balanced-1e-8-v1,OPTIMAL,48,3760.4799999999996,2259.484414952599,735829.857081666,cc08b6627d2f100652172e56ae78f3e35a97b8c89385b99da534fc20917a8014,1222.776,74689.19999934557,0.0,0.0,75911.97599934557,1.965192453212694e-09,3.324523706272712e-12,0.0,0.7272940102412987,2,90016100|9624708,2,90016100|9624708,,,False,2,2,90016100|9624708,False,PASS,True,True,65cfbd89843e294878030027d1381e68f7904bc682962b1bcdad18823322cd39,7cccc2a9fb5a7edfe43a52640dfac7d4d626bf25c8ed9c14c02dd0fbd08dd251,0.9270678306041443,0.9193548418197641,False,0.0,0.0,0,0.0,0.0,0.0
75911.97599934557,75911.97599934557,2,G2,3.0942602355362093e-12,1.0758297342108241e-13,"['90016100', '9624708']",2,0.1330214129998716,1.0,B100,True,0.0,75911.97599934557,1.0,29ab4dae7c8cce42cc9a771372d9813fbffac137a978f2b2208a41f61256cc58,1.82907911039365e-09,210428,CERTIFIED_PRB_EXACT,0,[],33,RENAULT_EMPIRICAL_8CASE_V1,True,E6_BUDGET_RISK_INTERACTION_V1,1222.776,,56c76844228179cf3b69827daeb25e4494f2f7435ea4d2335af79102117ce0d7,74689.1999993374,0.9838921858651302,5,0.05,,0bcdd7bb99926ed780c56764c531b76971dbb0bf24e77198766a754d9dde95ff,5,False,1.887379141862766e-15,c4f718f6a12deb22772cdce20464ca617fa6e19c750a90be06cd2ddc8c245173,793717.3880816748,[],eab5ea31c6dbbc6446799f28bb6b54673eb7b57690cd4540f8a49b4a53757b6f,8.16683609627944e-09,1.0758297342108241e-13,,,E3-210428-B100,True,717805.4120823293,E6-210428-B100-G2,1.4929630998522043,443939.06100000005,271606.86666666664,gurobi-balanced-1e-8-v1,OPTIMAL,144,3848.2799999999997,2259.4844156625913,,cc08b6627d2f100652172e56ae78f3e35a97b8c89385b99da534fc20917a8014,1222.776,74689.1999993374,1.82907911039365e-09,8.16683609627944e-09,75911.97599934557,1.82907911039365e-09,3.0942602355362093e-12,1.0758297342108241e-13,0.7070002330821226,2,90016100|9624708,2,90016100|9624708,,,False,2,2,90016100|9624708,False,SOURCE_SCHEMA_FIELD_UNAVAILABLE_NOT_FAILURE,True,True,8de971f12de627f763d6c2fd7c8c302729d541a60731e994eded433e6a0f48da,e1fade179c594fd6f0589798c482750f60800db8cf645b58e5e301aa93d03188,1.0,1.0,False,1.361133428190442e-10,1.361133428190442e-10,0,-2.3026347073650257e-13,57887.53100000881,57887.53100000881
75911.97599934557,75911.97599934557,4,G4,3.20992987839238e-12,5.3802976217916864e-14,"['90016100', '9624708']",2,0.1330214129998568,1.0,B100,True,0.0,75911.97599934557,1.0,29ab4dae7c8cce42cc9a771372d9813fbffac137a978f2b2208a41f61256cc58,1.8974537496774246e-09,210428,CERTIFIED_PRB_EXACT,0,[],59,RENAULT_EMPIRICAL_8CASE_V1,True,E6_BUDGET_RISK_INTERACTION_V1,1222.776,True,56c76844228179cf3b69827daeb25e4494f2f7435ea4d2335af79102117ce0d7,74689.19999934148,0.9838921858651838,6,0.05,826500.0860816708,0bcdd7bb99926ed780c56764c531b76971dbb0bf24e77198766a754d9dde95ff,6,False,6.061817714453355e-14,c4f718f6a12deb22772cdce20464ca617fa6e19c750a90be06cd2ddc8c245173,826500.086081671,[],eab5ea31c6dbbc6446799f28bb6b54673eb7b57690cd4540f8a49b4a53757b6f,4.084290239347865e-09,5.3802976217916864e-14,1.4085336927046754e-16,"{'economic_band_tolerance': 1e-07, 'fallback_used': False, 'original_status': 2, 'original_status_name': 'OPTIMAL'}",E4-210428-G4,True,750588.1100823254,E6-210428-B100-G4,15.068174100015312,464420.55900000007,283908.06666666357,gurobi-balanced-1e-8-v1,OPTIMAL,280,3909.4799999998972,2259.4844155511705,826500.086081671,cc08b6627d2f100652172e56ae78f3e35a97b8c89385b99da534fc20917a8014,1222.776,74689.19999934148,1.3614300797826218e-09,4.084290239347865e-09,75911.97599934557,1.8974537496774246e-09,3.20992987839238e-12,5.3802976217916864e-14,0.7175036967378365,2,90016100|9624708,2,90016100|9624708,,,False,2,2,90016100|9624708,False,PASS,True,True,2af7e2281f5c86e64fae3ff349c62a470e3b48b57327131d99b6d43c56786318,0bf4ac7df7ca4430632fd79757a7d122f8188240ca1eb1ed1725e1944bba15cc,1.0413027338096097,1.0456707311594302,False,1.1397860433248752e-09,5.360236698948029e-10,0,-1.1459382788033176e-13,90670.22900000494,90670.22900000494
91094.37119921469,75911.97599934557,0,G0,2.177675492344578e-11,0.0,"['90016100', '9624708']",2,0.13302141299979825,1.2,B120,False,15182.395199214676,75911.97600000001,0.8333333333405175,29ab4dae7c8cce42cc9a771372d9813fbffac137a978f2b2208a41f61256cc58,1.2872675370090292e-08,210428,CERTIFIED_PRB_EXACT,0,[],13,RENAULT_EMPIRICAL_8CASE_V1,True,E6_BUDGET_RISK_INTERACTION_V1,1222.776,True,56c76844228179cf3b69827daeb25e4494f2f7435ea4d2335af79102117ce0d7,74689.20000000001,0.8199101548948823,5,0.05,735829.8570816438,0bcdd7bb99926ed780c56764c531b76971dbb0bf24e77198766a754d9dde95ff,5,False,1.5443202272535927e-13,c4f718f6a12deb22772cdce20464ca617fa6e19c750a90be06cd2ddc8c245173,735829.8570816438,[],eab5ea31c6dbbc6446799f28bb6b54673eb7b57690cd4540f8a49b4a53757b6f,0.0,0.0,0.0,"{'economic_band_tolerance': 1e-07, 'fallback_used': False, 'original_status': 2, 'original_status_name': 'OPTIMAL'}",,False,659917.8810816437,E6-210428-B120-G0,0.13313789991661906,407772.93000000017,249885.46666666525,gurobi-balanced-1e-8-v1,OPTIMAL,48,3760.479999999979,2259.484415077052,735829.8570816438,cc08b6627d2f100652172e56ae78f3e35a97b8c89385b99da534fc20917a8014,1222.776,74689.20000000001,0.0,0.0,75911.97600000001,1.2872675370090292e-08,2.177675492344578e-11,0.0,0.9583632321153766,2,90016100|9624708,2,90016100|9624708,,,False,2,2,90016100|9624708,False,PASS,True,True,fa714f5461dd6d150b4f9860c6337d5de1e0f74569a4d424b3e40255ae2dc0d6,10759802a129f859959c28291594a3fe3e107df6083b2ce2367664a9e31b2ce9,0.9270678306041163,0.9193548418188214,False,0.0,0.0,0,0.0,0.0,0.0
91094.37119921469,75911.97599934557,2,G2,2.177669782712025e-11,4.006321606242584e-13,"['90016100', '9624708']",2,0.13302141299985462,1.2,B120,False,15182.39519917818,75911.9760000365,0.8333333333409182,29ab4dae7c8cce42cc9a771372d9813fbffac137a978f2b2208a41f61256cc58,1.2872641619310343e-08,210428,CERTIFIED_PRB_EXACT,0,[],32,RENAULT_EMPIRICAL_8CASE_V1,True,E6_BUDGET_RISK_INTERACTION_V1,1222.776,,56c76844228179cf3b69827daeb25e4494f2f7435ea4d2335af79102117ce0d7,74689.20000000001,0.8199101548948823,5,0.05,,0bcdd7bb99926ed780c56764c531b76971dbb0bf24e77198766a754d9dde95ff,5,False,5.3512749786932545e-14,c4f718f6a12deb22772cdce20464ca617fa6e19c750a90be06cd2ddc8c245173,793717.3880816456,[],eab5ea31c6dbbc6446799f28bb6b54673eb7b57690cd4540f8a49b4a53757b6f,3.64953347542496e-08,4.006321606242584e-13,,,E3-210428-B120,True,717805.4120816091,E6-210428-B120-G2,1.564868199871853,443939.06100000005,271606.86666666635,gurobi-balanced-1e-8-v1,OPTIMAL,144,3848.279999999995,2259.484414942737,,cc08b6627d2f100652172e56ae78f3e35a97b8c89385b99da534fc20917a8014,1222.776,74689.20000000001,1.2165111584749866e-08,3.64953347542496e-08,75911.9760000365,1.2872641619310343e-08,2.177669782712025e-11,4.006321606242584e-13,0.9450361428924497,2,90016100|9624708,2,90016100|9624708,,,False,2,2,90016100|9624708,False,SOURCE_SCHEMA_FIELD_UNAVAILABLE_NOT_FAILURE,True,True,2d99dfb8571003d1d5003295b1fceabb0bebd34277e2310cb862c0a17b166e16,0af93f9c426276693e0206e2f1a2507290d0dd52ebcfe2df6c164b1eacff675a,0.9999999999999631,0.9999999999989967,False,2.433025692027968e-08,1.2165145335529814e-08,0,-5.7096325531891e-17,57887.53100000182,57887.530999965384
91094.37119921469,75911.97599934557,4,G4,2.177669782712025e-11,4.006321606242584e-13,"['90016100', '9624708']",2,0.13302141299987236,1.2,B120,False,15182.39519917818,75911.9760000365,0.8333333333409182,29ab4dae7c8cce42cc9a771372d9813fbffac137a978f2b2208a41f61256cc58,1.2872641619310343e-08,210428,CERTIFIED_PRB_EXACT,0,[],56,RENAULT_EMPIRICAL_8CASE_V1,True,E6_BUDGET_RISK_INTERACTION_V1,1222.776,True,56c76844228179cf3b69827daeb25e4494f2f7435ea4d2335af79102117ce0d7,74689.20000000001,0.8199101548948823,5,0.05,826500.0860816455,0bcdd7bb99926ed780c56764c531b76971dbb0bf24e77198766a754d9dde95ff,5,False,2.220446049250313e-16,c4f718f6a12deb22772cdce20464ca617fa6e19c750a90be06cd2ddc8c245173,826500.0860816456,[],eab5ea31c6dbbc6446799f28bb6b54673eb7b57690cd4540f8a49b4a53757b6f,3.64953347542496e-08,4.006321606242584e-13,1.4085336927047188e-16,"{'economic_band_tolerance': 1e-07, 'fallback_used': False, 'original_status': 2, 'original_status_name': 'OPTIMAL'}",,False,750588.1100816091,E6-210428-B120-G4,30.989847800000007,464420.55900000007,283908.0666666667,gurobi-balanced-1e-8-v1,OPTIMAL,240,3909.48,2259.48441503445,826500.0860816456,cc08b6627d2f100652172e56ae78f3e35a97b8c89385b99da534fc20917a8014,1222.776,74689.20000000001,1.2165111584749866e-08,3.64953347542496e-08,75911.9760000365,1.2872641619310343e-08,2.177669782712025e-11,4.006321606242584e-13,0.9450361428924497,2,90016100|9624708,2,90016100|9624708,,,False,2,2,90016100|9624708,False,PASS,True,True,2d99dfb8571003d1d5003295b1fceabb0bebd34277e2310cb862c0a17b166e16,0af93f9c426276693e0206e2f1a2507290d0dd52ebcfe2df6c164b1eacff675a,1.0413027338095777,1.0456707311584323,False,2.433025692027968e-08,1.2165145335529814e-08,0,-5.7096325531891e-17,90670.2290000018,90670.22899996536
51725.00639836478,64656.257997955974,0,G0,0.3647985298534135,0.01305814862214244,"['90016100', '90038300', '9624708']",3,0.09651125637499365,0.8,B080,True,7.275957614183426e-12,51725.00639836477,0.9999999999999999,9e9dbbbead031ea0ab251686b256ac1e269b7c145ea3549045dee843657fc5bb,181.10879011912954,210611,CERTIFIED_PRB_EXACT,7,"['90015700', '90038200']",9,RENAULT_EMPIRICAL_8CASE_V1,True,E6_BUDGET_RISK_INTERACTION_V1,592.98,True,f244641d602348af8b2ac31a2bb948b4b0ebca8e33ff446dd07298e3e578a9bf,50456.59357733365,0.97547776386411,3,0.05,542905.0389462913,0bcdd7bb99926ed780c56764c531b76971dbb0bf24e77198766a754d9dde95ff,3,True,0.0,c4f718f6a12deb22772cdce20464ca617fa6e19c750a90be06cd2ddc8c245173,542905.0389462912,[],eab5ea31c6dbbc6446799f28bb6b54673eb7b57690cd4540f8a49b4a53757b6f,675.432821031116,0.01305814862214244,0.0,"{'economic_band_tolerance': 1e-07, 'fallback_used': False, 'original_status': 2, 'original_status_name': 'OPTIMAL'}",,False,491180.0325479264,E6-210611-B080-G0,0.06259959999988496,304263.26367626624,186244.62901420286,gurobi-balanced-1e-8-v1,OPTIMAL,32,2866.7087901420286,672.1398575497385,542905.0389462912,deca1c7decbb01c5500ede566cd790a44cfa86e99c1b761b9f30cd30eb63ef81,592.98,50456.59357733365,181.10879011912954,675.432821031116,51725.00639836477,181.10879011912954,0.3647985298534135,0.01305814862214244,0.796929844792132,5,90015700|90016100|90038200|90038300|9624708,3,90016100|90038300|9624708,,90015700|90038200,True,5,3,90016100|90038300|9624708,True,PASS,True,True,5b0658a3871163fea6e0ec743cd0154299194259304a60f90fb2045d9cda27af,666ab815e10386b34b839d15a25b6191003a0440a7c42249c05d70622c982b7c,0.8793185320025704,0.8885964192263047,False,0.0,0.0,0,0.0,0.0,0.0
51725.00639836478,64656.257997955974,2,G2,0.3647985298534134,0.01305814862214238,"['90016100', '90038300', '9624708']",3,0.0965112563749936,0.8,B080,True,-7.275957614183426e-12,51725.006398364785,1.0000000000000002,9e9dbbbead031ea0ab251686b256ac1e269b7c145ea3549045dee843657fc5bb,181.10879011912948,210611,CERTIFIED_PRB_EXACT,7,"['90015700', '90038200']",26,RENAULT_EMPIRICAL_8CASE_V1,True,E6_BUDGET_RISK_INTERACTION_V1,592.98,,f244641d602348af8b2ac31a2bb948b4b0ebca8e33ff446dd07298e3e578a9bf,50456.59357733367,0.9754777638641102,3,0.05,,0bcdd7bb99926ed780c56764c531b76971dbb0bf24e77198766a754d9dde95ff,3,True,0.0,c4f718f6a12deb22772cdce20464ca617fa6e19c750a90be06cd2ddc8c245173,623354.3933212913,[],eab5ea31c6dbbc6446799f28bb6b54673eb7b57690cd4540f8a49b4a53757b6f,675.4328210311128,0.01305814862214238,,,E3-210611-B080,True,571629.3869229265,E6-210611-B080-G2,1.2697533001191914,354525.2430512745,216432.004014202,gurobi-balanced-1e-8-v1,OPTIMAL,96,2988.58379014202,672.1398574500345,,deca1c7decbb01c5500ede566cd790a44cfa86e99c1b761b9f30cd30eb63ef81,592.98,50456.59357733367,181.10879011912914,675.4328210311128,51725.006398364785,181.10879011912948,0.3647985298534134,0.01305814862214238,0.7969298447921322,5,90015700|90016100|90038200|90038300|9624708,3,90016100|90038300|9624708,,90015700|90038200,True,5,3,90016100|90038300|9624708,True,SOURCE_SCHEMA_FIELD_UNAVAILABLE_NOT_FAILURE,True,True,5b0658a3871163fea6e0ec743cd0154299194259304a60f90fb2045d9cda27af,666ab815e10386b34b839d15a25b6191003a0440a7c42249c05d70622c982b7c,1.009618682332503,1.0341377757343544,False,5.684341886080802e-14,5.684341886080802e-14,0,-1.1102230246251565e-16,80449.35437500011,80449.35437500011
51725.00639836478,64656.257997955974,4,G4,0.3647985298534134,0.01305814862214238,"['90016100', '90038300', '9624708']",3,0.09651125637499457,0.8,B080,True,-7.275957614183426e-12,51725.006398364785,1.0000000000000002,9e9dbbbead031ea0ab251686b256ac1e269b7c145ea3549045dee843657fc5bb,181.10879011912948,210611,CERTIFIED_PRB_EXACT,7,"['90015700', '90038200']",44,RENAULT_EMPIRICAL_8CASE_V1,True,E6_BUDGET_RISK_INTERACTION_V1,592.98,True,f244641d602348af8b2ac31a2bb948b4b0ebca8e33ff446dd07298e3e578a9bf,50456.59357733367,0.9754777638641102,3,0.05,651142.0151962913,0bcdd7bb99926ed780c56764c531b76971dbb0bf24e77198766a754d9dde95ff,3,True,0.0,c4f718f6a12deb22772cdce20464ca617fa6e19c750a90be06cd2ddc8c245173,651142.0151962913,[],eab5ea31c6dbbc6446799f28bb6b54673eb7b57690cd4540f8a49b4a53757b6f,675.4328210311128,0.01305814862214238,0.0,"{'economic_band_tolerance': 1e-07, 'fallback_used': False, 'original_status': 2, 'original_status_name': 'OPTIMAL'}",,False,599417.0087979265,E6-210611-B080-G4,12.638462600000821,371885.989926274,226858.87901420213,gurobi-balanced-1e-8-v1,OPTIMAL,160,3040.458790142021,672.1398575500433,651142.0151962913,deca1c7decbb01c5500ede566cd790a44cfa86e99c1b761b9f30cd30eb63ef81,592.98,50456.59357733367,181.10879011912914,675.4328210311128,51725.006398364785,181.10879011912948,0.3647985298534134,0.01305814862214238,0.7969298447921322,5,90015700|90016100|90038200|90038300|9624708,3,90016100|90038300|9624708,,90015700|90038200,True,5,3,90016100|90038300|9624708,True,PASS,True,True,5b0658a3871163fea6e0ec743cd0154299194259304a60f90fb2045d9cda27af,666ab815e10386b34b839d15a25b6191003a0440a7c42249c05d70622c982b7c,1.0546250262087562,1.0844085108227768,False,5.684341886080802e-14,5.684341886080802e-14,0,-1.1102230246251565e-16,108236.97625000007,108236.97625000007
64656.257997955974,64656.257997955974,0,G0,1.1724219869937388e-10,-3.203517858647579e-12,"['90015700', '90016100', '90038200', '90038300', '9624708']",5,0.14426357073257648,1.0,B100,True,-6.259506335482001e-08,64656.25799801857,1.0000000000009681,9e9dbbbead031ea0ab251686b256ac1e269b7c145ea3549045dee843657fc5bb,5.820635506914584e-08,210611,CERTIFIED_PRB_EXACT,0,[],13,RENAULT_EMPIRICAL_8CASE_V1,True,E6_BUDGET_RISK_INTERACTION_V1,691.008,True,f244641d602348af8b2ac31a2bb948b4b0ebca8e33ff446dd07298e3e578a9bf,63965.24999822569,0.9893125890497386,5,0.05,536966.3137671129,0bcdd7bb99926ed780c56764c531b76971dbb0bf24e77198766a754d9dde95ff,5,False,0.0,c4f718f6a12deb22772cdce20464ca617fa6e19c750a90be06cd2ddc8c245173,536966.313767111,[],eab5ea31c6dbbc6446799f28bb6b54673eb7b57690cd4540f8a49b4a53757b6f,-2.071274771697773e-07,-3.203517858647579e-12,0.0,"{'economic_band_tolerance': 1e-07, 'fallback_used': False, 'original_status': 2, 'original_status_name': 'OPTIMAL'}",E4-210611-G0,True,472310.05576909246,E6-210611-B100-G0,0.11170370015315711,291362.5125,179271.25,gurobi-balanced-1e-8-v1,OPTIMAL,48,2685.6000000000004,1676.2932675007048,536966.3137671129,deca1c7decbb01c5500ede566cd790a44cfa86e99c1b761b9f30cd30eb63ef81,691.008,63965.24999822569,-3.9540864582576774e-08,-2.071274771697773e-07,64656.25799801857,5.820635506914584e-08,1.1724219869937388e-10,-3.203517858647579e-12,0.3752148347413754,5,90015700|90016100|90038200|90038300|9624708,5,90015700|90016100|90038200|90038300|9624708,,,False,5,5,90015700|90016100|90038200|90038300|9624708,False,PASS,True,True,63196f9b9c36d55471df0abd2773b51170b99f8429a0cf8edc1ccbfbbbb649d6,2c86316dead955a7d8fe3eaf577ad0fa07843c10b5fb0620bd4c2cc13a2a2000,0.8696998496697288,0.854458643491459,False,0.0,0.0,0,0.0,0.0,0.0
64656.257997955974,64656.257997955974,2,G2,1.0912611454632943e-10,1.7277089401035133e-12,"['90015700', '90016100', '90038200', '90038300', '9624708']",5,0.14426357073257684,1.0,B100,True,7.275957614183426e-12,64656.25799795597,0.9999999999999999,9e9dbbbead031ea0ab251686b256ac1e269b7c145ea3549045dee843657fc5bb,5.417702364049791e-08,210611,CERTIFIED_PRB_EXACT,0,[],34,RENAULT_EMPIRICAL_8CASE_V1,True,E6_BUDGET_RISK_INTERACTION_V1,691.008,,f244641d602348af8b2ac31a2bb948b4b0ebca8e33ff446dd07298e3e578a9bf,63965.24999784426,0.9893125890438391,5,0.05,,0bcdd7bb99926ed780c56764c531b76971dbb0bf24e77198766a754d9dde95ff,5,False,0.0,c4f718f6a12deb22772cdce20464ca617fa6e19c750a90be06cd2ddc8c245173,617415.6681423202,[],eab5ea31c6dbbc6446799f28bb6b54673eb7b57690cd4540f8a49b4a53757b6f,1.1170719497670783e-07,1.7277089401035133e-12,,,E3-210611-B100,True,552759.4101443642,E6-210611-B100-G2,1.7427417999133468,341624.49187500007,209458.625,gurobi-balanced-1e-8-v1,OPTIMAL,144,2807.475,1676.2932693641633,,deca1c7decbb01c5500ede566cd790a44cfa86e99c1b761b9f30cd30eb63ef81,691.008,63965.24999784426,3.723573165890261e-08,1.1170719497670783e-07,64656.25799795597,5.417702364049791e-08,1.0912611454632943e-10,1.7277089401035133e-12,0.5827457761557581,5,90015700|90016100|90038200|90038300|9624708,5,90015700|90016100|90038200|90038300|9624708,,,False,5,5,90015700|90016100|90038200|90038300|9624708,False,SOURCE_SCHEMA_FIELD_UNAVAILABLE_NOT_FAILURE,True,True,5ddefecd6276a4bc076bf82689db27f2ccb4d056b6abcd3f23ab432c508e6019,adf18966f596d7ef7ded54459c7933885e3ec356c4f81ee94de1c2ce539026bc,1.0,1.0,False,1.1238337870964376e-07,3.157143169119081e-08,0,-8.116084153044448e-12,80449.3543752092,80449.35437527177
64656.257997955974,64656.257997955974,4,G4,1.0912611454632943e-10,1.7277089401035133e-12,"['90015700', '90016100', '90038200', '90038300', '9624708']",5,0.1442635707325769,1.0,B100,True,7.275957614183426e-12,64656.25799795597,0.9999999999999999,9e9dbbbead031ea0ab251686b256ac1e269b7c145ea3549045dee843657fc5bb,5.417702364049791e-08,210611,CERTIFIED_PRB_EXACT,0,[],60,RENAULT_EMPIRICAL_8CASE_V1,True,E6_BUDGET_RISK_INTERACTION_V1,691.008,True,f244641d602348af8b2ac31a2bb948b4b0ebca8e33ff446dd07298e3e578a9bf,63965.24999784426,0.9893125890438391,5,0.05,645203.2900173222,0bcdd7bb99926ed780c56764c531b76971dbb0bf24e77198766a754d9dde95ff,5,False,0.0,c4f718f6a12deb22772cdce20464ca617fa6e19c750a90be06cd2ddc8c245173,645203.2900173202,[],eab5ea31c6dbbc6446799f28bb6b54673eb7b57690cd4540f8a49b4a53757b6f,1.1170719497670783e-07,1.7277089401035133e-12,0.0,"{'economic_band_tolerance': 1e-07, 'fallback_used': False, 'original_status': 2, 'original_status_name': 'OPTIMAL'}",E4-210611-G4,True,580547.0320193642,E6-210611-B100-G4,14.241052800090984,358985.23875,219885.5,gurobi-balanced-1e-8-v1,OPTIMAL,240,2859.35,1676.2932654159513,645203.290017161,deca1c7decbb01c5500ede566cd790a44cfa86e99c1b761b9f30cd30eb63ef81,691.008,63965.24999784426,3.723573165890261e-08,1.1170719497670783e-07,64656.25799795597,5.417702364049791e-08,1.0912611454632943e-10,1.7277089401035133e-12,0.5827457761557581,5,90015700|90016100|90038200|90038300|9624708,5,90015700|90016100|90038200|90038300|9624708,,,False,5,5,90015700|90016100|90038200|90038300|9624708,False,PASS,True,True,5ddefecd6276a4bc076bf82689db27f2ccb4d056b6abcd3f23ab432c508e6019,adf18966f596d7ef7ded54459c7933885e3ec356c4f81ee94de1c2ce539026bc,1.0450063438762534,1.0502707350884224,False,1.1238337870964376e-07,3.157143169119081e-08,0,-8.116084153044448e-12,108236.97625020915,108236.97625027172
77587.50959754716,64656.257997955974,0,G0,8.882567204156902e-11,0.0,"['90015700', '90016100', '90038200', '90038300', '9624708']",5,0.1442635707325748,1.2,B120,False,12931.251597547147,64656.258000000016,0.8333333333596784,9e9dbbbead031ea0ab251686b256ac1e269b7c145ea3549045dee843657fc5bb,4.4098615203935765e-08,210611,CERTIFIED_PRB_EXACT,0,[],13,RENAULT_EMPIRICAL_8CASE_V1,True,E6_BUDGET_RISK_INTERACTION_V1,691.008,True,f244641d602348af8b2ac31a2bb948b4b0ebca8e33ff446dd07298e3e578a9bf,63965.250000000015,0.8244271575643175,5,0.05,536966.3137671071,0bcdd7bb99926ed780c56764c531b76971dbb0bf24e77198766a754d9dde95ff,5,False,0.0,c4f718f6a12deb22772cdce20464ca617fa6e19c750a90be06cd2ddc8c245173,536966.3137671052,[],eab5ea31c6dbbc6446799f28bb6b54673eb7b57690cd4540f8a49b4a53757b6f,0.0,0.0,0.0,"{'economic_band_tolerance': 1e-07, 'fallback_used': False, 'original_status': 2, 'original_status_name': 'OPTIMAL'}",,False,472310.0557671052,E6-210611-B120-G0,0.09674939999968046,291362.5125,179271.25,gurobi-balanced-1e-8-v1,OPTIMAL,48,2685.6,1676.293267425608,536966.3137671071,deca1c7decbb01c5500ede566cd790a44cfa86e99c1b761b9f30cd30eb63ef81,691.008,63965.250000000015,0.0,0.0,64656.258000000016,4.4098615203935765e-08,8.882567204156902e-11,0.0,0.4013952955790231,5,90015700|90016100|90038200|90038300|9624708,5,90015700|90016100|90038200|90038300|9624708,,,False,5,5,90015700|90016100|90038200|90038300|9624708,False,PASS,True,True,7c09f18ff3d5b1d66f4339830a1c5124178217bc6349fd7c74eaa814a4ef0800,a8bddfc30aca8f015b34fadda48a2ec6180bf07d6ed84eee9ac98c56a8fbba53,0.8696998496697194,0.8544586434878638,False,0.0,0.0,0,0.0,0.0,0.0
77587.50959754716,64656.257997955974,2,G2,1.1194966253266723e-10,0.0,"['90015700', '90016100', '90038200', '90038300', '9624708']",5,0.14426357073257692,1.2,B120,False,12931.251597547147,64656.258000000016,0.8333333333596784,9e9dbbbead031ea0ab251686b256ac1e269b7c145ea3549045dee843657fc5bb,5.557880933260151e-08,210611,CERTIFIED_PRB_EXACT,0,[],34,RENAULT_EMPIRICAL_8CASE_V1,True,E6_BUDGET_RISK_INTERACTION_V1,691.008,,f244641d602348af8b2ac31a2bb948b4b0ebca8e33ff446dd07298e3e578a9bf,63965.250000000015,0.8244271575643175,5,0.05,,0bcdd7bb99926ed780c56764c531b76971dbb0bf24e77198766a754d9dde95ff,5,False,0.0,c4f718f6a12deb22772cdce20464ca617fa6e19c750a90be06cd2ddc8c245173,617415.6681420989,[],eab5ea31c6dbbc6446799f28bb6b54673eb7b57690cd4540f8a49b4a53757b6f,0.0,0.0,,,E3-210611-B120,True,552759.4101420989,E6-210611-B120-G2,1.5119634000584483,341624.49187500007,209458.625,gurobi-balanced-1e-8-v1,OPTIMAL,144,2807.475,1676.2932670988375,,deca1c7decbb01c5500ede566cd790a44cfa86e99c1b761b9f30cd30eb63ef81,691.008,63965.250000000015,0.0,0.0,64656.258000000016,5.557880933260151e-08,1.1194966253266723e-10,0.0,0.3184842729983841,5,90015700|90016100|90038200|90038300|9624708,5,90015700|90016100|90038200|90038300|9624708,,,False,5,5,90015700|90016100|90038200|90038300|9624708,False,SOURCE_SCHEMA_FIELD_UNAVAILABLE_NOT_FAILURE,True,True,0b85469f43db9c6f84589bbd9bfa7edb38d25a871df445a345b72f5eb5803c37,2103d6da8e762244e448b76dcbef965f9a3a47e798b14cf0706643809db41d00,0.9999999999996415,0.9999999999959018,False,3.304363138667554e-08,1.07817186290049e-08,0,2.312399049109821e-11,80449.35437499371,80449.35437499371
77587.50959754716,64656.257997955974,4,G4,1.1194966253266723e-10,0.0,"['90015700', '90016100', '90038200', '90038300', '9624708']",5,0.14426357073257715,1.2,B120,False,12931.251597547147,64656.258000000016,0.8333333333596784,9e9dbbbead031ea0ab251686b256ac1e269b7c145ea3549045dee843657fc5bb,5.557880933260151e-08,210611,CERTIFIED_PRB_EXACT,0,[],59,RENAULT_EMPIRICAL_8CASE_V1,True,E6_BUDGET_RISK_INTERACTION_V1,691.008,True,f244641d602348af8b2ac31a2bb948b4b0ebca8e33ff446dd07298e3e578a9bf,63965.250000000015,0.8244271575643175,5,0.05,645203.2900170995,0bcdd7bb99926ed780c56764c531b76971dbb0bf24e77198766a754d9dde95ff,5,False,0.0,c4f718f6a12deb22772cdce20464ca617fa6e19c750a90be06cd2ddc8c245173,645203.2900170994,[],eab5ea31c6dbbc6446799f28bb6b54673eb7b57690cd4540f8a49b4a53757b6f,0.0,0.0,0.0,"{'economic_band_tolerance': 1e-07, 'fallback_used': False, 'original_status': 2, 'original_status_name': 'OPTIMAL'}",,False,580547.0320170993,E6-210611-B120-G4,15.288333399999829,358985.23875,219885.5,gurobi-balanced-1e-8-v1,OPTIMAL,240,2859.35,1676.2932670953417,645203.2900170994,deca1c7decbb01c5500ede566cd790a44cfa86e99c1b761b9f30cd30eb63ef81,691.008,63965.250000000015,0.0,0.0,64656.258000000016,5.557880933260151e-08,1.1194966253266723e-10,0.0,0.3184842729983841,5,90015700|90016100|90038200|90038300|9624708,5,90015700|90016100|90038200|90038300|9624708,,,False,5,5,90015700|90016100|90038200|90038300|9624708,False,PASS,True,True,0b85469f43db9c6f84589bbd9bfa7edb38d25a871df445a345b72f5eb5803c37,2103d6da8e762244e448b76dcbef965f9a3a47e798b14cf0706643809db41d00,1.0450063438758956,1.050270735084325,False,3.304363138667554e-08,1.07817186290049e-08,0,2.312399049109821e-11,108236.97624999413,108236.97624999413
