entity_type,case_id,entity_id,latitude,longitude,region_id,is_medoid,source_status,source_file
customer,210202,187312,46.84,0.54,5,false,RECOVERED_FROM_FROZEN_ARTIFACT,renault_data_pipeline/data/renault_processed/210202/customers.csv
customer,210202,187313,45.55,3.26,5,false,RECOVERED_FROM_FROZEN_ARTIFACT,renault_data_pipeline/data/renault_processed/210202/customers.csv
customer,210202,239401,46.4,5.79,7,false,RECOVERED_FROM_FROZEN_ARTIFACT,renault_data_pipeline/data/renault_processed/210202/customers.csv
customer,210202,239404,45.14,5.3,7,false,RECOVERED_FROM_FROZEN_ARTIFACT,renault_data_pipeline/data/renault_processed/210202/customers.csv
customer,210202,239406,39.72,-8.93,2,false,RECOVERED_FROM_FROZEN_ARTIFACT,renault_data_pipeline/data/renault_processed/210202/customers.csv
customer,210202,239407,48.39,18.0,9,false,RECOVERED_FROM_FROZEN_ARTIFACT,renault_data_pipeline/data/renault_processed/210202/customers.csv
customer,210202,239412,48.36,0.37,5,false,RECOVERED_FROM_FROZEN_ARTIFACT,renault_data_pipeline/data/renault_processed/210202/customers.csv
customer,210202,239414,48.37,0.56,5,true,RECOVERED_FROM_FROZEN_ARTIFACT,renault_data_pipeline/data/renault_processed/210202/customers.csv
customer,210202,292606,46.79,21.63,9,false,RECOVERED_FROM_FROZEN_ARTIFACT,renault_data_pipeline/data/renault_processed/210202/customers.csv
customer,210202,322802,48.98,1.89,5,false,RECOVERED_FROM_FROZEN_ARTIFACT,renault_data_pipeline/data/renault_processed/210202/customers.csv
customer,210202,487216,46.54,3.35,7,false,RECOVERED_FROM_FROZEN_ARTIFACT,renault_data_pipeline/data/renault_processed/210202/customers.csv
customer,210202,487229,51.16,17.16,10,false,RECOVERED_FROM_FROZEN_ARTIFACT,renault_data_pipeline/data/renault_processed/210202/customers.csv
customer,210202,487232,48.69,8.12,7,false,RECOVERED_FROM_FROZEN_ARTIFACT,renault_data_pipeline/data/renault_processed/210202/customers.csv
customer,210202,487233,50.99,10.35,8,false,RECOVERED_FROM_FROZEN_ARTIFACT,renault_data_pipeline/data/renault_processed/210202/customers.csv
customer,210202,487241,41.53,-8.43,2,false,RECOVERED_FROM_FROZEN_ARTIFACT,renault_data_pipeline/data/renault_processed/210202/customers.csv
customer,210202,487248,41.31,1.63,6,false,RECOVERED_FROM_FROZEN_ARTIFACT,renault_data_pipeline/data/renault_processed/210202/customers.csv
customer,210202,487266,46.87,23.78,11,false,RECOVERED_FROM_FROZEN_ARTIFACT,renault_data_pipeline/data/renault_processed/210202/customers.csv
customer,210202,487281,41.51,-8.46,2,false,RECOVERED_FROM_FROZEN_ARTIFACT,renault_data_pipeline/data/renault_processed/210202/customers.csv
customer,210202,487282,50.94,5.49,7,false,RECOVERED_FROM_FROZEN_ARTIFACT,renault_data_pipeline/data/renault_processed/210202/customers.csv
customer,210202,631303,48.02,2.72,5,false,RECOVERED_FROM_FROZEN_ARTIFACT,renault_data_pipeline/data/renault_processed/210202/customers.csv
customer,210202,679301,49.46,5.86,7,false,RECOVERED_FROM_FROZEN_ARTIFACT,renault_data_pipeline/data/renault_processed/210202/customers.csv
customer,210202,772511,49.94,2.27,5,false,RECOVERED_FROM_FROZEN_ARTIFACT,renault_data_pipeline/data/renault_processed/210202/customers.csv
customer,210202,772524,50.47,2.6,7,false,RECOVERED_FROM_FROZEN_ARTIFACT,renault_data_pipeline/data/renault_processed/210202/customers.csv
customer,210202,772544,49.29,5.68,7,false,RECOVERED_FROM_FROZEN_ARTIFACT,renault_data_pipeline/data/renault_processed/210202/customers.csv
customer,210202,923601,49.44,1.91,5,false,RECOVERED_FROM_FROZEN_ARTIFACT,renault_data_pipeline/data/renault_processed/210202/customers.csv
customer,210202,923606,44.1,1.1,6,false,RECOVERED_FROM_FROZEN_ARTIFACT,renault_data_pipeline/data/renault_processed/210202/customers.csv
customer,210202,923610,41.54,2.04,6,false,RECOVERED_FROM_FROZEN_ARTIFACT,renault_data_pipeline/data/renault_processed/210202/customers.csv
customer,210202,923613,48.38,18.4,9,false,RECOVERED_FROM_FROZEN_ARTIFACT,renault_data_pipeline/data/renault_processed/210202/customers.csv
customer,210202,923617,46.27,5.66,7,false,RECOVERED_FROM_FROZEN_ARTIFACT,renault_data_pipeline/data/renault_processed/210202/customers.csv
customer,210202,923619,44.84,24.89,11,false,RECOVERED_FROM_FROZEN_ARTIFACT,renault_data_pipeline/data/renault_processed/210202/customers.csv
customer,210202,923681,49.44,1.9,5,false,RECOVERED_FROM_FROZEN_ARTIFACT,renault_data_pipeline/data/renault_processed/210202/customers.csv
customer,210202,1105407,46.98,3.16,7,false,RECOVERED_FROM_FROZEN_ARTIFACT,renault_data_pipeline/data/renault_processed/210202/customers.csv
customer,210202,1295500,49.22,2.13,5,false,RECOVERED_FROM_FROZEN_ARTIFACT,renault_data_pipeline/data/renault_processed/210202/customers.csv
customer,210202,1295511,50.51,2.47,7,false,RECOVERED_FROM_FROZEN_ARTIFACT,renault_data_pipeline/data/renault_processed/210202/customers.csv
customer,210202,1295540,49.22,2.13,5,false,RECOVERED_FROM_FROZEN_ARTIFACT,renault_data_pipeline/data/renault_processed/210202/customers.csv
customer,210202,1349821,49.17,5.98,7,false,RECOVERED_FROM_FROZEN_ARTIFACT,renault_data_pipeline/data/renault_processed/210202/customers.csv
customer,210202,1349826,44.89,24.84,11,false,RECOVERED_FROM_FROZEN_ARTIFACT,renault_data_pipeline/data/renault_processed/210202/customers.csv
customer,210202,1349831,33.79,-7.16,1,false,RECOVERED_FROM_FROZEN_ARTIFACT,renault_data_pipeline/data/renault_processed/210202/customers.csv
customer,210202,1607201,47.97,3.54,7,false,RECOVERED_FROM_FROZEN_ARTIFACT,renault_data_pipeline/data/renault_processed/210202/customers.csv
customer,210202,1650000,48.52,2.63,5,false,RECOVERED_FROM_FROZEN_ARTIFACT,renault_data_pipeline/data/renault_processed/210202/customers.csv
customer,210202,1689201,49.29,6.53,7,false,RECOVERED_FROM_FROZEN_ARTIFACT,renault_data_pipeline/data/renault_processed/210202/customers.csv
customer,210202,1746907,49.19,6.7,7,false,RECOVERED_FROM_FROZEN_ARTIFACT,renault_data_pipeline/data/renault_processed/210202/customers.csv
customer,210202,1834600,46.07,6.4,7,false,RECOVERED_FROM_FROZEN_ARTIFACT,renault_data_pipeline/data/renault_processed/210202/customers.csv
customer,210202,1925700,50.54,2.99,7,false,RECOVERED_FROM_FROZEN_ARTIFACT,renault_data_pipeline/data/renault_processed/210202/customers.csv
customer,210202,1925732,41.89,-5.06,2,true,RECOVERED_FROM_FROZEN_ARTIFACT,renault_data_pipeline/data/renault_processed/210202/customers.csv
customer,210202,1925736,41.89,-5.06,2,false,RECOVERED_FROM_FROZEN_ARTIFACT,renault_data_pipeline/data/renault_processed/210202/customers.csv
customer,210202,1960400,45.89,4.82,7,false,RECOVERED_FROM_FROZEN_ARTIFACT,renault_data_pipeline/data/renault_processed/210202/customers.csv
customer,210202,2096325,41.53,-8.43,2,false,RECOVERED_FROM_FROZEN_ARTIFACT,renault_data_pipeline/data/renault_processed/210202/customers.csv
customer,210202,2096343,46.54,3.35,7,false,RECOVERED_FROM_FROZEN_ARTIFACT,renault_data_pipeline/data/renault_processed/210202/customers.csv
customer,210202,2096380,46.87,23.78,11,false,RECOVERED_FROM_FROZEN_ARTIFACT,renault_data_pipeline/data/renault_processed/210202/customers.csv
customer,210202,2096396,50.94,5.49,7,false,RECOVERED_FROM_FROZEN_ARTIFACT,renault_data_pipeline/data/renault_processed/210202/customers.csv
customer,210202,2115302,50.77,7.94,8,false,RECOVERED_FROM_FROZEN_ARTIFACT,renault_data_pipeline/data/renault_processed/210202/customers.csv
customer,210202,2154104,51.53,7.08,7,false,RECOVERED_FROM_FROZEN_ARTIFACT,renault_data_pipeline/data/renault_processed/210202/customers.csv
customer,210202,2178901,48.07,10.84,8,false,RECOVERED_FROM_FROZEN_ARTIFACT,renault_data_pipeline/data/renault_processed/210202/customers.csv
customer,210202,2318606,47.14,18.42,9,false,RECOVERED_FROM_FROZEN_ARTIFACT,renault_data_pipeline/data/renault_processed/210202/customers.csv
customer,210202,2325200,50.38,7.6,7,false,RECOVERED_FROM_FROZEN_ARTIFACT,renault_data_pipeline/data/renault_processed/210202/customers.csv
customer,210202,2325204,50.35,7.49,7,false,RECOVERED_FROM_FROZEN_ARTIFACT,renault_data_pipeline/data/renault_processed/210202/customers.csv
customer,210202,2388402,51.82,9.84,8,false,RECOVERED_FROM_FROZEN_ARTIFACT,renault_data_pipeline/data/renault_processed/210202/customers.csv
customer,210202,2395801,49.87,8.79,8,false,RECOVERED_FROM_FROZEN_ARTIFACT,renault_data_pipeline/data/renault_processed/210202/customers.csv
customer,210202,2407003,45.61,9.22,7,false,RECOVERED_FROM_FROZEN_ARTIFACT,renault_data_pipeline/data/renault_processed/210202/customers.csv
customer,210202,2417604,42.73,-1.61,3,false,RECOVERED_FROM_FROZEN_ARTIFACT,renault_data_pipeline/data/renault_processed/210202/customers.csv
customer,210202,2425700,40.85,-8.48,2,false,RECOVERED_FROM_FROZEN_ARTIFACT,renault_data_pipeline/data/renault_processed/210202/customers.csv
customer,210202,2471300,51.18,7.19,7,false,RECOVERED_FROM_FROZEN_ARTIFACT,renault_data_pipeline/data/renault_processed/210202/customers.csv
customer,210202,2477601,52.46,8.39,8,false,RECOVERED_FROM_FROZEN_ARTIFACT,renault_data_pipeline/data/renault_processed/210202/customers.csv
customer,210202,2487200,41.65,-4.73,2,false,RECOVERED_FROM_FROZEN_ARTIFACT,renault_data_pipeline/data/renault_processed/210202/customers.csv
customer,210202,2488101,43.31,-2.46,2,false,RECOVERED_FROM_FROZEN_ARTIFACT,renault_data_pipeline/data/renault_processed/210202/customers.csv
customer,210202,2488800,42.46,-2.41,2,false,RECOVERED_FROM_FROZEN_ARTIFACT,renault_data_pipeline/data/renault_processed/210202/customers.csv
customer,210202,2488803,35.77,-5.8,1,false,RECOVERED_FROM_FROZEN_ARTIFACT,renault_data_pipeline/data/renault_processed/210202/customers.csv
customer,210202,2488804,42.46,-2.41,2,false,RECOVERED_FROM_FROZEN_ARTIFACT,renault_data_pipeline/data/renault_processed/210202/customers.csv
customer,210202,2496900,43.17,-2.61,2,false,RECOVERED_FROM_FROZEN_ARTIFACT,renault_data_pipeline/data/renault_processed/210202/customers.csv
customer,210202,2504100,41.69,-0.97,6,false,RECOVERED_FROM_FROZEN_ARTIFACT,renault_data_pipeline/data/renault_processed/210202/customers.csv
customer,210202,2515600,41.2,-8.61,2,false,RECOVERED_FROM_FROZEN_ARTIFACT,renault_data_pipeline/data/renault_processed/210202/customers.csv
customer,210202,2519301,42.29,-7.82,2,false,RECOVERED_FROM_FROZEN_ARTIFACT,renault_data_pipeline/data/renault_processed/210202/customers.csv
customer,210202,2519302,41.28,-4.68,2,false,RECOVERED_FROM_FROZEN_ARTIFACT,renault_data_pipeline/data/renault_processed/210202/customers.csv
customer,210202,2555100,43.3,-2.67,2,false,RECOVERED_FROM_FROZEN_ARTIFACT,renault_data_pipeline/data/renault_processed/210202/customers.csv
customer,210202,2555101,43.0,-1.66,2,false,RECOVERED_FROM_FROZEN_ARTIFACT,renault_data_pipeline/data/renault_processed/210202/customers.csv
customer,210202,2555108,43.2,-2.71,2,false,RECOVERED_FROM_FROZEN_ARTIFACT,renault_data_pipeline/data/renault_processed/210202/customers.csv
customer,210202,2562800,40.32,-3.46,3,false,RECOVERED_FROM_FROZEN_ARTIFACT,renault_data_pipeline/data/renault_processed/210202/customers.csv
customer,210202,2567601,41.39,1.15,6,false,RECOVERED_FROM_FROZEN_ARTIFACT,renault_data_pipeline/data/renault_processed/210202/customers.csv
customer,210202,2571500,40.49,-3.41,3,true,RECOVERED_FROM_FROZEN_ARTIFACT,renault_data_pipeline/data/renault_processed/210202/customers.csv
customer,210202,2571703,45.37,7.67,7,false,RECOVERED_FROM_FROZEN_ARTIFACT,renault_data_pipeline/data/renault_processed/210202/customers.csv
customer,210202,2573201,40.12,-3.66,3,false,RECOVERED_FROM_FROZEN_ARTIFACT,renault_data_pipeline/data/renault_processed/210202/customers.csv
customer,210202,2573202,41.83,-4.56,2,false,RECOVERED_FROM_FROZEN_ARTIFACT,renault_data_pipeline/data/renault_processed/210202/customers.csv
customer,210202,2573203,41.96,-8.68,2,false,RECOVERED_FROM_FROZEN_ARTIFACT,renault_data_pipeline/data/renault_processed/210202/customers.csv
customer,210202,2573206,41.78,1.86,6,false,RECOVERED_FROM_FROZEN_ARTIFACT,renault_data_pipeline/data/renault_processed/210202/customers.csv
customer,210202,2573209,40.88,-8.44,2,false,RECOVERED_FROM_FROZEN_ARTIFACT,renault_data_pipeline/data/renault_processed/210202/customers.csv
customer,210202,2573211,38.09,-3.66,3,false,RECOVERED_FROM_FROZEN_ARTIFACT,renault_data_pipeline/data/renault_processed/210202/customers.csv
customer,210202,2573214,47.38,18.19,9,false,RECOVERED_FROM_FROZEN_ARTIFACT,renault_data_pipeline/data/renault_processed/210202/customers.csv
customer,210202,2573221,48.73,2.73,5,false,RECOVERED_FROM_FROZEN_ARTIFACT,renault_data_pipeline/data/renault_processed/210202/customers.csv
customer,210202,2573222,48.26,0.69,5,false,RECOVERED_FROM_FROZEN_ARTIFACT,renault_data_pipeline/data/renault_processed/210202/customers.csv
customer,210202,2573223,48.29,2.21,5,false,RECOVERED_FROM_FROZEN_ARTIFACT,renault_data_pipeline/data/renault_processed/210202/customers.csv
customer,210202,2573225,50.06,3.14,7,false,RECOVERED_FROM_FROZEN_ARTIFACT,renault_data_pipeline/data/renault_processed/210202/customers.csv
customer,210202,2573228,41.74,-1.19,3,false,RECOVERED_FROM_FROZEN_ARTIFACT,renault_data_pipeline/data/renault_processed/210202/customers.csv
customer,210202,2576707,40.27,-3.74,3,false,RECOVERED_FROM_FROZEN_ARTIFACT,renault_data_pipeline/data/renault_processed/210202/customers.csv
customer,210202,2577103,41.56,1.96,6,false,RECOVERED_FROM_FROZEN_ARTIFACT,renault_data_pipeline/data/renault_processed/210202/customers.csv
customer,210202,2577200,41.56,2.18,6,false,RECOVERED_FROM_FROZEN_ARTIFACT,renault_data_pipeline/data/renault_processed/210202/customers.csv
customer,210202,2578801,39.37,-0.43,3,false,RECOVERED_FROM_FROZEN_ARTIFACT,renault_data_pipeline/data/renault_processed/210202/customers.csv
customer,210202,2578901,42.0,-4.52,2,false,RECOVERED_FROM_FROZEN_ARTIFACT,renault_data_pipeline/data/renault_processed/210202/customers.csv
customer,210202,2585202,41.89,-1.71,3,false,RECOVERED_FROM_FROZEN_ARTIFACT,renault_data_pipeline/data/renault_processed/210202/customers.csv
customer,210202,2586307,42.39,-7.14,2,false,RECOVERED_FROM_FROZEN_ARTIFACT,renault_data_pipeline/data/renault_processed/210202/customers.csv
customer,210202,2590706,40.33,-3.74,3,false,RECOVERED_FROM_FROZEN_ARTIFACT,renault_data_pipeline/data/renault_processed/210202/customers.csv
customer,210202,2600800,49.01,12.14,8,false,RECOVERED_FROM_FROZEN_ARTIFACT,renault_data_pipeline/data/renault_processed/210202/customers.csv
customer,210202,2601100,41.41,1.99,6,false,RECOVERED_FROM_FROZEN_ARTIFACT,renault_data_pipeline/data/renault_processed/210202/customers.csv
customer,210202,2601104,40.82,-0.87,3,false,RECOVERED_FROM_FROZEN_ARTIFACT,renault_data_pipeline/data/renault_processed/210202/customers.csv
customer,210202,2618500,40.88,-8.49,2,false,RECOVERED_FROM_FROZEN_ARTIFACT,renault_data_pipeline/data/renault_processed/210202/customers.csv
customer,210202,2671602,45.2,7.89,7,false,RECOVERED_FROM_FROZEN_ARTIFACT,renault_data_pipeline/data/renault_processed/210202/customers.csv
customer,210202,2683900,51.25,6.99,7,false,RECOVERED_FROM_FROZEN_ARTIFACT,renault_data_pipeline/data/renault_processed/210202/customers.csv
customer,210202,2695000,44.93,7.84,7,false,RECOVERED_FROM_FROZEN_ARTIFACT,renault_data_pipeline/data/renault_processed/210202/customers.csv
customer,210202,2705001,41.31,1.63,6,false,RECOVERED_FROM_FROZEN_ARTIFACT,renault_data_pipeline/data/renault_processed/210202/customers.csv
customer,210202,2705012,41.62,2.25,6,false,RECOVERED_FROM_FROZEN_ARTIFACT,renault_data_pipeline/data/renault_processed/210202/customers.csv
customer,210202,2706302,40.63,-4.02,3,false,RECOVERED_FROM_FROZEN_ARTIFACT,renault_data_pipeline/data/renault_processed/210202/customers.csv
customer,210202,2727900,41.32,1.65,6,false,RECOVERED_FROM_FROZEN_ARTIFACT,renault_data_pipeline/data/renault_processed/210202/customers.csv
customer,210202,2744302,39.48,-8.18,2,false,RECOVERED_FROM_FROZEN_ARTIFACT,renault_data_pipeline/data/renault_processed/210202/customers.csv
customer,210202,2755800,42.56,12.6,9,false,RECOVERED_FROM_FROZEN_ARTIFACT,renault_data_pipeline/data/renault_processed/210202/customers.csv
customer,210202,2777901,45.81,15.88,9,false,RECOVERED_FROM_FROZEN_ARTIFACT,renault_data_pipeline/data/renault_processed/210202/customers.csv
customer,210202,2782800,41.55,1.68,6,false,RECOVERED_FROM_FROZEN_ARTIFACT,renault_data_pipeline/data/renault_processed/210202/customers.csv
customer,210202,2782804,40.1,-3.63,3,false,RECOVERED_FROM_FROZEN_ARTIFACT,renault_data_pipeline/data/renault_processed/210202/customers.csv
customer,210202,2801802,43.07,-2.51,2,false,RECOVERED_FROM_FROZEN_ARTIFACT,renault_data_pipeline/data/renault_processed/210202/customers.csv
customer,210202,2801804,43.06,-2.49,2,false,RECOVERED_FROM_FROZEN_ARTIFACT,renault_data_pipeline/data/renault_processed/210202/customers.csv
customer,210202,2809400,50.43,15.38,10,false,RECOVERED_FROM_FROZEN_ARTIFACT,renault_data_pipeline/data/renault_processed/210202/customers.csv
customer,210202,2809401,50.18,14.67,8,false,RECOVERED_FROM_FROZEN_ARTIFACT,renault_data_pipeline/data/renault_processed/210202/customers.csv
customer,210202,2809407,50.62,16.08,10,false,RECOVERED_FROM_FROZEN_ARTIFACT,renault_data_pipeline/data/renault_processed/210202/customers.csv
customer,210202,2809600,41.54,2.16,6,false,RECOVERED_FROM_FROZEN_ARTIFACT,renault_data_pipeline/data/renault_processed/210202/customers.csv
customer,210202,2812100,46.38,15.39,9,false,RECOVERED_FROM_FROZEN_ARTIFACT,renault_data_pipeline/data/renault_processed/210202/customers.csv
customer,210202,2814600,41.57,1.67,6,true,RECOVERED_FROM_FROZEN_ARTIFACT,renault_data_pipeline/data/renault_processed/210202/customers.csv
customer,210202,2814605,41.58,1.65,6,false,RECOVERED_FROM_FROZEN_ARTIFACT,renault_data_pipeline/data/renault_processed/210202/customers.csv
customer,210202,2814606,41.96,-4.49,2,false,RECOVERED_FROM_FROZEN_ARTIFACT,renault_data_pipeline/data/renault_processed/210202/customers.csv
customer,210202,2819800,47.93,10.86,8,false,RECOVERED_FROM_FROZEN_ARTIFACT,renault_data_pipeline/data/renault_processed/210202/customers.csv
customer,210202,2820700,50.69,15.15,8,false,RECOVERED_FROM_FROZEN_ARTIFACT,renault_data_pipeline/data/renault_processed/210202/customers.csv
customer,210202,2823500,51.2,7.82,8,false,RECOVERED_FROM_FROZEN_ARTIFACT,renault_data_pipeline/data/renault_processed/210202/customers.csv
customer,210202,2870302,51.7,-4.13,4,false,RECOVERED_FROM_FROZEN_ARTIFACT,renault_data_pipeline/data/renault_processed/210202/customers.csv
customer,210202,2870304,52.68,-2.04,4,false,RECOVERED_FROM_FROZEN_ARTIFACT,renault_data_pipeline/data/renault_processed/210202/customers.csv
customer,210202,2870900,54.77,-1.37,4,false,RECOVERED_FROM_FROZEN_ARTIFACT,renault_data_pipeline/data/renault_processed/210202/customers.csv
customer,210202,2877204,47.21,18.43,9,false,RECOVERED_FROM_FROZEN_ARTIFACT,renault_data_pipeline/data/renault_processed/210202/customers.csv
customer,210202,2877207,46.06,18.22,9,false,RECOVERED_FROM_FROZEN_ARTIFACT,renault_data_pipeline/data/renault_processed/210202/customers.csv
customer,210202,2878000,41.64,-0.98,6,false,RECOVERED_FROM_FROZEN_ARTIFACT,renault_data_pipeline/data/renault_processed/210202/customers.csv
customer,210202,2884100,43.16,-2.78,2,false,RECOVERED_FROM_FROZEN_ARTIFACT,renault_data_pipeline/data/renault_processed/210202/customers.csv
customer,210202,2884103,42.83,-1.6,3,false,RECOVERED_FROM_FROZEN_ARTIFACT,renault_data_pipeline/data/renault_processed/210202/customers.csv
customer,210202,2884108,43.21,-3.13,2,false,RECOVERED_FROM_FROZEN_ARTIFACT,renault_data_pipeline/data/renault_processed/210202/customers.csv
customer,210202,2888800,41.58,2.25,6,false,RECOVERED_FROM_FROZEN_ARTIFACT,renault_data_pipeline/data/renault_processed/210202/customers.csv
customer,210202,2888802,41.6,-1.27,3,false,RECOVERED_FROM_FROZEN_ARTIFACT,renault_data_pipeline/data/renault_processed/210202/customers.csv
customer,210202,2901101,41.08,-4.73,2,false,RECOVERED_FROM_FROZEN_ARTIFACT,renault_data_pipeline/data/renault_processed/210202/customers.csv
customer,210202,2901122,45.83,8.74,7,false,RECOVERED_FROM_FROZEN_ARTIFACT,renault_data_pipeline/data/renault_processed/210202/customers.csv
customer,210202,2909102,41.32,2.14,6,false,RECOVERED_FROM_FROZEN_ARTIFACT,renault_data_pipeline/data/renault_processed/210202/customers.csv
customer,210202,2926700,44.72,10.56,8,false,RECOVERED_FROM_FROZEN_ARTIFACT,renault_data_pipeline/data/renault_processed/210202/customers.csv
customer,210202,2928900,42.2,-8.76,2,false,RECOVERED_FROM_FROZEN_ARTIFACT,renault_data_pipeline/data/renault_processed/210202/customers.csv
customer,210202,2971803,49.98,19.83,10,false,RECOVERED_FROM_FROZEN_ARTIFACT,renault_data_pipeline/data/renault_processed/210202/customers.csv
customer,210202,3043100,48.15,7.55,7,false,RECOVERED_FROM_FROZEN_ARTIFACT,renault_data_pipeline/data/renault_processed/210202/customers.csv
customer,210202,3043102,49.6,5.08,7,false,RECOVERED_FROM_FROZEN_ARTIFACT,renault_data_pipeline/data/renault_processed/210202/customers.csv
customer,210202,3043109,50.1,11.38,8,true,RECOVERED_FROM_FROZEN_ARTIFACT,renault_data_pipeline/data/renault_processed/210202/customers.csv
customer,210202,3161400,47.29,5.02,7,false,RECOVERED_FROM_FROZEN_ARTIFACT,renault_data_pipeline/data/renault_processed/210202/customers.csv
customer,210202,3238100,48.96,2.96,7,false,RECOVERED_FROM_FROZEN_ARTIFACT,renault_data_pipeline/data/renault_processed/210202/customers.csv
customer,210202,3304502,49.22,2.13,5,false,RECOVERED_FROM_FROZEN_ARTIFACT,renault_data_pipeline/data/renault_processed/210202/customers.csv
customer,210202,3385400,46.06,6.57,7,false,RECOVERED_FROM_FROZEN_ARTIFACT,renault_data_pipeline/data/renault_processed/210202/customers.csv
customer,210202,3699203,49.87,2.53,7,false,RECOVERED_FROM_FROZEN_ARTIFACT,renault_data_pipeline/data/renault_processed/210202/customers.csv
customer,210202,3699209,40.1,-3.63,3,false,RECOVERED_FROM_FROZEN_ARTIFACT,renault_data_pipeline/data/renault_processed/210202/customers.csv
customer,210202,3699213,50.49,3.0,7,false,RECOVERED_FROM_FROZEN_ARTIFACT,renault_data_pipeline/data/renault_processed/210202/customers.csv
customer,210202,3699223,47.77,-0.27,5,false,RECOVERED_FROM_FROZEN_ARTIFACT,renault_data_pipeline/data/renault_processed/210202/customers.csv
customer,210202,3699225,48.85,-0.88,5,false,RECOVERED_FROM_FROZEN_ARTIFACT,renault_data_pipeline/data/renault_processed/210202/customers.csv
customer,210202,3782011,49.95,3.47,7,false,RECOVERED_FROM_FROZEN_ARTIFACT,renault_data_pipeline/data/renault_processed/210202/customers.csv
customer,210202,5124500,46.64,0.12,5,false,RECOVERED_FROM_FROZEN_ARTIFACT,renault_data_pipeline/data/renault_processed/210202/customers.csv
customer,210202,5134300,47.65,-2.09,5,false,RECOVERED_FROM_FROZEN_ARTIFACT,renault_data_pipeline/data/renault_processed/210202/customers.csv
customer,210202,5315103,48.31,-0.06,5,false,RECOVERED_FROM_FROZEN_ARTIFACT,renault_data_pipeline/data/renault_processed/210202/customers.csv
customer,210202,5345308,54.76,-1.36,4,false,RECOVERED_FROM_FROZEN_ARTIFACT,renault_data_pipeline/data/renault_processed/210202/customers.csv
customer,210202,5345312,51.59,5.03,7,false,RECOVERED_FROM_FROZEN_ARTIFACT,renault_data_pipeline/data/renault_processed/210202/customers.csv
customer,210202,5594513,49.77,1.98,5,false,RECOVERED_FROM_FROZEN_ARTIFACT,renault_data_pipeline/data/renault_processed/210202/customers.csv
customer,210202,5877914,49.06,2.02,5,false,RECOVERED_FROM_FROZEN_ARTIFACT,renault_data_pipeline/data/renault_processed/210202/customers.csv
customer,210202,5898201,47.21,5.9,7,false,RECOVERED_FROM_FROZEN_ARTIFACT,renault_data_pipeline/data/renault_processed/210202/customers.csv
customer,210202,5915200,45.82,4.99,7,false,RECOVERED_FROM_FROZEN_ARTIFACT,renault_data_pipeline/data/renault_processed/210202/customers.csv
customer,210202,5932502,49.3,6.12,7,false,RECOVERED_FROM_FROZEN_ARTIFACT,renault_data_pipeline/data/renault_processed/210202/customers.csv
customer,210202,5965102,46.19,5.81,7,false,RECOVERED_FROM_FROZEN_ARTIFACT,renault_data_pipeline/data/renault_processed/210202/customers.csv
customer,210202,5965103,44.03,4.98,6,false,RECOVERED_FROM_FROZEN_ARTIFACT,renault_data_pipeline/data/renault_processed/210202/customers.csv
customer,210202,5965105,47.8,7.14,7,false,RECOVERED_FROM_FROZEN_ARTIFACT,renault_data_pipeline/data/renault_processed/210202/customers.csv
customer,210202,5965113,49.49,1.73,5,false,RECOVERED_FROM_FROZEN_ARTIFACT,renault_data_pipeline/data/renault_processed/210202/customers.csv
customer,210202,5965114,45.33,5.05,7,false,RECOVERED_FROM_FROZEN_ARTIFACT,renault_data_pipeline/data/renault_processed/210202/customers.csv
customer,210202,5965115,49.77,2.92,7,false,RECOVERED_FROM_FROZEN_ARTIFACT,renault_data_pipeline/data/renault_processed/210202/customers.csv
customer,210202,5965120,44.03,4.98,6,false,RECOVERED_FROM_FROZEN_ARTIFACT,renault_data_pipeline/data/renault_processed/210202/customers.csv
customer,210202,6002303,49.57,3.02,7,false,RECOVERED_FROM_FROZEN_ARTIFACT,renault_data_pipeline/data/renault_processed/210202/customers.csv
customer,210202,6193200,49.41,2.8,7,false,RECOVERED_FROM_FROZEN_ARTIFACT,renault_data_pipeline/data/renault_processed/210202/customers.csv
customer,210202,6234902,50.4,1.96,5,false,RECOVERED_FROM_FROZEN_ARTIFACT,renault_data_pipeline/data/renault_processed/210202/customers.csv
customer,210202,6353501,49.65,3.29,7,false,RECOVERED_FROM_FROZEN_ARTIFACT,renault_data_pipeline/data/renault_processed/210202/customers.csv
customer,210202,6487400,43.56,1.39,6,false,RECOVERED_FROM_FROZEN_ARTIFACT,renault_data_pipeline/data/renault_processed/210202/customers.csv
customer,210202,6665215,47.85,2.74,5,false,RECOVERED_FROM_FROZEN_ARTIFACT,renault_data_pipeline/data/renault_processed/210202/customers.csv
customer,210202,6681302,48.82,6.72,7,false,RECOVERED_FROM_FROZEN_ARTIFACT,renault_data_pipeline/data/renault_processed/210202/customers.csv
customer,210202,6701102,49.27,4.01,7,false,RECOVERED_FROM_FROZEN_ARTIFACT,renault_data_pipeline/data/renault_processed/210202/customers.csv
customer,210202,6701103,48.08,-0.75,5,false,RECOVERED_FROM_FROZEN_ARTIFACT,renault_data_pipeline/data/renault_processed/210202/customers.csv
customer,210202,7204717,50.52,2.83,7,false,RECOVERED_FROM_FROZEN_ARTIFACT,renault_data_pipeline/data/renault_processed/210202/customers.csv
customer,210202,7235904,48.82,4.98,7,true,RECOVERED_FROM_FROZEN_ARTIFACT,renault_data_pipeline/data/renault_processed/210202/customers.csv
customer,210202,7235905,48.4,5.16,7,false,RECOVERED_FROM_FROZEN_ARTIFACT,renault_data_pipeline/data/renault_processed/210202/customers.csv
customer,210202,7235980,50.36,3.1,7,false,RECOVERED_FROM_FROZEN_ARTIFACT,renault_data_pipeline/data/renault_processed/210202/customers.csv
customer,210202,7421817,43.49,2.43,6,false,RECOVERED_FROM_FROZEN_ARTIFACT,renault_data_pipeline/data/renault_processed/210202/customers.csv
customer,210202,7511601,50.28,3.91,7,false,RECOVERED_FROM_FROZEN_ARTIFACT,renault_data_pipeline/data/renault_processed/210202/customers.csv
customer,210202,7562700,48.98,2.64,5,false,RECOVERED_FROM_FROZEN_ARTIFACT,renault_data_pipeline/data/renault_processed/210202/customers.csv
customer,210202,7684118,45.81,21.19,11,false,RECOVERED_FROM_FROZEN_ARTIFACT,renault_data_pipeline/data/renault_processed/210202/customers.csv
customer,210202,7768904,48.82,6.72,7,false,RECOVERED_FROM_FROZEN_ARTIFACT,renault_data_pipeline/data/renault_processed/210202/customers.csv
customer,210202,7908401,46.54,5.39,7,false,RECOVERED_FROM_FROZEN_ARTIFACT,renault_data_pipeline/data/renault_processed/210202/customers.csv
customer,210202,7908402,45.31,3.37,5,false,RECOVERED_FROM_FROZEN_ARTIFACT,renault_data_pipeline/data/renault_processed/210202/customers.csv
customer,210202,7908404,47.23,5.97,7,false,RECOVERED_FROM_FROZEN_ARTIFACT,renault_data_pipeline/data/renault_processed/210202/customers.csv
customer,210202,7908406,47.52,6.86,7,false,RECOVERED_FROM_FROZEN_ARTIFACT,renault_data_pipeline/data/renault_processed/210202/customers.csv
customer,210202,7908407,48.78,0.29,5,false,RECOVERED_FROM_FROZEN_ARTIFACT,renault_data_pipeline/data/renault_processed/210202/customers.csv
customer,210202,7908409,49.14,0.45,5,false,RECOVERED_FROM_FROZEN_ARTIFACT,renault_data_pipeline/data/renault_processed/210202/customers.csv
customer,210202,7960504,50.25,3.9,7,false,RECOVERED_FROM_FROZEN_ARTIFACT,renault_data_pipeline/data/renault_processed/210202/customers.csv
customer,210202,8010005,50.41,3.06,7,false,RECOVERED_FROM_FROZEN_ARTIFACT,renault_data_pipeline/data/renault_processed/210202/customers.csv
customer,210202,8010011,45.27,4.8,7,false,RECOVERED_FROM_FROZEN_ARTIFACT,renault_data_pipeline/data/renault_processed/210202/customers.csv
customer,210202,8225005,48.72,4.61,7,false,RECOVERED_FROM_FROZEN_ARTIFACT,renault_data_pipeline/data/renault_processed/210202/customers.csv
customer,210202,9500103,45.59,5.89,7,false,RECOVERED_FROM_FROZEN_ARTIFACT,renault_data_pipeline/data/renault_processed/210202/customers.csv
customer,210202,9500111,45.79,24.08,11,false,RECOVERED_FROM_FROZEN_ARTIFACT,renault_data_pipeline/data/renault_processed/210202/customers.csv
customer,210202,9500320,43.41,3.71,6,false,RECOVERED_FROM_FROZEN_ARTIFACT,renault_data_pipeline/data/renault_processed/210202/customers.csv
customer,210202,9500402,47.21,-0.06,5,false,RECOVERED_FROM_FROZEN_ARTIFACT,renault_data_pipeline/data/renault_processed/210202/customers.csv
customer,210202,9500407,47.78,-3.33,5,false,RECOVERED_FROM_FROZEN_ARTIFACT,renault_data_pipeline/data/renault_processed/210202/customers.csv
customer,210202,9500605,47.61,1.3,5,false,RECOVERED_FROM_FROZEN_ARTIFACT,renault_data_pipeline/data/renault_processed/210202/customers.csv
customer,210202,9516300,40.67,-8.61,2,false,RECOVERED_FROM_FROZEN_ARTIFACT,renault_data_pipeline/data/renault_processed/210202/customers.csv
customer,210202,9624718,47.69,-0.03,5,false,RECOVERED_FROM_FROZEN_ARTIFACT,renault_data_pipeline/data/renault_processed/210202/customers.csv
customer,210202,9639101,47.96,0.13,5,false,RECOVERED_FROM_FROZEN_ARTIFACT,renault_data_pipeline/data/renault_processed/210202/customers.csv
customer,210202,9639103,45.79,24.08,11,false,RECOVERED_FROM_FROZEN_ARTIFACT,renault_data_pipeline/data/renault_processed/210202/customers.csv
customer,210202,11061000,50.5,12.55,8,false,RECOVERED_FROM_FROZEN_ARTIFACT,renault_data_pipeline/data/renault_processed/210202/customers.csv
customer,210202,11106007,44.87,24.86,11,false,RECOVERED_FROM_FROZEN_ARTIFACT,renault_data_pipeline/data/renault_processed/210202/customers.csv
customer,210202,11106019,44.87,24.86,11,false,RECOVERED_FROM_FROZEN_ARTIFACT,renault_data_pipeline/data/renault_processed/210202/customers.csv
customer,210202,11106022,44.87,24.86,11,false,RECOVERED_FROM_FROZEN_ARTIFACT,renault_data_pipeline/data/renault_processed/210202/customers.csv
customer,210202,11106024,44.87,24.86,11,false,RECOVERED_FROM_FROZEN_ARTIFACT,renault_data_pipeline/data/renault_processed/210202/customers.csv
customer,210202,11152708,50.28,3.91,7,false,RECOVERED_FROM_FROZEN_ARTIFACT,renault_data_pipeline/data/renault_processed/210202/customers.csv
customer,210202,11152711,41.94,-4.49,2,false,RECOVERED_FROM_FROZEN_ARTIFACT,renault_data_pipeline/data/renault_processed/210202/customers.csv
customer,210202,11152719,41.6,-4.7,2,false,RECOVERED_FROM_FROZEN_ARTIFACT,renault_data_pipeline/data/renault_processed/210202/customers.csv
customer,210202,11152722,45.86,22.92,11,false,RECOVERED_FROM_FROZEN_ARTIFACT,renault_data_pipeline/data/renault_processed/210202/customers.csv
customer,210202,11262402,41.3,2.02,6,false,RECOVERED_FROM_FROZEN_ARTIFACT,renault_data_pipeline/data/renault_processed/210202/customers.csv
customer,210202,11419800,41.22,1.74,6,false,RECOVERED_FROM_FROZEN_ARTIFACT,renault_data_pipeline/data/renault_processed/210202/customers.csv
customer,210202,11425601,50.32,18.61,10,false,RECOVERED_FROM_FROZEN_ARTIFACT,renault_data_pipeline/data/renault_processed/210202/customers.csv
customer,210202,11498900,43.1,-2.38,2,false,RECOVERED_FROM_FROZEN_ARTIFACT,renault_data_pipeline/data/renault_processed/210202/customers.csv
customer,210202,11509700,49.68,19.17,10,false,RECOVERED_FROM_FROZEN_ARTIFACT,renault_data_pipeline/data/renault_processed/210202/customers.csv
customer,210202,11509701,49.68,19.17,10,false,RECOVERED_FROM_FROZEN_ARTIFACT,renault_data_pipeline/data/renault_processed/210202/customers.csv
customer,210202,11509705,49.83,18.97,10,true,RECOVERED_FROM_FROZEN_ARTIFACT,renault_data_pipeline/data/renault_processed/210202/customers.csv
customer,210202,11512300,40.61,-7.3,2,false,RECOVERED_FROM_FROZEN_ARTIFACT,renault_data_pipeline/data/renault_processed/210202/customers.csv
customer,210202,11523703,46.56,23.85,11,false,RECOVERED_FROM_FROZEN_ARTIFACT,renault_data_pipeline/data/renault_processed/210202/customers.csv
customer,210202,11533100,50.27,18.7,10,false,RECOVERED_FROM_FROZEN_ARTIFACT,renault_data_pipeline/data/renault_processed/210202/customers.csv
customer,210202,11597100,44.85,24.87,11,false,RECOVERED_FROM_FROZEN_ARTIFACT,renault_data_pipeline/data/renault_processed/210202/customers.csv
customer,210202,11597102,44.85,24.87,11,false,RECOVERED_FROM_FROZEN_ARTIFACT,renault_data_pipeline/data/renault_processed/210202/customers.csv
customer,210202,11635500,44.8,25.08,11,false,RECOVERED_FROM_FROZEN_ARTIFACT,renault_data_pipeline/data/renault_processed/210202/customers.csv
customer,210202,11641501,50.75,12.82,8,false,RECOVERED_FROM_FROZEN_ARTIFACT,renault_data_pipeline/data/renault_processed/210202/customers.csv
customer,210202,11677000,44.86,24.86,11,false,RECOVERED_FROM_FROZEN_ARTIFACT,renault_data_pipeline/data/renault_processed/210202/customers.csv
customer,210202,11677001,44.78,25.05,11,false,RECOVERED_FROM_FROZEN_ARTIFACT,renault_data_pipeline/data/renault_processed/210202/customers.csv
customer,210202,11711300,43.14,-2.6,2,false,RECOVERED_FROM_FROZEN_ARTIFACT,renault_data_pipeline/data/renault_processed/210202/customers.csv
customer,210202,11723200,54.91,-1.51,4,false,RECOVERED_FROM_FROZEN_ARTIFACT,renault_data_pipeline/data/renault_processed/210202/customers.csv
customer,210202,11740101,41.54,-4.66,2,false,RECOVERED_FROM_FROZEN_ARTIFACT,renault_data_pipeline/data/renault_processed/210202/customers.csv
customer,210202,11780500,50.81,16.32,10,false,RECOVERED_FROM_FROZEN_ARTIFACT,renault_data_pipeline/data/renault_processed/210202/customers.csv
customer,210202,11780502,50.8,16.29,10,false,RECOVERED_FROM_FROZEN_ARTIFACT,renault_data_pipeline/data/renault_processed/210202/customers.csv
customer,210202,11780700,44.95,24.93,11,false,RECOVERED_FROM_FROZEN_ARTIFACT,renault_data_pipeline/data/renault_processed/210202/customers.csv
customer,210202,11869201,50.69,15.15,8,false,RECOVERED_FROM_FROZEN_ARTIFACT,renault_data_pipeline/data/renault_processed/210202/customers.csv
customer,210202,11880500,39.26,-7.43,2,false,RECOVERED_FROM_FROZEN_ARTIFACT,renault_data_pipeline/data/renault_processed/210202/customers.csv
customer,210202,11891801,50.1,19.26,10,false,RECOVERED_FROM_FROZEN_ARTIFACT,renault_data_pipeline/data/renault_processed/210202/customers.csv
customer,210202,11895401,49.83,7.68,7,false,RECOVERED_FROM_FROZEN_ARTIFACT,renault_data_pipeline/data/renault_processed/210202/customers.csv
customer,210202,11989400,49.53,15.35,9,false,RECOVERED_FROM_FROZEN_ARTIFACT,renault_data_pipeline/data/renault_processed/210202/customers.csv
customer,210202,12008400,42.11,-8.62,2,false,RECOVERED_FROM_FROZEN_ARTIFACT,renault_data_pipeline/data/renault_processed/210202/customers.csv
customer,210202,12036000,41.34,1.69,6,false,RECOVERED_FROM_FROZEN_ARTIFACT,renault_data_pipeline/data/renault_processed/210202/customers.csv
customer,210202,12036002,41.62,-4.71,2,false,RECOVERED_FROM_FROZEN_ARTIFACT,renault_data_pipeline/data/renault_processed/210202/customers.csv
customer,210202,12080401,44.84,24.99,11,false,RECOVERED_FROM_FROZEN_ARTIFACT,renault_data_pipeline/data/renault_processed/210202/customers.csv
customer,210202,21185900,49.91,4.13,7,false,RECOVERED_FROM_FROZEN_ARTIFACT,renault_data_pipeline/data/renault_processed/210202/customers.csv
customer,210202,21207305,45.79,24.09,11,false,RECOVERED_FROM_FROZEN_ARTIFACT,renault_data_pipeline/data/renault_processed/210202/customers.csv
customer,210202,21323400,46.27,5.66,7,false,RECOVERED_FROM_FROZEN_ARTIFACT,renault_data_pipeline/data/renault_processed/210202/customers.csv
customer,210202,21346002,47.4,19.73,9,false,RECOVERED_FROM_FROZEN_ARTIFACT,renault_data_pipeline/data/renault_processed/210202/customers.csv
customer,210202,21448500,50.36,3.53,7,false,RECOVERED_FROM_FROZEN_ARTIFACT,renault_data_pipeline/data/renault_processed/210202/customers.csv
customer,210202,21506700,48.05,-0.8,5,false,RECOVERED_FROM_FROZEN_ARTIFACT,renault_data_pipeline/data/renault_processed/210202/customers.csv
customer,210202,21549000,49.47,0.3,5,false,RECOVERED_FROM_FROZEN_ARTIFACT,renault_data_pipeline/data/renault_processed/210202/customers.csv
customer,210202,21660800,47.92,6.66,7,false,RECOVERED_FROM_FROZEN_ARTIFACT,renault_data_pipeline/data/renault_processed/210202/customers.csv
customer,210202,21792905,40.88,-8.63,2,false,RECOVERED_FROM_FROZEN_ARTIFACT,renault_data_pipeline/data/renault_processed/210202/customers.csv
customer,210202,21798202,48.1,-0.73,5,false,RECOVERED_FROM_FROZEN_ARTIFACT,renault_data_pipeline/data/renault_processed/210202/customers.csv
customer,210202,21865308,50.36,3.03,7,false,RECOVERED_FROM_FROZEN_ARTIFACT,renault_data_pipeline/data/renault_processed/210202/customers.csv
customer,210202,21865316,44.54,25.22,11,false,RECOVERED_FROM_FROZEN_ARTIFACT,renault_data_pipeline/data/renault_processed/210202/customers.csv
customer,210202,21958001,48.72,-0.52,5,false,RECOVERED_FROM_FROZEN_ARTIFACT,renault_data_pipeline/data/renault_processed/210202/customers.csv
customer,210202,22040200,49.27,1.79,5,false,RECOVERED_FROM_FROZEN_ARTIFACT,renault_data_pipeline/data/renault_processed/210202/customers.csv
customer,210202,22060301,49.21,6.21,7,false,RECOVERED_FROM_FROZEN_ARTIFACT,renault_data_pipeline/data/renault_processed/210202/customers.csv
customer,210202,22086204,45.47,4.44,7,false,RECOVERED_FROM_FROZEN_ARTIFACT,renault_data_pipeline/data/renault_processed/210202/customers.csv
customer,210202,22091301,50.31,2.95,7,false,RECOVERED_FROM_FROZEN_ARTIFACT,renault_data_pipeline/data/renault_processed/210202/customers.csv
customer,210202,22102700,48.11,2.36,5,false,RECOVERED_FROM_FROZEN_ARTIFACT,renault_data_pipeline/data/renault_processed/210202/customers.csv
customer,210202,23235902,44.66,25.56,11,false,RECOVERED_FROM_FROZEN_ARTIFACT,renault_data_pipeline/data/renault_processed/210202/customers.csv
customer,210202,23261013,50.38,13.58,8,false,RECOVERED_FROM_FROZEN_ARTIFACT,renault_data_pipeline/data/renault_processed/210202/customers.csv
customer,210202,23321100,46.58,14.73,9,false,RECOVERED_FROM_FROZEN_ARTIFACT,renault_data_pipeline/data/renault_processed/210202/customers.csv
customer,210202,23342502,44.97,24.93,11,true,RECOVERED_FROM_FROZEN_ARTIFACT,renault_data_pipeline/data/renault_processed/210202/customers.csv
customer,210202,23358607,48.78,8.1,7,false,RECOVERED_FROM_FROZEN_ARTIFACT,renault_data_pipeline/data/renault_processed/210202/customers.csv
customer,210202,23376100,42.28,-7.83,2,false,RECOVERED_FROM_FROZEN_ARTIFACT,renault_data_pipeline/data/renault_processed/210202/customers.csv
customer,210202,23559602,49.83,19.07,10,false,RECOVERED_FROM_FROZEN_ARTIFACT,renault_data_pipeline/data/renault_processed/210202/customers.csv
customer,210202,23559700,53.07,-1.25,4,false,RECOVERED_FROM_FROZEN_ARTIFACT,renault_data_pipeline/data/renault_processed/210202/customers.csv
customer,210202,23579100,40.48,-8.09,2,false,RECOVERED_FROM_FROZEN_ARTIFACT,renault_data_pipeline/data/renault_processed/210202/customers.csv
customer,210202,23632305,45.21,7.89,7,false,RECOVERED_FROM_FROZEN_ARTIFACT,renault_data_pipeline/data/renault_processed/210202/customers.csv
customer,210202,23642903,46.06,14.57,9,false,RECOVERED_FROM_FROZEN_ARTIFACT,renault_data_pipeline/data/renault_processed/210202/customers.csv
customer,210202,23676300,47.47,6.84,7,false,RECOVERED_FROM_FROZEN_ARTIFACT,renault_data_pipeline/data/renault_processed/210202/customers.csv
customer,210202,23676301,49.14,1.97,5,false,RECOVERED_FROM_FROZEN_ARTIFACT,renault_data_pipeline/data/renault_processed/210202/customers.csv
customer,210202,23676305,47.74,7.14,7,false,RECOVERED_FROM_FROZEN_ARTIFACT,renault_data_pipeline/data/renault_processed/210202/customers.csv
customer,210202,23697100,42.89,-2.16,2,false,RECOVERED_FROM_FROZEN_ARTIFACT,renault_data_pipeline/data/renault_processed/210202/customers.csv
customer,210202,23779500,38.62,-0.59,3,false,RECOVERED_FROM_FROZEN_ARTIFACT,renault_data_pipeline/data/renault_processed/210202/customers.csv
customer,210202,23850600,48.9,1.4,5,false,RECOVERED_FROM_FROZEN_ARTIFACT,renault_data_pipeline/data/renault_processed/210202/customers.csv
customer,210202,23927003,44.88,24.85,11,false,RECOVERED_FROM_FROZEN_ARTIFACT,renault_data_pipeline/data/renault_processed/210202/customers.csv
customer,210202,23934607,49.98,19.83,10,false,RECOVERED_FROM_FROZEN_ARTIFACT,renault_data_pipeline/data/renault_processed/210202/customers.csv
customer,210202,23961600,46.17,21.27,11,false,RECOVERED_FROM_FROZEN_ARTIFACT,renault_data_pipeline/data/renault_processed/210202/customers.csv
customer,210202,23989200,48.96,2.48,5,false,RECOVERED_FROM_FROZEN_ARTIFACT,renault_data_pipeline/data/renault_processed/210202/customers.csv
customer,210202,24007700,49.89,19.03,10,false,RECOVERED_FROM_FROZEN_ARTIFACT,renault_data_pipeline/data/renault_processed/210202/customers.csv
customer,210202,24099000,49.33,14.11,8,false,RECOVERED_FROM_FROZEN_ARTIFACT,renault_data_pipeline/data/renault_processed/210202/customers.csv
customer,210202,24099001,48.97,16.52,9,false,RECOVERED_FROM_FROZEN_ARTIFACT,renault_data_pipeline/data/renault_processed/210202/customers.csv
customer,210202,24123500,47.21,18.43,9,false,RECOVERED_FROM_FROZEN_ARTIFACT,renault_data_pipeline/data/renault_processed/210202/customers.csv
customer,210202,24149200,51.07,5.16,7,false,RECOVERED_FROM_FROZEN_ARTIFACT,renault_data_pipeline/data/renault_processed/210202/customers.csv
customer,210202,24267400,49.23,19.3,10,false,RECOVERED_FROM_FROZEN_ARTIFACT,renault_data_pipeline/data/renault_processed/210202/customers.csv
customer,210202,24267502,41.75,-8.83,2,false,RECOVERED_FROM_FROZEN_ARTIFACT,renault_data_pipeline/data/renault_processed/210202/customers.csv
customer,210202,24279106,45.67,5.1,7,false,RECOVERED_FROM_FROZEN_ARTIFACT,renault_data_pipeline/data/renault_processed/210202/customers.csv
customer,210202,24303001,42.0,-4.51,2,false,RECOVERED_FROM_FROZEN_ARTIFACT,renault_data_pipeline/data/renault_processed/210202/customers.csv
customer,210202,24351800,41.94,-4.48,2,false,RECOVERED_FROM_FROZEN_ARTIFACT,renault_data_pipeline/data/renault_processed/210202/customers.csv
customer,210202,24405104,48.68,21.23,10,false,RECOVERED_FROM_FROZEN_ARTIFACT,renault_data_pipeline/data/renault_processed/210202/customers.csv
customer,210202,24421501,45.92,14.89,9,false,RECOVERED_FROM_FROZEN_ARTIFACT,renault_data_pipeline/data/renault_processed/210202/customers.csv
customer,210202,24700300,45.8,15.18,9,false,RECOVERED_FROM_FROZEN_ARTIFACT,renault_data_pipeline/data/renault_processed/210202/customers.csv
customer,210202,24700302,45.68,15.28,9,false,RECOVERED_FROM_FROZEN_ARTIFACT,renault_data_pipeline/data/renault_processed/210202/customers.csv
customer,210202,24705700,51.17,16.18,10,false,RECOVERED_FROM_FROZEN_ARTIFACT,renault_data_pipeline/data/renault_processed/210202/customers.csv
customer,210202,24935704,45.79,21.32,11,false,RECOVERED_FROM_FROZEN_ARTIFACT,renault_data_pipeline/data/renault_processed/210202/customers.csv
customer,210202,24975302,45.73,21.16,11,false,RECOVERED_FROM_FROZEN_ARTIFACT,renault_data_pipeline/data/renault_processed/210202/customers.csv
customer,210202,24979000,49.1,6.87,7,false,RECOVERED_FROM_FROZEN_ARTIFACT,renault_data_pipeline/data/renault_processed/210202/customers.csv
customer,210202,24979100,50.02,15.68,10,false,RECOVERED_FROM_FROZEN_ARTIFACT,renault_data_pipeline/data/renault_processed/210202/customers.csv
customer,210202,24989702,44.67,24.88,11,false,RECOVERED_FROM_FROZEN_ARTIFACT,renault_data_pipeline/data/renault_processed/210202/customers.csv
customer,210202,24989703,44.8,24.95,11,false,RECOVERED_FROM_FROZEN_ARTIFACT,renault_data_pipeline/data/renault_processed/210202/customers.csv
customer,210202,24993000,47.11,17.87,9,false,RECOVERED_FROM_FROZEN_ARTIFACT,renault_data_pipeline/data/renault_processed/210202/customers.csv
customer,210202,25047700,49.74,13.6,8,false,RECOVERED_FROM_FROZEN_ARTIFACT,renault_data_pipeline/data/renault_processed/210202/customers.csv
customer,210202,25050301,48.59,19.1,9,false,RECOVERED_FROM_FROZEN_ARTIFACT,renault_data_pipeline/data/renault_processed/210202/customers.csv
customer,210202,25104808,48.77,17.82,9,false,RECOVERED_FROM_FROZEN_ARTIFACT,renault_data_pipeline/data/renault_processed/210202/customers.csv
customer,210202,25116300,51.19,11.06,8,false,RECOVERED_FROM_FROZEN_ARTIFACT,renault_data_pipeline/data/renault_processed/210202/customers.csv
customer,210202,25125900,41.17,-8.44,2,false,RECOVERED_FROM_FROZEN_ARTIFACT,renault_data_pipeline/data/renault_processed/210202/customers.csv
customer,210202,25160200,47.87,1.92,5,false,RECOVERED_FROM_FROZEN_ARTIFACT,renault_data_pipeline/data/renault_processed/210202/customers.csv
customer,210202,25258200,47.73,22.87,11,false,RECOVERED_FROM_FROZEN_ARTIFACT,renault_data_pipeline/data/renault_processed/210202/customers.csv
customer,210202,25314702,47.38,-1.1,5,false,RECOVERED_FROM_FROZEN_ARTIFACT,renault_data_pipeline/data/renault_processed/210202/customers.csv
customer,210202,25315000,33.6,-7.58,1,false,RECOVERED_FROM_FROZEN_ARTIFACT,renault_data_pipeline/data/renault_processed/210202/customers.csv
customer,210202,25348700,41.82,-6.72,2,false,RECOVERED_FROM_FROZEN_ARTIFACT,renault_data_pipeline/data/renault_processed/210202/customers.csv
customer,210202,25361700,41.97,-8.69,2,false,RECOVERED_FROM_FROZEN_ARTIFACT,renault_data_pipeline/data/renault_processed/210202/customers.csv
customer,210202,25425000,41.62,-4.7,2,false,RECOVERED_FROM_FROZEN_ARTIFACT,renault_data_pipeline/data/renault_processed/210202/customers.csv
customer,210202,25426800,50.24,15.79,10,false,RECOVERED_FROM_FROZEN_ARTIFACT,renault_data_pipeline/data/renault_processed/210202/customers.csv
customer,210202,25426900,50.37,19.78,10,false,RECOVERED_FROM_FROZEN_ARTIFACT,renault_data_pipeline/data/renault_processed/210202/customers.csv
customer,210202,25432700,51.78,-4.03,4,false,RECOVERED_FROM_FROZEN_ARTIFACT,renault_data_pipeline/data/renault_processed/210202/customers.csv
customer,210202,25444700,47.55,9.73,8,false,RECOVERED_FROM_FROZEN_ARTIFACT,renault_data_pipeline/data/renault_processed/210202/customers.csv
customer,210202,25446600,49.57,17.29,10,false,RECOVERED_FROM_FROZEN_ARTIFACT,renault_data_pipeline/data/renault_processed/210202/customers.csv
customer,210202,25507001,46.53,24.54,11,false,RECOVERED_FROM_FROZEN_ARTIFACT,renault_data_pipeline/data/renault_processed/210202/customers.csv
customer,210202,25531901,47.11,23.9,11,false,RECOVERED_FROM_FROZEN_ARTIFACT,renault_data_pipeline/data/renault_processed/210202/customers.csv
customer,210202,25541401,49.37,1.11,5,false,RECOVERED_FROM_FROZEN_ARTIFACT,renault_data_pipeline/data/renault_processed/210202/customers.csv
customer,210202,25725702,43.2,-2.71,2,false,RECOVERED_FROM_FROZEN_ARTIFACT,renault_data_pipeline/data/renault_processed/210202/customers.csv
customer,210202,25734400,44.87,7.73,7,false,RECOVERED_FROM_FROZEN_ARTIFACT,renault_data_pipeline/data/renault_processed/210202/customers.csv
customer,210202,25734401,48.12,2.19,5,false,RECOVERED_FROM_FROZEN_ARTIFACT,renault_data_pipeline/data/renault_processed/210202/customers.csv
customer,210202,25746700,48.36,17.57,9,false,RECOVERED_FROM_FROZEN_ARTIFACT,renault_data_pipeline/data/renault_processed/210202/customers.csv
customer,210202,25756803,49.16,16.7,9,false,RECOVERED_FROM_FROZEN_ARTIFACT,renault_data_pipeline/data/renault_processed/210202/customers.csv
customer,210202,25767300,42.11,-8.63,2,false,RECOVERED_FROM_FROZEN_ARTIFACT,renault_data_pipeline/data/renault_processed/210202/customers.csv
customer,210202,25767302,42.03,-8.64,2,false,RECOVERED_FROM_FROZEN_ARTIFACT,renault_data_pipeline/data/renault_processed/210202/customers.csv
customer,210202,25769300,43.28,-5.82,2,false,RECOVERED_FROM_FROZEN_ARTIFACT,renault_data_pipeline/data/renault_processed/210202/customers.csv
customer,210202,25782500,33.56,-7.67,1,false,RECOVERED_FROM_FROZEN_ARTIFACT,renault_data_pipeline/data/renault_processed/210202/customers.csv
customer,210202,25805701,45.12,5.71,7,false,RECOVERED_FROM_FROZEN_ARTIFACT,renault_data_pipeline/data/renault_processed/210202/customers.csv
customer,210202,25831000,50.81,19.17,10,false,RECOVERED_FROM_FROZEN_ARTIFACT,renault_data_pipeline/data/renault_processed/210202/customers.csv
customer,210202,25860700,47.26,-1.5,5,false,RECOVERED_FROM_FROZEN_ARTIFACT,renault_data_pipeline/data/renault_processed/210202/customers.csv
customer,210202,25869802,45.39,6.27,7,false,RECOVERED_FROM_FROZEN_ARTIFACT,renault_data_pipeline/data/renault_processed/210202/customers.csv
customer,210202,25915001,45.65,25.52,11,false,RECOVERED_FROM_FROZEN_ARTIFACT,renault_data_pipeline/data/renault_processed/210202/customers.csv
customer,210202,25929600,41.85,-1.94,3,false,RECOVERED_FROM_FROZEN_ARTIFACT,renault_data_pipeline/data/renault_processed/210202/customers.csv
customer,210202,25958400,44.94,25.95,11,false,RECOVERED_FROM_FROZEN_ARTIFACT,renault_data_pipeline/data/renault_processed/210202/customers.csv
customer,210202,26006000,49.47,17.14,10,false,RECOVERED_FROM_FROZEN_ARTIFACT,renault_data_pipeline/data/renault_processed/210202/customers.csv
customer,210202,26064700,49.46,17.13,10,false,RECOVERED_FROM_FROZEN_ARTIFACT,renault_data_pipeline/data/renault_processed/210202/customers.csv
customer,210202,26064701,49.46,17.14,10,false,RECOVERED_FROM_FROZEN_ARTIFACT,renault_data_pipeline/data/renault_processed/210202/customers.csv
customer,210202,26064702,49.46,17.13,10,false,RECOVERED_FROM_FROZEN_ARTIFACT,renault_data_pipeline/data/renault_processed/210202/customers.csv
customer,210202,26188600,49.29,4.03,7,false,RECOVERED_FROM_FROZEN_ARTIFACT,renault_data_pipeline/data/renault_processed/210202/customers.csv
customer,210202,26212000,44.95,24.93,11,false,RECOVERED_FROM_FROZEN_ARTIFACT,renault_data_pipeline/data/renault_processed/210202/customers.csv
customer,210202,26218801,50.67,13.98,8,false,RECOVERED_FROM_FROZEN_ARTIFACT,renault_data_pipeline/data/renault_processed/210202/customers.csv
customer,210202,26218804,50.68,13.96,8,false,RECOVERED_FROM_FROZEN_ARTIFACT,renault_data_pipeline/data/renault_processed/210202/customers.csv
customer,210202,26242400,46.88,19.62,9,false,RECOVERED_FROM_FROZEN_ARTIFACT,renault_data_pipeline/data/renault_processed/210202/customers.csv
customer,210202,26254901,50.74,11.87,8,false,RECOVERED_FROM_FROZEN_ARTIFACT,renault_data_pipeline/data/renault_processed/210202/customers.csv
customer,210202,26358500,47.98,18.19,9,false,RECOVERED_FROM_FROZEN_ARTIFACT,renault_data_pipeline/data/renault_processed/210202/customers.csv
customer,210202,26367200,47.86,17.78,9,true,RECOVERED_FROM_FROZEN_ARTIFACT,renault_data_pipeline/data/renault_processed/210202/customers.csv
customer,210202,26367401,48.19,18.61,9,false,RECOVERED_FROM_FROZEN_ARTIFACT,renault_data_pipeline/data/renault_processed/210202/customers.csv
customer,210202,26372000,48.04,19.8,9,false,RECOVERED_FROM_FROZEN_ARTIFACT,renault_data_pipeline/data/renault_processed/210202/customers.csv
customer,210202,26404500,47.51,6.86,7,false,RECOVERED_FROM_FROZEN_ARTIFACT,renault_data_pipeline/data/renault_processed/210202/customers.csv
customer,210202,26447800,44.66,25.55,11,false,RECOVERED_FROM_FROZEN_ARTIFACT,renault_data_pipeline/data/renault_processed/210202/customers.csv
customer,210202,26461100,48.3,5.15,7,false,RECOVERED_FROM_FROZEN_ARTIFACT,renault_data_pipeline/data/renault_processed/210202/customers.csv
customer,210202,26475101,49.16,5.9,7,false,RECOVERED_FROM_FROZEN_ARTIFACT,renault_data_pipeline/data/renault_processed/210202/customers.csv
customer,210202,26540200,45.81,21.19,11,false,RECOVERED_FROM_FROZEN_ARTIFACT,renault_data_pipeline/data/renault_processed/210202/customers.csv
customer,210202,26551501,45.3,25.06,11,false,RECOVERED_FROM_FROZEN_ARTIFACT,renault_data_pipeline/data/renault_processed/210202/customers.csv
customer,210202,26610800,49.16,1.35,5,false,RECOVERED_FROM_FROZEN_ARTIFACT,renault_data_pipeline/data/renault_processed/210202/customers.csv
customer,210202,26743100,51.13,16.95,10,false,RECOVERED_FROM_FROZEN_ARTIFACT,renault_data_pipeline/data/renault_processed/210202/customers.csv
customer,210202,26815301,48.03,17.32,9,false,RECOVERED_FROM_FROZEN_ARTIFACT,renault_data_pipeline/data/renault_processed/210202/customers.csv
customer,210202,26921304,47.71,7.84,7,false,RECOVERED_FROM_FROZEN_ARTIFACT,renault_data_pipeline/data/renault_processed/210202/customers.csv
customer,210202,26976701,48.55,21.24,10,false,RECOVERED_FROM_FROZEN_ARTIFACT,renault_data_pipeline/data/renault_processed/210202/customers.csv
customer,210202,27029800,50.27,3.33,7,false,RECOVERED_FROM_FROZEN_ARTIFACT,renault_data_pipeline/data/renault_processed/210202/customers.csv
customer,210202,27029901,48.22,3.28,7,false,RECOVERED_FROM_FROZEN_ARTIFACT,renault_data_pipeline/data/renault_processed/210202/customers.csv
customer,210202,27030002,46.81,1.73,5,false,RECOVERED_FROM_FROZEN_ARTIFACT,renault_data_pipeline/data/renault_processed/210202/customers.csv
customer,210202,27046701,48.24,17.36,9,false,RECOVERED_FROM_FROZEN_ARTIFACT,renault_data_pipeline/data/renault_processed/210202/customers.csv
customer,210202,27083208,44.87,10.63,8,false,RECOVERED_FROM_FROZEN_ARTIFACT,renault_data_pipeline/data/renault_processed/210202/customers.csv
customer,210202,27095301,49.03,3.37,7,false,RECOVERED_FROM_FROZEN_ARTIFACT,renault_data_pipeline/data/renault_processed/210202/customers.csv
customer,210202,27105201,50.37,3.09,7,false,RECOVERED_FROM_FROZEN_ARTIFACT,renault_data_pipeline/data/renault_processed/210202/customers.csv
customer,210202,27105202,49.02,0.42,5,false,RECOVERED_FROM_FROZEN_ARTIFACT,renault_data_pipeline/data/renault_processed/210202/customers.csv
customer,210202,27105203,46.99,2.24,5,false,RECOVERED_FROM_FROZEN_ARTIFACT,renault_data_pipeline/data/renault_processed/210202/customers.csv
customer,210202,27105204,50.36,3.1,7,false,RECOVERED_FROM_FROZEN_ARTIFACT,renault_data_pipeline/data/renault_processed/210202/customers.csv
customer,210202,27105208,48.72,0.42,5,false,RECOVERED_FROM_FROZEN_ARTIFACT,renault_data_pipeline/data/renault_processed/210202/customers.csv
customer,210202,27105209,49.52,0.92,5,false,RECOVERED_FROM_FROZEN_ARTIFACT,renault_data_pipeline/data/renault_processed/210202/customers.csv
customer,210202,27107002,50.41,14.95,8,false,RECOVERED_FROM_FROZEN_ARTIFACT,renault_data_pipeline/data/renault_processed/210202/customers.csv
customer,210202,27125400,48.37,0.56,5,false,RECOVERED_FROM_FROZEN_ARTIFACT,renault_data_pipeline/data/renault_processed/210202/customers.csv
customer,210202,27125600,47.48,6.78,7,false,RECOVERED_FROM_FROZEN_ARTIFACT,renault_data_pipeline/data/renault_processed/210202/customers.csv
customer,210202,27125700,52.21,20.6,10,false,RECOVERED_FROM_FROZEN_ARTIFACT,renault_data_pipeline/data/renault_processed/210202/customers.csv
customer,210202,27137200,47.51,7.01,7,false,RECOVERED_FROM_FROZEN_ARTIFACT,renault_data_pipeline/data/renault_processed/210202/customers.csv
customer,210202,27137300,45.15,1.48,5,false,RECOVERED_FROM_FROZEN_ARTIFACT,renault_data_pipeline/data/renault_processed/210202/customers.csv
customer,210202,27157400,48.16,6.46,7,false,RECOVERED_FROM_FROZEN_ARTIFACT,renault_data_pipeline/data/renault_processed/210202/customers.csv
customer,210202,27166400,50.65,13.99,8,false,RECOVERED_FROM_FROZEN_ARTIFACT,renault_data_pipeline/data/renault_processed/210202/customers.csv
customer,210202,27352000,46.61,0.34,5,false,RECOVERED_FROM_FROZEN_ARTIFACT,renault_data_pipeline/data/renault_processed/210202/customers.csv
customer,210202,27359000,48.25,18.3,9,false,RECOVERED_FROM_FROZEN_ARTIFACT,renault_data_pipeline/data/renault_processed/210202/customers.csv
customer,210202,27369300,45.73,21.27,11,false,RECOVERED_FROM_FROZEN_ARTIFACT,renault_data_pipeline/data/renault_processed/210202/customers.csv
customer,210202,27376300,43.4,-3.84,2,false,RECOVERED_FROM_FROZEN_ARTIFACT,renault_data_pipeline/data/renault_processed/210202/customers.csv
customer,210202,27396000,42.21,-8.75,2,false,RECOVERED_FROM_FROZEN_ARTIFACT,renault_data_pipeline/data/renault_processed/210202/customers.csv
customer,210202,27442306,35.72,-5.92,1,false,RECOVERED_FROM_FROZEN_ARTIFACT,renault_data_pipeline/data/renault_processed/210202/customers.csv
customer,210202,27473600,41.63,2.18,6,false,RECOVERED_FROM_FROZEN_ARTIFACT,renault_data_pipeline/data/renault_processed/210202/customers.csv
customer,210202,27473700,50.93,5.49,7,false,RECOVERED_FROM_FROZEN_ARTIFACT,renault_data_pipeline/data/renault_processed/210202/customers.csv
customer,210202,27477001,50.04,15.58,10,false,RECOVERED_FROM_FROZEN_ARTIFACT,renault_data_pipeline/data/renault_processed/210202/customers.csv
customer,210202,27490404,42.7,-2.92,2,false,RECOVERED_FROM_FROZEN_ARTIFACT,renault_data_pipeline/data/renault_processed/210202/customers.csv
customer,210202,27562001,50.35,19.26,10,false,RECOVERED_FROM_FROZEN_ARTIFACT,renault_data_pipeline/data/renault_processed/210202/customers.csv
customer,210202,27593900,47.27,-1.5,5,false,RECOVERED_FROM_FROZEN_ARTIFACT,renault_data_pipeline/data/renault_processed/210202/customers.csv
customer,210202,27594100,40.65,-3.19,3,false,RECOVERED_FROM_FROZEN_ARTIFACT,renault_data_pipeline/data/renault_processed/210202/customers.csv
customer,210202,27662602,50.83,19.13,10,false,RECOVERED_FROM_FROZEN_ARTIFACT,renault_data_pipeline/data/renault_processed/210202/customers.csv
customer,210202,27690200,45.66,25.61,11,false,RECOVERED_FROM_FROZEN_ARTIFACT,renault_data_pipeline/data/renault_processed/210202/customers.csv
customer,210202,27731900,43.13,-2.57,2,false,RECOVERED_FROM_FROZEN_ARTIFACT,renault_data_pipeline/data/renault_processed/210202/customers.csv
customer,210202,27752300,41.62,25.38,12,true,RECOVERED_FROM_FROZEN_ARTIFACT,renault_data_pipeline/data/renault_processed/210202/customers.csv
customer,210202,27800200,35.57,-5.46,1,false,RECOVERED_FROM_FROZEN_ARTIFACT,renault_data_pipeline/data/renault_processed/210202/customers.csv
customer,210202,27805100,54.91,-1.49,4,false,RECOVERED_FROM_FROZEN_ARTIFACT,renault_data_pipeline/data/renault_processed/210202/customers.csv
customer,210202,27830400,49.24,6.15,7,false,RECOVERED_FROM_FROZEN_ARTIFACT,renault_data_pipeline/data/renault_processed/210202/customers.csv
customer,210202,27830500,49.24,6.15,7,false,RECOVERED_FROM_FROZEN_ARTIFACT,renault_data_pipeline/data/renault_processed/210202/customers.csv
customer,210202,27845100,42.43,25.66,12,false,RECOVERED_FROM_FROZEN_ARTIFACT,renault_data_pipeline/data/renault_processed/210202/customers.csv
customer,210202,27862302,53.77,-1.55,4,false,RECOVERED_FROM_FROZEN_ARTIFACT,renault_data_pipeline/data/renault_processed/210202/customers.csv
customer,210202,27902200,47.55,-0.11,5,false,RECOVERED_FROM_FROZEN_ARTIFACT,renault_data_pipeline/data/renault_processed/210202/customers.csv
customer,210202,27996500,44.79,24.98,11,false,RECOVERED_FROM_FROZEN_ARTIFACT,renault_data_pipeline/data/renault_processed/210202/customers.csv
customer,210202,28040400,44.99,24.94,11,false,RECOVERED_FROM_FROZEN_ARTIFACT,renault_data_pipeline/data/renault_processed/210202/customers.csv
customer,210202,28058401,49.3,4.12,7,false,RECOVERED_FROM_FROZEN_ARTIFACT,renault_data_pipeline/data/renault_processed/210202/customers.csv
customer,210202,28058405,49.28,4.06,7,false,RECOVERED_FROM_FROZEN_ARTIFACT,renault_data_pipeline/data/renault_processed/210202/customers.csv
customer,210202,28064002,51.46,7.62,8,false,RECOVERED_FROM_FROZEN_ARTIFACT,renault_data_pipeline/data/renault_processed/210202/customers.csv
customer,210202,28075900,49.68,13.42,8,false,RECOVERED_FROM_FROZEN_ARTIFACT,renault_data_pipeline/data/renault_processed/210202/customers.csv
customer,210202,28075902,49.68,13.42,8,false,RECOVERED_FROM_FROZEN_ARTIFACT,renault_data_pipeline/data/renault_processed/210202/customers.csv
customer,210202,28075904,40.5,-3.41,3,false,RECOVERED_FROM_FROZEN_ARTIFACT,renault_data_pipeline/data/renault_processed/210202/customers.csv
customer,210202,28075907,49.29,13.14,8,false,RECOVERED_FROM_FROZEN_ARTIFACT,renault_data_pipeline/data/renault_processed/210202/customers.csv
customer,210202,28208500,50.87,12.35,8,false,RECOVERED_FROM_FROZEN_ARTIFACT,renault_data_pipeline/data/renault_processed/210202/customers.csv
customer,210202,28237800,54.53,-1.36,4,true,RECOVERED_FROM_FROZEN_ARTIFACT,renault_data_pipeline/data/renault_processed/210202/customers.csv
customer,210202,28279401,51.19,11.06,8,false,RECOVERED_FROM_FROZEN_ARTIFACT,renault_data_pipeline/data/renault_processed/210202/customers.csv
customer,210202,28328400,48.42,17.04,9,false,RECOVERED_FROM_FROZEN_ARTIFACT,renault_data_pipeline/data/renault_processed/210202/customers.csv
customer,210202,28333101,49.84,3.24,7,false,RECOVERED_FROM_FROZEN_ARTIFACT,renault_data_pipeline/data/renault_processed/210202/customers.csv
customer,210202,28350800,44.79,24.98,11,false,RECOVERED_FROM_FROZEN_ARTIFACT,renault_data_pipeline/data/renault_processed/210202/customers.csv
customer,210202,28350801,45.17,24.84,11,false,RECOVERED_FROM_FROZEN_ARTIFACT,renault_data_pipeline/data/renault_processed/210202/customers.csv
customer,210202,28412700,46.38,5.84,7,false,RECOVERED_FROM_FROZEN_ARTIFACT,renault_data_pipeline/data/renault_processed/210202/customers.csv
customer,210202,28472500,41.9,1.71,6,false,RECOVERED_FROM_FROZEN_ARTIFACT,renault_data_pipeline/data/renault_processed/210202/customers.csv
customer,210202,28482700,39.36,-0.45,3,false,RECOVERED_FROM_FROZEN_ARTIFACT,renault_data_pipeline/data/renault_processed/210202/customers.csv
customer,210202,28567300,47.59,18.36,9,false,RECOVERED_FROM_FROZEN_ARTIFACT,renault_data_pipeline/data/renault_processed/210202/customers.csv
customer,210202,28603900,49.09,18.96,10,false,RECOVERED_FROM_FROZEN_ARTIFACT,renault_data_pipeline/data/renault_processed/210202/customers.csv
customer,210202,28610400,49.77,1.97,5,false,RECOVERED_FROM_FROZEN_ARTIFACT,renault_data_pipeline/data/renault_processed/210202/customers.csv
customer,210202,28633900,45.1,7.57,7,false,RECOVERED_FROM_FROZEN_ARTIFACT,renault_data_pipeline/data/renault_processed/210202/customers.csv
customer,210202,28660200,46.98,3.17,7,false,RECOVERED_FROM_FROZEN_ARTIFACT,renault_data_pipeline/data/renault_processed/210202/customers.csv
customer,210202,28681300,49.39,1.38,5,false,RECOVERED_FROM_FROZEN_ARTIFACT,renault_data_pipeline/data/renault_processed/210202/customers.csv
customer,210202,28874900,49.87,18.55,10,false,RECOVERED_FROM_FROZEN_ARTIFACT,renault_data_pipeline/data/renault_processed/210202/customers.csv
customer,210202,28879100,45.87,15.09,9,false,RECOVERED_FROM_FROZEN_ARTIFACT,renault_data_pipeline/data/renault_processed/210202/customers.csv
customer,210202,28884600,50.92,5.53,7,false,RECOVERED_FROM_FROZEN_ARTIFACT,renault_data_pipeline/data/renault_processed/210202/customers.csv
customer,210202,28898200,48.73,18.56,9,false,RECOVERED_FROM_FROZEN_ARTIFACT,renault_data_pipeline/data/renault_processed/210202/customers.csv
customer,210202,28920502,47.21,18.43,9,false,RECOVERED_FROM_FROZEN_ARTIFACT,renault_data_pipeline/data/renault_processed/210202/customers.csv
customer,210202,29221700,45.38,20.43,9,false,RECOVERED_FROM_FROZEN_ARTIFACT,renault_data_pipeline/data/renault_processed/210202/customers.csv
customer,210202,29249600,49.4,19.48,10,false,RECOVERED_FROM_FROZEN_ARTIFACT,renault_data_pipeline/data/renault_processed/210202/customers.csv
customer,210202,29324200,40.85,-8.48,2,false,RECOVERED_FROM_FROZEN_ARTIFACT,renault_data_pipeline/data/renault_processed/210202/customers.csv
customer,210202,29330900,47.57,9.37,8,false,RECOVERED_FROM_FROZEN_ARTIFACT,renault_data_pipeline/data/renault_processed/210202/customers.csv
customer,210202,29350201,47.94,-2.38,5,false,RECOVERED_FROM_FROZEN_ARTIFACT,renault_data_pipeline/data/renault_processed/210202/customers.csv
customer,210202,29350204,50.09,3.53,7,false,RECOVERED_FROM_FROZEN_ARTIFACT,renault_data_pipeline/data/renault_processed/210202/customers.csv
customer,210202,29350205,47.29,-2.3,5,false,RECOVERED_FROM_FROZEN_ARTIFACT,renault_data_pipeline/data/renault_processed/210202/customers.csv
customer,210202,29350212,48.6,5.04,7,false,RECOVERED_FROM_FROZEN_ARTIFACT,renault_data_pipeline/data/renault_processed/210202/customers.csv
customer,210202,29350214,47.38,-1.1,5,false,RECOVERED_FROM_FROZEN_ARTIFACT,renault_data_pipeline/data/renault_processed/210202/customers.csv
customer,210202,29382801,45.07,24.81,11,false,RECOVERED_FROM_FROZEN_ARTIFACT,renault_data_pipeline/data/renault_processed/210202/customers.csv
customer,210202,29450102,42.78,-4.25,2,false,RECOVERED_FROM_FROZEN_ARTIFACT,renault_data_pipeline/data/renault_processed/210202/customers.csv
customer,210202,29685200,51.16,4.79,7,false,RECOVERED_FROM_FROZEN_ARTIFACT,renault_data_pipeline/data/renault_processed/210202/customers.csv
customer,210202,29685201,49.56,15.96,10,false,RECOVERED_FROM_FROZEN_ARTIFACT,renault_data_pipeline/data/renault_processed/210202/customers.csv
customer,210202,29685206,47.46,-0.62,5,false,RECOVERED_FROM_FROZEN_ARTIFACT,renault_data_pipeline/data/renault_processed/210202/customers.csv
customer,210202,29717101,42.78,-1.38,6,false,RECOVERED_FROM_FROZEN_ARTIFACT,renault_data_pipeline/data/renault_processed/210202/customers.csv
customer,210202,29721000,41.63,2.29,6,false,RECOVERED_FROM_FROZEN_ARTIFACT,renault_data_pipeline/data/renault_processed/210202/customers.csv
customer,210202,29807200,43.87,26.04,11,false,RECOVERED_FROM_FROZEN_ARTIFACT,renault_data_pipeline/data/renault_processed/210202/customers.csv
customer,210202,29937600,42.88,-2.31,2,false,RECOVERED_FROM_FROZEN_ARTIFACT,renault_data_pipeline/data/renault_processed/210202/customers.csv
customer,210202,29969301,40.57,-8.12,2,false,RECOVERED_FROM_FROZEN_ARTIFACT,renault_data_pipeline/data/renault_processed/210202/customers.csv
customer,210202,40084500,47.29,-2.3,5,false,RECOVERED_FROM_FROZEN_ARTIFACT,renault_data_pipeline/data/renault_processed/210202/customers.csv
customer,210202,40145700,41.82,-8.44,2,false,RECOVERED_FROM_FROZEN_ARTIFACT,renault_data_pipeline/data/renault_processed/210202/customers.csv
customer,210202,40193000,46.55,23.86,11,false,RECOVERED_FROM_FROZEN_ARTIFACT,renault_data_pipeline/data/renault_processed/210202/customers.csv
customer,210202,40217101,45.2,7.89,7,false,RECOVERED_FROM_FROZEN_ARTIFACT,renault_data_pipeline/data/renault_processed/210202/customers.csv
customer,210202,40253500,47.69,22.5,10,false,RECOVERED_FROM_FROZEN_ARTIFACT,renault_data_pipeline/data/renault_processed/210202/customers.csv
customer,210202,40317700,41.65,-0.78,6,false,RECOVERED_FROM_FROZEN_ARTIFACT,renault_data_pipeline/data/renault_processed/210202/customers.csv
customer,210202,40317703,39.47,-0.57,3,false,RECOVERED_FROM_FROZEN_ARTIFACT,renault_data_pipeline/data/renault_processed/210202/customers.csv
customer,210202,40654000,44.87,24.86,11,false,RECOVERED_FROM_FROZEN_ARTIFACT,renault_data_pipeline/data/renault_processed/210202/customers.csv
customer,210202,40699300,35.72,-5.92,1,false,RECOVERED_FROM_FROZEN_ARTIFACT,renault_data_pipeline/data/renault_processed/210202/customers.csv
customer,210202,40741601,50.49,2.5,7,false,RECOVERED_FROM_FROZEN_ARTIFACT,renault_data_pipeline/data/renault_processed/210202/customers.csv
customer,210202,40741604,50.49,2.68,7,false,RECOVERED_FROM_FROZEN_ARTIFACT,renault_data_pipeline/data/renault_processed/210202/customers.csv
customer,210202,40771302,35.66,-5.67,1,true,RECOVERED_FROM_FROZEN_ARTIFACT,renault_data_pipeline/data/renault_processed/210202/customers.csv
customer,210202,40779102,47.55,16.75,9,false,RECOVERED_FROM_FROZEN_ARTIFACT,renault_data_pipeline/data/renault_processed/210202/customers.csv
customer,210202,40819100,47.63,18.29,9,false,RECOVERED_FROM_FROZEN_ARTIFACT,renault_data_pipeline/data/renault_processed/210202/customers.csv
customer,210202,40832000,47.08,21.86,9,false,RECOVERED_FROM_FROZEN_ARTIFACT,renault_data_pipeline/data/renault_processed/210202/customers.csv
customer,210202,40852000,49.22,18.57,10,false,RECOVERED_FROM_FROZEN_ARTIFACT,renault_data_pipeline/data/renault_processed/210202/customers.csv
customer,210202,40863701,48.14,11.58,8,false,RECOVERED_FROM_FROZEN_ARTIFACT,renault_data_pipeline/data/renault_processed/210202/customers.csv
customer,210202,40906107,48.13,20.78,9,false,RECOVERED_FROM_FROZEN_ARTIFACT,renault_data_pipeline/data/renault_processed/210202/customers.csv
customer,210202,40909900,40.78,-8.59,2,false,RECOVERED_FROM_FROZEN_ARTIFACT,renault_data_pipeline/data/renault_processed/210202/customers.csv
customer,210202,40952700,49.25,6.9,7,false,RECOVERED_FROM_FROZEN_ARTIFACT,renault_data_pipeline/data/renault_processed/210202/customers.csv
customer,210202,40955700,45.73,21.26,11,false,RECOVERED_FROM_FROZEN_ARTIFACT,renault_data_pipeline/data/renault_processed/210202/customers.csv
customer,210202,40979700,44.92,24.87,11,false,RECOVERED_FROM_FROZEN_ARTIFACT,renault_data_pipeline/data/renault_processed/210202/customers.csv
customer,210202,41006300,49.69,18.11,10,false,RECOVERED_FROM_FROZEN_ARTIFACT,renault_data_pipeline/data/renault_processed/210202/customers.csv
customer,210202,41099501,47.37,19.12,9,false,RECOVERED_FROM_FROZEN_ARTIFACT,renault_data_pipeline/data/renault_processed/210202/customers.csv
customer,210202,41106800,52.4,-1.55,4,false,RECOVERED_FROM_FROZEN_ARTIFACT,renault_data_pipeline/data/renault_processed/210202/customers.csv
customer,210202,41156800,48.57,18.86,9,false,RECOVERED_FROM_FROZEN_ARTIFACT,renault_data_pipeline/data/renault_processed/210202/customers.csv
customer,210202,41223901,40.58,-8.12,2,false,RECOVERED_FROM_FROZEN_ARTIFACT,renault_data_pipeline/data/renault_processed/210202/customers.csv
customer,210202,41379900,46.14,21.3,11,false,RECOVERED_FROM_FROZEN_ARTIFACT,renault_data_pipeline/data/renault_processed/210202/customers.csv
customer,210202,41428600,47.11,17.88,9,false,RECOVERED_FROM_FROZEN_ARTIFACT,renault_data_pipeline/data/renault_processed/210202/customers.csv
customer,210202,41448500,48.74,18.23,9,false,RECOVERED_FROM_FROZEN_ARTIFACT,renault_data_pipeline/data/renault_processed/210202/customers.csv
customer,210202,41462100,35.66,-5.67,1,false,RECOVERED_FROM_FROZEN_ARTIFACT,renault_data_pipeline/data/renault_processed/210202/customers.csv
customer,210202,41482900,46.25,1.5,5,false,RECOVERED_FROM_FROZEN_ARTIFACT,renault_data_pipeline/data/renault_processed/210202/customers.csv
customer,210202,41484500,41.89,-8.55,2,false,RECOVERED_FROM_FROZEN_ARTIFACT,renault_data_pipeline/data/renault_processed/210202/customers.csv
customer,210202,41565300,49.47,5.86,7,false,RECOVERED_FROM_FROZEN_ARTIFACT,renault_data_pipeline/data/renault_processed/210202/customers.csv
customer,210202,41570200,44.56,2.24,6,false,RECOVERED_FROM_FROZEN_ARTIFACT,renault_data_pipeline/data/renault_processed/210202/customers.csv
customer,210202,41618900,42.18,24.33,12,false,RECOVERED_FROM_FROZEN_ARTIFACT,renault_data_pipeline/data/renault_processed/210202/customers.csv
customer,210202,41618901,49.92,13.99,8,false,RECOVERED_FROM_FROZEN_ARTIFACT,renault_data_pipeline/data/renault_processed/210202/customers.csv
customer,210202,41619000,44.41,7.82,7,false,RECOVERED_FROM_FROZEN_ARTIFACT,renault_data_pipeline/data/renault_processed/210202/customers.csv
customer,210202,41619001,44.41,7.83,7,false,RECOVERED_FROM_FROZEN_ARTIFACT,renault_data_pipeline/data/renault_processed/210202/customers.csv
customer,210202,41628700,47.18,18.4,9,false,RECOVERED_FROM_FROZEN_ARTIFACT,renault_data_pipeline/data/renault_processed/210202/customers.csv
customer,210202,41647900,34.26,-6.58,1,false,RECOVERED_FROM_FROZEN_ARTIFACT,renault_data_pipeline/data/renault_processed/210202/customers.csv
customer,210202,41681300,35.66,-5.66,1,false,RECOVERED_FROM_FROZEN_ARTIFACT,renault_data_pipeline/data/renault_processed/210202/customers.csv
customer,210202,41854501,47.14,20.13,9,false,RECOVERED_FROM_FROZEN_ARTIFACT,renault_data_pipeline/data/renault_processed/210202/customers.csv
customer,210202,42008900,34.32,-6.37,1,false,RECOVERED_FROM_FROZEN_ARTIFACT,renault_data_pipeline/data/renault_processed/210202/customers.csv
customer,210202,42116300,44.63,24.27,11,false,RECOVERED_FROM_FROZEN_ARTIFACT,renault_data_pipeline/data/renault_processed/210202/customers.csv
customer,210202,42126700,35.66,-5.65,1,false,RECOVERED_FROM_FROZEN_ARTIFACT,renault_data_pipeline/data/renault_processed/210202/customers.csv
customer,210202,42143100,48.18,7.01,7,false,RECOVERED_FROM_FROZEN_ARTIFACT,renault_data_pipeline/data/renault_processed/210202/customers.csv
customer,210202,42162600,49.84,4.78,7,false,RECOVERED_FROM_FROZEN_ARTIFACT,renault_data_pipeline/data/renault_processed/210202/customers.csv
customer,210202,42191400,48.11,-1.73,5,false,RECOVERED_FROM_FROZEN_ARTIFACT,renault_data_pipeline/data/renault_processed/210202/customers.csv
customer,210202,42204601,43.0,1.62,6,false,RECOVERED_FROM_FROZEN_ARTIFACT,renault_data_pipeline/data/renault_processed/210202/customers.csv
customer,210202,42254602,41.34,2.11,6,false,RECOVERED_FROM_FROZEN_ARTIFACT,renault_data_pipeline/data/renault_processed/210202/customers.csv
customer,210202,42259201,35.72,-5.91,1,false,RECOVERED_FROM_FROZEN_ARTIFACT,renault_data_pipeline/data/renault_processed/210202/customers.csv
customer,210202,42260400,48.7,18.41,9,false,RECOVERED_FROM_FROZEN_ARTIFACT,renault_data_pipeline/data/renault_processed/210202/customers.csv
customer,210202,42262300,41.74,-1.19,3,false,RECOVERED_FROM_FROZEN_ARTIFACT,renault_data_pipeline/data/renault_processed/210202/customers.csv
customer,210202,42319000,43.55,10.48,7,false,RECOVERED_FROM_FROZEN_ARTIFACT,renault_data_pipeline/data/renault_processed/210202/customers.csv
customer,210202,42348001,50.27,19.18,10,false,RECOVERED_FROM_FROZEN_ARTIFACT,renault_data_pipeline/data/renault_processed/210202/customers.csv
customer,210202,42349300,49.54,18.21,10,false,RECOVERED_FROM_FROZEN_ARTIFACT,renault_data_pipeline/data/renault_processed/210202/customers.csv
customer,210202,42349302,49.21,12.28,8,false,RECOVERED_FROM_FROZEN_ARTIFACT,renault_data_pipeline/data/renault_processed/210202/customers.csv
customer,210202,42368301,49.74,19.59,10,false,RECOVERED_FROM_FROZEN_ARTIFACT,renault_data_pipeline/data/renault_processed/210202/customers.csv
customer,210202,42375705,48.06,-1.7,5,false,RECOVERED_FROM_FROZEN_ARTIFACT,renault_data_pipeline/data/renault_processed/210202/customers.csv
customer,210202,42402201,47.55,7.92,7,false,RECOVERED_FROM_FROZEN_ARTIFACT,renault_data_pipeline/data/renault_processed/210202/customers.csv
customer,210202,42435800,50.9,17.33,10,false,RECOVERED_FROM_FROZEN_ARTIFACT,renault_data_pipeline/data/renault_processed/210202/customers.csv
customer,210202,42457100,43.06,-2.51,2,false,RECOVERED_FROM_FROZEN_ARTIFACT,renault_data_pipeline/data/renault_processed/210202/customers.csv
customer,210202,42460000,46.33,-1.31,5,false,RECOVERED_FROM_FROZEN_ARTIFACT,renault_data_pipeline/data/renault_processed/210202/customers.csv
customer,210202,42506300,45.87,24.07,11,false,RECOVERED_FROM_FROZEN_ARTIFACT,renault_data_pipeline/data/renault_processed/210202/customers.csv
customer,210202,42529900,41.41,1.99,6,false,RECOVERED_FROM_FROZEN_ARTIFACT,renault_data_pipeline/data/renault_processed/210202/customers.csv
customer,210202,42529903,41.66,1.2,6,false,RECOVERED_FROM_FROZEN_ARTIFACT,renault_data_pipeline/data/renault_processed/210202/customers.csv
customer,210202,42571100,43.93,21.37,11,false,RECOVERED_FROM_FROZEN_ARTIFACT,renault_data_pipeline/data/renault_processed/210202/customers.csv
customer,210202,42583600,48.64,9.36,8,false,RECOVERED_FROM_FROZEN_ARTIFACT,renault_data_pipeline/data/renault_processed/210202/customers.csv
customer,210202,60317302,45.82,4.59,7,false,RECOVERED_FROM_FROZEN_ARTIFACT,renault_data_pipeline/data/renault_processed/210202/customers.csv
customer,210202,61186900,47.08,21.91,9,false,RECOVERED_FROM_FROZEN_ARTIFACT,renault_data_pipeline/data/renault_processed/210202/customers.csv
customer,210202,61187700,45.22,24.94,11,false,RECOVERED_FROM_FROZEN_ARTIFACT,renault_data_pipeline/data/renault_processed/210202/customers.csv
customer,210202,61190700,44.8,25.08,11,false,RECOVERED_FROM_FROZEN_ARTIFACT,renault_data_pipeline/data/renault_processed/210202/customers.csv
customer,210202,61198605,45.29,25.06,11,false,RECOVERED_FROM_FROZEN_ARTIFACT,renault_data_pipeline/data/renault_processed/210202/customers.csv
customer,210202,61200700,47.05,21.97,11,false,RECOVERED_FROM_FROZEN_ARTIFACT,renault_data_pipeline/data/renault_processed/210202/customers.csv
customer,210202,61203901,45.73,21.17,11,false,RECOVERED_FROM_FROZEN_ARTIFACT,renault_data_pipeline/data/renault_processed/210202/customers.csv
customer,210202,61204301,44.99,24.94,11,false,RECOVERED_FROM_FROZEN_ARTIFACT,renault_data_pipeline/data/renault_processed/210202/customers.csv
customer,210202,61204502,44.98,24.97,11,false,RECOVERED_FROM_FROZEN_ARTIFACT,renault_data_pipeline/data/renault_processed/210202/customers.csv
customer,210202,61205600,45.66,25.54,11,false,RECOVERED_FROM_FROZEN_ARTIFACT,renault_data_pipeline/data/renault_processed/210202/customers.csv
customer,210202,61205603,44.9,23.16,11,false,RECOVERED_FROM_FROZEN_ARTIFACT,renault_data_pipeline/data/renault_processed/210202/customers.csv
customer,210202,61996300,45.95,15.06,9,false,RECOVERED_FROM_FROZEN_ARTIFACT,renault_data_pipeline/data/renault_processed/210202/customers.csv
depot,210202,9624708,45.78,4.88,,false,RECOVERED_FROM_FROZEN_ARTIFACT,renault_data_pipeline/data/renault_processed/210202/depots.csv
depot,210202,90015100,48.98,1.85,,false,RECOVERED_FROM_FROZEN_ARTIFACT,renault_data_pipeline/data/renault_processed/210202/depots.csv
depot,210202,90016100,49.32,1.05,,false,RECOVERED_FROM_FROZEN_ARTIFACT,renault_data_pipeline/data/renault_processed/210202/depots.csv
depot,210202,90016200,50.28,3.91,,false,RECOVERED_FROM_FROZEN_ARTIFACT,renault_data_pipeline/data/renault_processed/210202/depots.csv
depot,210202,90016500,40.67,-8.62,,false,RECOVERED_FROM_FROZEN_ARTIFACT,renault_data_pipeline/data/renault_processed/210202/depots.csv
depot,210202,90016700,45.79,15.18,,false,RECOVERED_FROM_FROZEN_ARTIFACT,renault_data_pipeline/data/renault_processed/210202/depots.csv
depot,210202,90016900,49.17,5.98,,false,RECOVERED_FROM_FROZEN_ARTIFACT,renault_data_pipeline/data/renault_processed/210202/depots.csv
depot,210202,90017100,49.48,0.3,,false,RECOVERED_FROM_FROZEN_ARTIFACT,renault_data_pipeline/data/renault_processed/210202/depots.csv
depot,210202,90018300,49.91,1.09,,false,RECOVERED_FROM_FROZEN_ARTIFACT,renault_data_pipeline/data/renault_processed/210202/depots.csv
depot,210202,90019100,50.36,3.03,,false,RECOVERED_FROM_FROZEN_ARTIFACT,renault_data_pipeline/data/renault_processed/210202/depots.csv
depot,210202,91017200,41.96,-4.5,,false,RECOVERED_FROM_FROZEN_ARTIFACT,renault_data_pipeline/data/renault_processed/210202/depots.csv
depot,210202,91017300,41.61,-4.73,,false,RECOVERED_FROM_FROZEN_ARTIFACT,renault_data_pipeline/data/renault_processed/210202/depots.csv
depot,210202,91017500,37.43,-5.98,,false,RECOVERED_FROM_FROZEN_ARTIFACT,renault_data_pipeline/data/renault_processed/210202/depots.csv
depot,210202,91017600,41.61,-4.73,,false,RECOVERED_FROM_FROZEN_ARTIFACT,renault_data_pipeline/data/renault_processed/210202/depots.csv
depot,210202,91017700,41.61,-4.73,,false,RECOVERED_FROM_FROZEN_ARTIFACT,renault_data_pipeline/data/renault_processed/210202/depots.csv
customer,210628,37402,49.37,6.22,7,false,RECOVERED_FROM_FROZEN_ARTIFACT,renault_data_pipeline/data/renault_processed/210628/customers.csv
customer,210628,187312,46.84,0.54,5,false,RECOVERED_FROM_FROZEN_ARTIFACT,renault_data_pipeline/data/renault_processed/210628/customers.csv
customer,210628,187313,45.55,3.26,5,false,RECOVERED_FROM_FROZEN_ARTIFACT,renault_data_pipeline/data/renault_processed/210628/customers.csv
customer,210628,201504,48.68,1.54,5,false,RECOVERED_FROM_FROZEN_ARTIFACT,renault_data_pipeline/data/renault_processed/210628/customers.csv
customer,210628,239407,48.39,18.0,9,false,RECOVERED_FROM_FROZEN_ARTIFACT,renault_data_pipeline/data/renault_processed/210628/customers.csv
customer,210628,239412,48.36,0.37,5,false,RECOVERED_FROM_FROZEN_ARTIFACT,renault_data_pipeline/data/renault_processed/210628/customers.csv
customer,210628,239414,48.37,0.56,5,true,RECOVERED_FROM_FROZEN_ARTIFACT,renault_data_pipeline/data/renault_processed/210628/customers.csv
customer,210628,292606,46.79,21.63,9,false,RECOVERED_FROM_FROZEN_ARTIFACT,renault_data_pipeline/data/renault_processed/210628/customers.csv
customer,210628,322802,48.98,1.89,5,false,RECOVERED_FROM_FROZEN_ARTIFACT,renault_data_pipeline/data/renault_processed/210628/customers.csv
customer,210628,440301,48.08,1.34,5,false,RECOVERED_FROM_FROZEN_ARTIFACT,renault_data_pipeline/data/renault_processed/210628/customers.csv
customer,210628,440381,47.23,2.07,5,false,RECOVERED_FROM_FROZEN_ARTIFACT,renault_data_pipeline/data/renault_processed/210628/customers.csv
customer,210628,440384,47.69,-0.86,5,false,RECOVERED_FROM_FROZEN_ARTIFACT,renault_data_pipeline/data/renault_processed/210628/customers.csv
customer,210628,487216,46.54,3.35,7,false,RECOVERED_FROM_FROZEN_ARTIFACT,renault_data_pipeline/data/renault_processed/210628/customers.csv
customer,210628,487232,48.69,8.12,7,false,RECOVERED_FROM_FROZEN_ARTIFACT,renault_data_pipeline/data/renault_processed/210628/customers.csv
customer,210628,487248,41.31,1.63,6,false,RECOVERED_FROM_FROZEN_ARTIFACT,renault_data_pipeline/data/renault_processed/210628/customers.csv
customer,210628,487274,44.89,20.09,9,false,RECOVERED_FROM_FROZEN_ARTIFACT,renault_data_pipeline/data/renault_processed/210628/customers.csv
customer,210628,487282,50.94,5.49,7,false,RECOVERED_FROM_FROZEN_ARTIFACT,renault_data_pipeline/data/renault_processed/210628/customers.csv
customer,210628,631303,48.02,2.72,5,false,RECOVERED_FROM_FROZEN_ARTIFACT,renault_data_pipeline/data/renault_processed/210628/customers.csv
customer,210628,679301,49.46,5.86,7,false,RECOVERED_FROM_FROZEN_ARTIFACT,renault_data_pipeline/data/renault_processed/210628/customers.csv
customer,210628,772511,49.94,2.27,5,false,RECOVERED_FROM_FROZEN_ARTIFACT,renault_data_pipeline/data/renault_processed/210628/customers.csv
customer,210628,785509,45.87,1.27,5,false,RECOVERED_FROM_FROZEN_ARTIFACT,renault_data_pipeline/data/renault_processed/210628/customers.csv
customer,210628,796810,48.04,1.87,5,false,RECOVERED_FROM_FROZEN_ARTIFACT,renault_data_pipeline/data/renault_processed/210628/customers.csv
customer,210628,796817,45.64,25.51,11,false,RECOVERED_FROM_FROZEN_ARTIFACT,renault_data_pipeline/data/renault_processed/210628/customers.csv
customer,210628,865704,47.98,0.26,5,false,RECOVERED_FROM_FROZEN_ARTIFACT,renault_data_pipeline/data/renault_processed/210628/customers.csv
customer,210628,896602,49.41,8.65,8,false,RECOVERED_FROM_FROZEN_ARTIFACT,renault_data_pipeline/data/renault_processed/210628/customers.csv
customer,210628,923601,49.44,1.91,5,false,RECOVERED_FROM_FROZEN_ARTIFACT,renault_data_pipeline/data/renault_processed/210628/customers.csv
customer,210628,923606,44.1,1.1,6,false,RECOVERED_FROM_FROZEN_ARTIFACT,renault_data_pipeline/data/renault_processed/210628/customers.csv
customer,210628,923610,41.54,2.04,6,false,RECOVERED_FROM_FROZEN_ARTIFACT,renault_data_pipeline/data/renault_processed/210628/customers.csv
customer,210628,923613,48.38,18.4,9,false,RECOVERED_FROM_FROZEN_ARTIFACT,renault_data_pipeline/data/renault_processed/210628/customers.csv
customer,210628,923619,44.84,24.89,11,false,RECOVERED_FROM_FROZEN_ARTIFACT,renault_data_pipeline/data/renault_processed/210628/customers.csv
customer,210628,923681,49.44,1.9,5,false,RECOVERED_FROM_FROZEN_ARTIFACT,renault_data_pipeline/data/renault_processed/210628/customers.csv
customer,210628,1105407,46.98,3.16,7,false,RECOVERED_FROM_FROZEN_ARTIFACT,renault_data_pipeline/data/renault_processed/210628/customers.csv
customer,210628,1132215,47.86,5.35,7,false,RECOVERED_FROM_FROZEN_ARTIFACT,renault_data_pipeline/data/renault_processed/210628/customers.csv
customer,210628,1156504,45.68,4.93,7,false,RECOVERED_FROM_FROZEN_ARTIFACT,renault_data_pipeline/data/renault_processed/210628/customers.csv
customer,210628,1295500,49.22,2.13,5,false,RECOVERED_FROM_FROZEN_ARTIFACT,renault_data_pipeline/data/renault_processed/210628/customers.csv
customer,210628,1295511,50.51,2.47,7,false,RECOVERED_FROM_FROZEN_ARTIFACT,renault_data_pipeline/data/renault_processed/210628/customers.csv
customer,210628,1295538,43.53,16.49,9,false,RECOVERED_FROM_FROZEN_ARTIFACT,renault_data_pipeline/data/renault_processed/210628/customers.csv
customer,210628,1295541,49.22,2.13,5,false,RECOVERED_FROM_FROZEN_ARTIFACT,renault_data_pipeline/data/renault_processed/210628/customers.csv
customer,210628,1341000,47.66,-2.71,5,false,RECOVERED_FROM_FROZEN_ARTIFACT,renault_data_pipeline/data/renault_processed/210628/customers.csv
customer,210628,1349826,44.89,24.84,11,false,RECOVERED_FROM_FROZEN_ARTIFACT,renault_data_pipeline/data/renault_processed/210628/customers.csv
customer,210628,1349831,33.79,-7.16,1,false,RECOVERED_FROM_FROZEN_ARTIFACT,renault_data_pipeline/data/renault_processed/210628/customers.csv
customer,210628,1470709,44.38,4.97,6,false,RECOVERED_FROM_FROZEN_ARTIFACT,renault_data_pipeline/data/renault_processed/210628/customers.csv
customer,210628,1607201,47.97,3.54,7,false,RECOVERED_FROM_FROZEN_ARTIFACT,renault_data_pipeline/data/renault_processed/210628/customers.csv
customer,210628,1650000,48.52,2.63,5,false,RECOVERED_FROM_FROZEN_ARTIFACT,renault_data_pipeline/data/renault_processed/210628/customers.csv
customer,210628,1665700,45.48,4.52,7,false,RECOVERED_FROM_FROZEN_ARTIFACT,renault_data_pipeline/data/renault_processed/210628/customers.csv
customer,210628,1689201,49.29,6.53,7,false,RECOVERED_FROM_FROZEN_ARTIFACT,renault_data_pipeline/data/renault_processed/210628/customers.csv
customer,210628,1746907,49.19,6.7,7,false,RECOVERED_FROM_FROZEN_ARTIFACT,renault_data_pipeline/data/renault_processed/210628/customers.csv
customer,210628,1834600,46.07,6.4,7,false,RECOVERED_FROM_FROZEN_ARTIFACT,renault_data_pipeline/data/renault_processed/210628/customers.csv
customer,210628,1925700,50.54,2.99,7,false,RECOVERED_FROM_FROZEN_ARTIFACT,renault_data_pipeline/data/renault_processed/210628/customers.csv
customer,210628,1925732,41.89,-5.06,2,true,RECOVERED_FROM_FROZEN_ARTIFACT,renault_data_pipeline/data/renault_processed/210628/customers.csv
customer,210628,1925734,43.53,16.49,9,false,RECOVERED_FROM_FROZEN_ARTIFACT,renault_data_pipeline/data/renault_processed/210628/customers.csv
customer,210628,1925736,41.89,-5.06,2,false,RECOVERED_FROM_FROZEN_ARTIFACT,renault_data_pipeline/data/renault_processed/210628/customers.csv
customer,210628,1960400,45.89,4.82,7,false,RECOVERED_FROM_FROZEN_ARTIFACT,renault_data_pipeline/data/renault_processed/210628/customers.csv
customer,210628,1994201,47.36,0.9,5,false,RECOVERED_FROM_FROZEN_ARTIFACT,renault_data_pipeline/data/renault_processed/210628/customers.csv
customer,210628,2096306,50.99,10.35,8,false,RECOVERED_FROM_FROZEN_ARTIFACT,renault_data_pipeline/data/renault_processed/210628/customers.csv
customer,210628,2096343,46.54,3.35,7,false,RECOVERED_FROM_FROZEN_ARTIFACT,renault_data_pipeline/data/renault_processed/210628/customers.csv
customer,210628,2096368,47.65,19.64,9,false,RECOVERED_FROM_FROZEN_ARTIFACT,renault_data_pipeline/data/renault_processed/210628/customers.csv
customer,210628,2096394,48.93,9.12,8,false,RECOVERED_FROM_FROZEN_ARTIFACT,renault_data_pipeline/data/renault_processed/210628/customers.csv
customer,210628,2115302,50.77,7.94,8,false,RECOVERED_FROM_FROZEN_ARTIFACT,renault_data_pipeline/data/renault_processed/210628/customers.csv
customer,210628,2154104,51.53,7.08,7,false,RECOVERED_FROM_FROZEN_ARTIFACT,renault_data_pipeline/data/renault_processed/210628/customers.csv
customer,210628,2178901,48.07,10.84,8,false,RECOVERED_FROM_FROZEN_ARTIFACT,renault_data_pipeline/data/renault_processed/210628/customers.csv
customer,210628,2192704,50.03,10.21,8,false,RECOVERED_FROM_FROZEN_ARTIFACT,renault_data_pipeline/data/renault_processed/210628/customers.csv
customer,210628,2318606,47.14,18.42,9,false,RECOVERED_FROM_FROZEN_ARTIFACT,renault_data_pipeline/data/renault_processed/210628/customers.csv
customer,210628,2325204,50.35,7.49,7,false,RECOVERED_FROM_FROZEN_ARTIFACT,renault_data_pipeline/data/renault_processed/210628/customers.csv
customer,210628,2395801,49.87,8.79,8,false,RECOVERED_FROM_FROZEN_ARTIFACT,renault_data_pipeline/data/renault_processed/210628/customers.csv
customer,210628,2407003,45.61,9.22,7,false,RECOVERED_FROM_FROZEN_ARTIFACT,renault_data_pipeline/data/renault_processed/210628/customers.csv
customer,210628,2417604,42.73,-1.61,3,false,RECOVERED_FROM_FROZEN_ARTIFACT,renault_data_pipeline/data/renault_processed/210628/customers.csv
customer,210628,2420303,41.78,1.85,6,false,RECOVERED_FROM_FROZEN_ARTIFACT,renault_data_pipeline/data/renault_processed/210628/customers.csv
customer,210628,2425700,40.85,-8.48,2,false,RECOVERED_FROM_FROZEN_ARTIFACT,renault_data_pipeline/data/renault_processed/210628/customers.csv
customer,210628,2487200,41.65,-4.73,2,false,RECOVERED_FROM_FROZEN_ARTIFACT,renault_data_pipeline/data/renault_processed/210628/customers.csv
customer,210628,2488101,43.31,-2.46,2,false,RECOVERED_FROM_FROZEN_ARTIFACT,renault_data_pipeline/data/renault_processed/210628/customers.csv
customer,210628,2488800,42.46,-2.41,2,false,RECOVERED_FROM_FROZEN_ARTIFACT,renault_data_pipeline/data/renault_processed/210628/customers.csv
customer,210628,2488803,35.77,-5.8,1,false,RECOVERED_FROM_FROZEN_ARTIFACT,renault_data_pipeline/data/renault_processed/210628/customers.csv
customer,210628,2488804,42.46,-2.41,2,false,RECOVERED_FROM_FROZEN_ARTIFACT,renault_data_pipeline/data/renault_processed/210628/customers.csv
customer,210628,2496900,43.17,-2.61,2,false,RECOVERED_FROM_FROZEN_ARTIFACT,renault_data_pipeline/data/renault_processed/210628/customers.csv
customer,210628,2504100,41.69,-0.97,6,false,RECOVERED_FROM_FROZEN_ARTIFACT,renault_data_pipeline/data/renault_processed/210628/customers.csv
customer,210628,2515600,41.2,-8.61,2,false,RECOVERED_FROM_FROZEN_ARTIFACT,renault_data_pipeline/data/renault_processed/210628/customers.csv
customer,210628,2519301,42.29,-7.82,2,false,RECOVERED_FROM_FROZEN_ARTIFACT,renault_data_pipeline/data/renault_processed/210628/customers.csv
customer,210628,2519302,41.28,-4.68,2,false,RECOVERED_FROM_FROZEN_ARTIFACT,renault_data_pipeline/data/renault_processed/210628/customers.csv
customer,210628,2519305,40.96,-4.21,3,false,RECOVERED_FROM_FROZEN_ARTIFACT,renault_data_pipeline/data/renault_processed/210628/customers.csv
customer,210628,2552400,57.91,13.86,8,false,RECOVERED_FROM_FROZEN_ARTIFACT,renault_data_pipeline/data/renault_processed/210628/customers.csv
customer,210628,2555100,43.3,-2.67,2,false,RECOVERED_FROM_FROZEN_ARTIFACT,renault_data_pipeline/data/renault_processed/210628/customers.csv
customer,210628,2555101,43.0,-1.66,2,false,RECOVERED_FROM_FROZEN_ARTIFACT,renault_data_pipeline/data/renault_processed/210628/customers.csv
customer,210628,2555108,43.2,-2.71,2,false,RECOVERED_FROM_FROZEN_ARTIFACT,renault_data_pipeline/data/renault_processed/210628/customers.csv
customer,210628,2555900,39.56,-1.93,3,false,RECOVERED_FROM_FROZEN_ARTIFACT,renault_data_pipeline/data/renault_processed/210628/customers.csv
customer,210628,2555901,39.56,-1.93,3,false,RECOVERED_FROM_FROZEN_ARTIFACT,renault_data_pipeline/data/renault_processed/210628/customers.csv
customer,210628,2562800,40.32,-3.46,3,false,RECOVERED_FROM_FROZEN_ARTIFACT,renault_data_pipeline/data/renault_processed/210628/customers.csv
customer,210628,2565001,40.54,-7.24,2,false,RECOVERED_FROM_FROZEN_ARTIFACT,renault_data_pipeline/data/renault_processed/210628/customers.csv
customer,210628,2567601,41.39,1.15,6,false,RECOVERED_FROM_FROZEN_ARTIFACT,renault_data_pipeline/data/renault_processed/210628/customers.csv
customer,210628,2570801,42.21,-8.76,2,false,RECOVERED_FROM_FROZEN_ARTIFACT,renault_data_pipeline/data/renault_processed/210628/customers.csv
customer,210628,2571500,40.49,-3.41,3,true,RECOVERED_FROM_FROZEN_ARTIFACT,renault_data_pipeline/data/renault_processed/210628/customers.csv
customer,210628,2571703,45.37,7.67,7,false,RECOVERED_FROM_FROZEN_ARTIFACT,renault_data_pipeline/data/renault_processed/210628/customers.csv
customer,210628,2573201,40.12,-3.66,3,false,RECOVERED_FROM_FROZEN_ARTIFACT,renault_data_pipeline/data/renault_processed/210628/customers.csv
customer,210628,2573202,41.83,-4.56,2,false,RECOVERED_FROM_FROZEN_ARTIFACT,renault_data_pipeline/data/renault_processed/210628/customers.csv
customer,210628,2573203,41.96,-8.68,2,false,RECOVERED_FROM_FROZEN_ARTIFACT,renault_data_pipeline/data/renault_processed/210628/customers.csv
customer,210628,2573206,41.78,1.86,6,false,RECOVERED_FROM_FROZEN_ARTIFACT,renault_data_pipeline/data/renault_processed/210628/customers.csv
customer,210628,2573209,40.88,-8.44,2,false,RECOVERED_FROM_FROZEN_ARTIFACT,renault_data_pipeline/data/renault_processed/210628/customers.csv
customer,210628,2573210,42.13,-8.63,2,false,RECOVERED_FROM_FROZEN_ARTIFACT,renault_data_pipeline/data/renault_processed/210628/customers.csv
customer,210628,2573211,38.09,-3.66,3,false,RECOVERED_FROM_FROZEN_ARTIFACT,renault_data_pipeline/data/renault_processed/210628/customers.csv
customer,210628,2573214,47.38,18.19,9,false,RECOVERED_FROM_FROZEN_ARTIFACT,renault_data_pipeline/data/renault_processed/210628/customers.csv
customer,210628,2573215,42.82,-1.7,2,false,RECOVERED_FROM_FROZEN_ARTIFACT,renault_data_pipeline/data/renault_processed/210628/customers.csv
customer,210628,2573216,51.45,10.45,8,false,RECOVERED_FROM_FROZEN_ARTIFACT,renault_data_pipeline/data/renault_processed/210628/customers.csv
customer,210628,2573218,42.75,-1.64,3,false,RECOVERED_FROM_FROZEN_ARTIFACT,renault_data_pipeline/data/renault_processed/210628/customers.csv
customer,210628,2573221,48.73,2.73,5,false,RECOVERED_FROM_FROZEN_ARTIFACT,renault_data_pipeline/data/renault_processed/210628/customers.csv
customer,210628,2573222,48.26,0.69,5,false,RECOVERED_FROM_FROZEN_ARTIFACT,renault_data_pipeline/data/renault_processed/210628/customers.csv
customer,210628,2573223,48.29,2.21,5,false,RECOVERED_FROM_FROZEN_ARTIFACT,renault_data_pipeline/data/renault_processed/210628/customers.csv
customer,210628,2573224,49.54,0.36,5,false,RECOVERED_FROM_FROZEN_ARTIFACT,renault_data_pipeline/data/renault_processed/210628/customers.csv
customer,210628,2573225,50.06,3.14,7,false,RECOVERED_FROM_FROZEN_ARTIFACT,renault_data_pipeline/data/renault_processed/210628/customers.csv
customer,210628,2573227,54.92,-1.51,4,false,RECOVERED_FROM_FROZEN_ARTIFACT,renault_data_pipeline/data/renault_processed/210628/customers.csv
customer,210628,2573228,41.74,-1.19,3,false,RECOVERED_FROM_FROZEN_ARTIFACT,renault_data_pipeline/data/renault_processed/210628/customers.csv
customer,210628,2574200,42.36,-3.65,2,false,RECOVERED_FROM_FROZEN_ARTIFACT,renault_data_pipeline/data/renault_processed/210628/customers.csv
customer,210628,2576707,40.27,-3.74,3,false,RECOVERED_FROM_FROZEN_ARTIFACT,renault_data_pipeline/data/renault_processed/210628/customers.csv
customer,210628,2577101,41.78,-2.48,3,false,RECOVERED_FROM_FROZEN_ARTIFACT,renault_data_pipeline/data/renault_processed/210628/customers.csv
customer,210628,2577103,41.56,1.96,6,false,RECOVERED_FROM_FROZEN_ARTIFACT,renault_data_pipeline/data/renault_processed/210628/customers.csv
customer,210628,2578801,39.37,-0.43,3,false,RECOVERED_FROM_FROZEN_ARTIFACT,renault_data_pipeline/data/renault_processed/210628/customers.csv
customer,210628,2578901,42.0,-4.52,2,false,RECOVERED_FROM_FROZEN_ARTIFACT,renault_data_pipeline/data/renault_processed/210628/customers.csv
customer,210628,2579000,41.54,2.04,6,false,RECOVERED_FROM_FROZEN_ARTIFACT,renault_data_pipeline/data/renault_processed/210628/customers.csv
customer,210628,2579300,41.53,2.1,6,false,RECOVERED_FROM_FROZEN_ARTIFACT,renault_data_pipeline/data/renault_processed/210628/customers.csv
customer,210628,2580901,41.24,1.72,6,false,RECOVERED_FROM_FROZEN_ARTIFACT,renault_data_pipeline/data/renault_processed/210628/customers.csv
customer,210628,2585202,41.89,-1.71,3,false,RECOVERED_FROM_FROZEN_ARTIFACT,renault_data_pipeline/data/renault_processed/210628/customers.csv
customer,210628,2586306,41.47,2.03,6,false,RECOVERED_FROM_FROZEN_ARTIFACT,renault_data_pipeline/data/renault_processed/210628/customers.csv
customer,210628,2586307,42.39,-7.14,2,false,RECOVERED_FROM_FROZEN_ARTIFACT,renault_data_pipeline/data/renault_processed/210628/customers.csv
customer,210628,2588400,43.18,-2.52,2,false,RECOVERED_FROM_FROZEN_ARTIFACT,renault_data_pipeline/data/renault_processed/210628/customers.csv
customer,210628,2588603,41.56,1.96,6,false,RECOVERED_FROM_FROZEN_ARTIFACT,renault_data_pipeline/data/renault_processed/210628/customers.csv
customer,210628,2590706,40.33,-3.74,3,false,RECOVERED_FROM_FROZEN_ARTIFACT,renault_data_pipeline/data/renault_processed/210628/customers.csv
customer,210628,2594900,43.14,-2.49,2,false,RECOVERED_FROM_FROZEN_ARTIFACT,renault_data_pipeline/data/renault_processed/210628/customers.csv
customer,210628,2594901,43.14,-2.49,2,false,RECOVERED_FROM_FROZEN_ARTIFACT,renault_data_pipeline/data/renault_processed/210628/customers.csv
customer,210628,2611300,41.49,1.92,6,false,RECOVERED_FROM_FROZEN_ARTIFACT,renault_data_pipeline/data/renault_processed/210628/customers.csv
customer,210628,2617600,40.89,-8.48,2,false,RECOVERED_FROM_FROZEN_ARTIFACT,renault_data_pipeline/data/renault_processed/210628/customers.csv
customer,210628,2618500,40.88,-8.49,2,false,RECOVERED_FROM_FROZEN_ARTIFACT,renault_data_pipeline/data/renault_processed/210628/customers.csv
customer,210628,2621400,40.55,-3.27,3,false,RECOVERED_FROM_FROZEN_ARTIFACT,renault_data_pipeline/data/renault_processed/210628/customers.csv
customer,210628,2671602,45.2,7.89,7,false,RECOVERED_FROM_FROZEN_ARTIFACT,renault_data_pipeline/data/renault_processed/210628/customers.csv
customer,210628,2671802,45.2,7.89,7,false,RECOVERED_FROM_FROZEN_ARTIFACT,renault_data_pipeline/data/renault_processed/210628/customers.csv
customer,210628,2695000,44.93,7.84,7,false,RECOVERED_FROM_FROZEN_ARTIFACT,renault_data_pipeline/data/renault_processed/210628/customers.csv
customer,210628,2705001,41.31,1.63,6,false,RECOVERED_FROM_FROZEN_ARTIFACT,renault_data_pipeline/data/renault_processed/210628/customers.csv
customer,210628,2705012,41.62,2.25,6,false,RECOVERED_FROM_FROZEN_ARTIFACT,renault_data_pipeline/data/renault_processed/210628/customers.csv
customer,210628,2706302,40.63,-4.02,3,false,RECOVERED_FROM_FROZEN_ARTIFACT,renault_data_pipeline/data/renault_processed/210628/customers.csv
customer,210628,2727900,41.32,1.65,6,false,RECOVERED_FROM_FROZEN_ARTIFACT,renault_data_pipeline/data/renault_processed/210628/customers.csv
customer,210628,2744201,40.77,0.55,6,false,RECOVERED_FROM_FROZEN_ARTIFACT,renault_data_pipeline/data/renault_processed/210628/customers.csv
customer,210628,2744302,39.48,-8.18,2,false,RECOVERED_FROM_FROZEN_ARTIFACT,renault_data_pipeline/data/renault_processed/210628/customers.csv
customer,210628,2755800,42.56,12.6,9,false,RECOVERED_FROM_FROZEN_ARTIFACT,renault_data_pipeline/data/renault_processed/210628/customers.csv
customer,210628,2773200,51.09,7.04,7,false,RECOVERED_FROM_FROZEN_ARTIFACT,renault_data_pipeline/data/renault_processed/210628/customers.csv
customer,210628,2777900,43.53,16.49,9,false,RECOVERED_FROM_FROZEN_ARTIFACT,renault_data_pipeline/data/renault_processed/210628/customers.csv
customer,210628,2777901,45.81,15.88,9,false,RECOVERED_FROM_FROZEN_ARTIFACT,renault_data_pipeline/data/renault_processed/210628/customers.csv
customer,210628,2777907,46.18,15.85,9,false,RECOVERED_FROM_FROZEN_ARTIFACT,renault_data_pipeline/data/renault_processed/210628/customers.csv
customer,210628,2782800,41.55,1.68,6,false,RECOVERED_FROM_FROZEN_ARTIFACT,renault_data_pipeline/data/renault_processed/210628/customers.csv
customer,210628,2784400,47.31,7.87,7,false,RECOVERED_FROM_FROZEN_ARTIFACT,renault_data_pipeline/data/renault_processed/210628/customers.csv
customer,210628,2801802,43.07,-2.51,2,false,RECOVERED_FROM_FROZEN_ARTIFACT,renault_data_pipeline/data/renault_processed/210628/customers.csv
customer,210628,2801804,43.06,-2.49,2,false,RECOVERED_FROM_FROZEN_ARTIFACT,renault_data_pipeline/data/renault_processed/210628/customers.csv
customer,210628,2809400,50.43,15.38,10,false,RECOVERED_FROM_FROZEN_ARTIFACT,renault_data_pipeline/data/renault_processed/210628/customers.csv
customer,210628,2809407,50.62,16.08,10,false,RECOVERED_FROM_FROZEN_ARTIFACT,renault_data_pipeline/data/renault_processed/210628/customers.csv
customer,210628,2809600,41.54,2.16,6,false,RECOVERED_FROM_FROZEN_ARTIFACT,renault_data_pipeline/data/renault_processed/210628/customers.csv
customer,210628,2812100,46.38,15.39,9,false,RECOVERED_FROM_FROZEN_ARTIFACT,renault_data_pipeline/data/renault_processed/210628/customers.csv
customer,210628,2814600,41.57,1.67,6,true,RECOVERED_FROM_FROZEN_ARTIFACT,renault_data_pipeline/data/renault_processed/210628/customers.csv
customer,210628,2814605,41.58,1.65,6,false,RECOVERED_FROM_FROZEN_ARTIFACT,renault_data_pipeline/data/renault_processed/210628/customers.csv
customer,210628,2814606,41.96,-4.49,2,false,RECOVERED_FROM_FROZEN_ARTIFACT,renault_data_pipeline/data/renault_processed/210628/customers.csv
customer,210628,2819800,47.93,10.86,8,false,RECOVERED_FROM_FROZEN_ARTIFACT,renault_data_pipeline/data/renault_processed/210628/customers.csv
customer,210628,2820700,50.69,15.15,8,false,RECOVERED_FROM_FROZEN_ARTIFACT,renault_data_pipeline/data/renault_processed/210628/customers.csv
customer,210628,2823500,51.2,7.82,8,false,RECOVERED_FROM_FROZEN_ARTIFACT,renault_data_pipeline/data/renault_processed/210628/customers.csv
customer,210628,2870900,54.77,-1.37,4,false,RECOVERED_FROM_FROZEN_ARTIFACT,renault_data_pipeline/data/renault_processed/210628/customers.csv
customer,210628,2878000,41.64,-0.98,6,false,RECOVERED_FROM_FROZEN_ARTIFACT,renault_data_pipeline/data/renault_processed/210628/customers.csv
customer,210628,2884100,43.16,-2.78,2,false,RECOVERED_FROM_FROZEN_ARTIFACT,renault_data_pipeline/data/renault_processed/210628/customers.csv
customer,210628,2884103,42.83,-1.6,3,false,RECOVERED_FROM_FROZEN_ARTIFACT,renault_data_pipeline/data/renault_processed/210628/customers.csv
customer,210628,2884108,43.21,-3.13,2,false,RECOVERED_FROM_FROZEN_ARTIFACT,renault_data_pipeline/data/renault_processed/210628/customers.csv
customer,210628,2888800,41.58,2.25,6,false,RECOVERED_FROM_FROZEN_ARTIFACT,renault_data_pipeline/data/renault_processed/210628/customers.csv
customer,210628,2888802,41.6,-1.27,3,false,RECOVERED_FROM_FROZEN_ARTIFACT,renault_data_pipeline/data/renault_processed/210628/customers.csv
customer,210628,2901101,41.08,-4.73,2,false,RECOVERED_FROM_FROZEN_ARTIFACT,renault_data_pipeline/data/renault_processed/210628/customers.csv
customer,210628,2901122,45.83,8.74,7,false,RECOVERED_FROM_FROZEN_ARTIFACT,renault_data_pipeline/data/renault_processed/210628/customers.csv
customer,210628,2909102,41.32,2.14,6,false,RECOVERED_FROM_FROZEN_ARTIFACT,renault_data_pipeline/data/renault_processed/210628/customers.csv
customer,210628,2926700,44.72,10.56,8,false,RECOVERED_FROM_FROZEN_ARTIFACT,renault_data_pipeline/data/renault_processed/210628/customers.csv
customer,210628,2928900,42.2,-8.76,2,false,RECOVERED_FROM_FROZEN_ARTIFACT,renault_data_pipeline/data/renault_processed/210628/customers.csv
customer,210628,2956702,42.86,-2.66,2,false,RECOVERED_FROM_FROZEN_ARTIFACT,renault_data_pipeline/data/renault_processed/210628/customers.csv
customer,210628,2971803,49.98,19.83,10,false,RECOVERED_FROM_FROZEN_ARTIFACT,renault_data_pipeline/data/renault_processed/210628/customers.csv
customer,210628,2983607,43.25,-4.06,2,false,RECOVERED_FROM_FROZEN_ARTIFACT,renault_data_pipeline/data/renault_processed/210628/customers.csv
customer,210628,2984001,50.21,11.3,8,false,RECOVERED_FROM_FROZEN_ARTIFACT,renault_data_pipeline/data/renault_processed/210628/customers.csv
customer,210628,3014901,50.7,3.21,7,false,RECOVERED_FROM_FROZEN_ARTIFACT,renault_data_pipeline/data/renault_processed/210628/customers.csv
customer,210628,3043100,48.15,7.55,7,false,RECOVERED_FROM_FROZEN_ARTIFACT,renault_data_pipeline/data/renault_processed/210628/customers.csv
customer,210628,3043102,49.6,5.08,7,false,RECOVERED_FROM_FROZEN_ARTIFACT,renault_data_pipeline/data/renault_processed/210628/customers.csv
customer,210628,3043109,50.1,11.38,8,true,RECOVERED_FROM_FROZEN_ARTIFACT,renault_data_pipeline/data/renault_processed/210628/customers.csv
customer,210628,3161400,47.29,5.02,7,false,RECOVERED_FROM_FROZEN_ARTIFACT,renault_data_pipeline/data/renault_processed/210628/customers.csv
customer,210628,3238100,48.96,2.96,7,false,RECOVERED_FROM_FROZEN_ARTIFACT,renault_data_pipeline/data/renault_processed/210628/customers.csv
customer,210628,3300400,46.36,2.6,5,false,RECOVERED_FROM_FROZEN_ARTIFACT,renault_data_pipeline/data/renault_processed/210628/customers.csv
customer,210628,3304500,49.02,2.17,5,false,RECOVERED_FROM_FROZEN_ARTIFACT,renault_data_pipeline/data/renault_processed/210628/customers.csv
customer,210628,3304502,49.22,2.13,5,false,RECOVERED_FROM_FROZEN_ARTIFACT,renault_data_pipeline/data/renault_processed/210628/customers.csv
customer,210628,3326801,46.08,6.5,7,false,RECOVERED_FROM_FROZEN_ARTIFACT,renault_data_pipeline/data/renault_processed/210628/customers.csv
customer,210628,3385400,46.06,6.57,7,false,RECOVERED_FROM_FROZEN_ARTIFACT,renault_data_pipeline/data/renault_processed/210628/customers.csv
customer,210628,3699203,49.87,2.53,7,false,RECOVERED_FROM_FROZEN_ARTIFACT,renault_data_pipeline/data/renault_processed/210628/customers.csv
customer,210628,3699209,40.1,-3.63,3,false,RECOVERED_FROM_FROZEN_ARTIFACT,renault_data_pipeline/data/renault_processed/210628/customers.csv
customer,210628,3699213,50.49,3.0,7,false,RECOVERED_FROM_FROZEN_ARTIFACT,renault_data_pipeline/data/renault_processed/210628/customers.csv
customer,210628,3699223,47.77,-0.27,5,false,RECOVERED_FROM_FROZEN_ARTIFACT,renault_data_pipeline/data/renault_processed/210628/customers.csv
customer,210628,3699225,48.85,-0.88,5,false,RECOVERED_FROM_FROZEN_ARTIFACT,renault_data_pipeline/data/renault_processed/210628/customers.csv
customer,210628,3709900,45.74,4.23,7,false,RECOVERED_FROM_FROZEN_ARTIFACT,renault_data_pipeline/data/renault_processed/210628/customers.csv
customer,210628,3782011,49.95,3.47,7,false,RECOVERED_FROM_FROZEN_ARTIFACT,renault_data_pipeline/data/renault_processed/210628/customers.csv
customer,210628,3789000,46.07,6.52,7,false,RECOVERED_FROM_FROZEN_ARTIFACT,renault_data_pipeline/data/renault_processed/210628/customers.csv
customer,210628,3992907,47.9,1.87,5,false,RECOVERED_FROM_FROZEN_ARTIFACT,renault_data_pipeline/data/renault_processed/210628/customers.csv
customer,210628,5083600,49.99,1.88,5,false,RECOVERED_FROM_FROZEN_ARTIFACT,renault_data_pipeline/data/renault_processed/210628/customers.csv
customer,210628,5134300,47.65,-2.09,5,false,RECOVERED_FROM_FROZEN_ARTIFACT,renault_data_pipeline/data/renault_processed/210628/customers.csv
customer,210628,5134305,47.21,-0.06,5,false,RECOVERED_FROM_FROZEN_ARTIFACT,renault_data_pipeline/data/renault_processed/210628/customers.csv
customer,210628,5248801,52.46,8.38,8,false,RECOVERED_FROM_FROZEN_ARTIFACT,renault_data_pipeline/data/renault_processed/210628/customers.csv
customer,210628,5315103,48.31,-0.06,5,false,RECOVERED_FROM_FROZEN_ARTIFACT,renault_data_pipeline/data/renault_processed/210628/customers.csv
customer,210628,5315124,47.33,0.7,5,false,RECOVERED_FROM_FROZEN_ARTIFACT,renault_data_pipeline/data/renault_processed/210628/customers.csv
customer,210628,5345308,54.76,-1.36,4,false,RECOVERED_FROM_FROZEN_ARTIFACT,renault_data_pipeline/data/renault_processed/210628/customers.csv
customer,210628,5345312,51.59,5.03,7,false,RECOVERED_FROM_FROZEN_ARTIFACT,renault_data_pipeline/data/renault_processed/210628/customers.csv
customer,210628,5594513,49.77,1.98,5,false,RECOVERED_FROM_FROZEN_ARTIFACT,renault_data_pipeline/data/renault_processed/210628/customers.csv
customer,210628,5898201,47.21,5.9,7,false,RECOVERED_FROM_FROZEN_ARTIFACT,renault_data_pipeline/data/renault_processed/210628/customers.csv
customer,210628,5915200,45.82,4.99,7,false,RECOVERED_FROM_FROZEN_ARTIFACT,renault_data_pipeline/data/renault_processed/210628/customers.csv
customer,210628,5965102,46.19,5.81,7,false,RECOVERED_FROM_FROZEN_ARTIFACT,renault_data_pipeline/data/renault_processed/210628/customers.csv
customer,210628,5965103,44.03,4.98,6,false,RECOVERED_FROM_FROZEN_ARTIFACT,renault_data_pipeline/data/renault_processed/210628/customers.csv
customer,210628,5965113,49.49,1.73,5,false,RECOVERED_FROM_FROZEN_ARTIFACT,renault_data_pipeline/data/renault_processed/210628/customers.csv
customer,210628,5965114,45.33,5.05,7,false,RECOVERED_FROM_FROZEN_ARTIFACT,renault_data_pipeline/data/renault_processed/210628/customers.csv
customer,210628,5965115,49.77,2.92,7,false,RECOVERED_FROM_FROZEN_ARTIFACT,renault_data_pipeline/data/renault_processed/210628/customers.csv
customer,210628,5965120,44.03,4.98,6,false,RECOVERED_FROM_FROZEN_ARTIFACT,renault_data_pipeline/data/renault_processed/210628/customers.csv
customer,210628,6002303,49.57,3.02,7,false,RECOVERED_FROM_FROZEN_ARTIFACT,renault_data_pipeline/data/renault_processed/210628/customers.csv
customer,210628,6193200,49.41,2.8,7,false,RECOVERED_FROM_FROZEN_ARTIFACT,renault_data_pipeline/data/renault_processed/210628/customers.csv
customer,210628,6193205,47.76,7.3,7,false,RECOVERED_FROM_FROZEN_ARTIFACT,renault_data_pipeline/data/renault_processed/210628/customers.csv
customer,210628,6234902,50.4,1.96,5,false,RECOVERED_FROM_FROZEN_ARTIFACT,renault_data_pipeline/data/renault_processed/210628/customers.csv
customer,210628,6353501,49.65,3.29,7,false,RECOVERED_FROM_FROZEN_ARTIFACT,renault_data_pipeline/data/renault_processed/210628/customers.csv
customer,210628,6487400,43.56,1.39,6,false,RECOVERED_FROM_FROZEN_ARTIFACT,renault_data_pipeline/data/renault_processed/210628/customers.csv
customer,210628,6665215,47.85,2.74,5,false,RECOVERED_FROM_FROZEN_ARTIFACT,renault_data_pipeline/data/renault_processed/210628/customers.csv
customer,210628,6681302,48.82,6.72,7,false,RECOVERED_FROM_FROZEN_ARTIFACT,renault_data_pipeline/data/renault_processed/210628/customers.csv
customer,210628,6701102,49.27,4.01,7,false,RECOVERED_FROM_FROZEN_ARTIFACT,renault_data_pipeline/data/renault_processed/210628/customers.csv
customer,210628,6701103,48.08,-0.75,5,false,RECOVERED_FROM_FROZEN_ARTIFACT,renault_data_pipeline/data/renault_processed/210628/customers.csv
customer,210628,7204704,50.4,2.98,7,false,RECOVERED_FROM_FROZEN_ARTIFACT,renault_data_pipeline/data/renault_processed/210628/customers.csv
customer,210628,7235904,48.82,4.98,7,true,RECOVERED_FROM_FROZEN_ARTIFACT,renault_data_pipeline/data/renault_processed/210628/customers.csv
customer,210628,7235905,48.4,5.16,7,false,RECOVERED_FROM_FROZEN_ARTIFACT,renault_data_pipeline/data/renault_processed/210628/customers.csv
customer,210628,7235980,50.36,3.1,7,false,RECOVERED_FROM_FROZEN_ARTIFACT,renault_data_pipeline/data/renault_processed/210628/customers.csv
customer,210628,7421817,43.49,2.43,6,false,RECOVERED_FROM_FROZEN_ARTIFACT,renault_data_pipeline/data/renault_processed/210628/customers.csv
customer,210628,7562700,48.98,2.64,5,false,RECOVERED_FROM_FROZEN_ARTIFACT,renault_data_pipeline/data/renault_processed/210628/customers.csv
customer,210628,7562710,48.97,2.91,7,false,RECOVERED_FROM_FROZEN_ARTIFACT,renault_data_pipeline/data/renault_processed/210628/customers.csv
customer,210628,7684113,48.15,8.64,7,false,RECOVERED_FROM_FROZEN_ARTIFACT,renault_data_pipeline/data/renault_processed/210628/customers.csv
customer,210628,7768904,48.82,6.72,7,false,RECOVERED_FROM_FROZEN_ARTIFACT,renault_data_pipeline/data/renault_processed/210628/customers.csv
customer,210628,7823700,46.19,6.26,7,false,RECOVERED_FROM_FROZEN_ARTIFACT,renault_data_pipeline/data/renault_processed/210628/customers.csv
customer,210628,7908401,46.54,5.39,7,false,RECOVERED_FROM_FROZEN_ARTIFACT,renault_data_pipeline/data/renault_processed/210628/customers.csv
customer,210628,7908402,45.31,3.37,5,false,RECOVERED_FROM_FROZEN_ARTIFACT,renault_data_pipeline/data/renault_processed/210628/customers.csv
customer,210628,7908404,47.23,5.97,7,false,RECOVERED_FROM_FROZEN_ARTIFACT,renault_data_pipeline/data/renault_processed/210628/customers.csv
customer,210628,7908406,47.52,6.86,7,false,RECOVERED_FROM_FROZEN_ARTIFACT,renault_data_pipeline/data/renault_processed/210628/customers.csv
customer,210628,7908407,48.78,0.29,5,false,RECOVERED_FROM_FROZEN_ARTIFACT,renault_data_pipeline/data/renault_processed/210628/customers.csv
customer,210628,7908409,49.14,0.45,5,false,RECOVERED_FROM_FROZEN_ARTIFACT,renault_data_pipeline/data/renault_processed/210628/customers.csv
customer,210628,7908416,50.37,3.09,7,false,RECOVERED_FROM_FROZEN_ARTIFACT,renault_data_pipeline/data/renault_processed/210628/customers.csv
customer,210628,7908418,49.02,0.42,5,false,RECOVERED_FROM_FROZEN_ARTIFACT,renault_data_pipeline/data/renault_processed/210628/customers.csv
customer,210628,7908419,50.36,3.1,7,false,RECOVERED_FROM_FROZEN_ARTIFACT,renault_data_pipeline/data/renault_processed/210628/customers.csv
customer,210628,7908420,46.99,2.24,5,false,RECOVERED_FROM_FROZEN_ARTIFACT,renault_data_pipeline/data/renault_processed/210628/customers.csv
customer,210628,7908421,48.72,0.43,5,false,RECOVERED_FROM_FROZEN_ARTIFACT,renault_data_pipeline/data/renault_processed/210628/customers.csv
customer,210628,7908422,49.52,0.92,5,false,RECOVERED_FROM_FROZEN_ARTIFACT,renault_data_pipeline/data/renault_processed/210628/customers.csv
customer,210628,7960504,50.25,3.9,7,false,RECOVERED_FROM_FROZEN_ARTIFACT,renault_data_pipeline/data/renault_processed/210628/customers.csv
customer,210628,8010011,45.27,4.8,7,false,RECOVERED_FROM_FROZEN_ARTIFACT,renault_data_pipeline/data/renault_processed/210628/customers.csv
customer,210628,8225005,48.72,4.61,7,false,RECOVERED_FROM_FROZEN_ARTIFACT,renault_data_pipeline/data/renault_processed/210628/customers.csv
customer,210628,9500103,45.59,5.89,7,false,RECOVERED_FROM_FROZEN_ARTIFACT,renault_data_pipeline/data/renault_processed/210628/customers.csv
customer,210628,9500111,45.79,24.08,11,false,RECOVERED_FROM_FROZEN_ARTIFACT,renault_data_pipeline/data/renault_processed/210628/customers.csv
customer,210628,9500407,47.78,-3.33,5,false,RECOVERED_FROM_FROZEN_ARTIFACT,renault_data_pipeline/data/renault_processed/210628/customers.csv
customer,210628,9516300,40.67,-8.61,2,false,RECOVERED_FROM_FROZEN_ARTIFACT,renault_data_pipeline/data/renault_processed/210628/customers.csv
customer,210628,9639103,45.79,24.08,11,false,RECOVERED_FROM_FROZEN_ARTIFACT,renault_data_pipeline/data/renault_processed/210628/customers.csv
customer,210628,11034000,45.14,7.55,7,false,RECOVERED_FROM_FROZEN_ARTIFACT,renault_data_pipeline/data/renault_processed/210628/customers.csv
customer,210628,11061000,50.5,12.55,8,false,RECOVERED_FROM_FROZEN_ARTIFACT,renault_data_pipeline/data/renault_processed/210628/customers.csv
customer,210628,11106007,44.87,24.86,11,false,RECOVERED_FROM_FROZEN_ARTIFACT,renault_data_pipeline/data/renault_processed/210628/customers.csv
customer,210628,11106019,44.87,24.86,11,false,RECOVERED_FROM_FROZEN_ARTIFACT,renault_data_pipeline/data/renault_processed/210628/customers.csv
customer,210628,11106022,44.87,24.86,11,false,RECOVERED_FROM_FROZEN_ARTIFACT,renault_data_pipeline/data/renault_processed/210628/customers.csv
customer,210628,11152708,50.28,3.91,7,false,RECOVERED_FROM_FROZEN_ARTIFACT,renault_data_pipeline/data/renault_processed/210628/customers.csv
customer,210628,11152711,41.94,-4.49,2,false,RECOVERED_FROM_FROZEN_ARTIFACT,renault_data_pipeline/data/renault_processed/210628/customers.csv
customer,210628,11152719,41.6,-4.7,2,false,RECOVERED_FROM_FROZEN_ARTIFACT,renault_data_pipeline/data/renault_processed/210628/customers.csv
customer,210628,11262808,54.91,-1.49,4,false,RECOVERED_FROM_FROZEN_ARTIFACT,renault_data_pipeline/data/renault_processed/210628/customers.csv
customer,210628,11419800,41.22,1.74,6,false,RECOVERED_FROM_FROZEN_ARTIFACT,renault_data_pipeline/data/renault_processed/210628/customers.csv
customer,210628,11425601,50.32,18.61,10,false,RECOVERED_FROM_FROZEN_ARTIFACT,renault_data_pipeline/data/renault_processed/210628/customers.csv
customer,210628,11456202,51.27,6.82,7,false,RECOVERED_FROM_FROZEN_ARTIFACT,renault_data_pipeline/data/renault_processed/210628/customers.csv
customer,210628,11498900,43.1,-2.38,2,false,RECOVERED_FROM_FROZEN_ARTIFACT,renault_data_pipeline/data/renault_processed/210628/customers.csv
customer,210628,11509700,49.68,19.17,10,false,RECOVERED_FROM_FROZEN_ARTIFACT,renault_data_pipeline/data/renault_processed/210628/customers.csv
customer,210628,11509701,49.68,19.17,10,false,RECOVERED_FROM_FROZEN_ARTIFACT,renault_data_pipeline/data/renault_processed/210628/customers.csv
customer,210628,11509703,51.72,19.51,10,false,RECOVERED_FROM_FROZEN_ARTIFACT,renault_data_pipeline/data/renault_processed/210628/customers.csv
customer,210628,11509705,49.83,18.97,10,true,RECOVERED_FROM_FROZEN_ARTIFACT,renault_data_pipeline/data/renault_processed/210628/customers.csv
customer,210628,11511902,50.8,19.18,10,false,RECOVERED_FROM_FROZEN_ARTIFACT,renault_data_pipeline/data/renault_processed/210628/customers.csv
customer,210628,11512300,40.61,-7.3,2,false,RECOVERED_FROM_FROZEN_ARTIFACT,renault_data_pipeline/data/renault_processed/210628/customers.csv
customer,210628,11523703,46.56,23.85,11,false,RECOVERED_FROM_FROZEN_ARTIFACT,renault_data_pipeline/data/renault_processed/210628/customers.csv
customer,210628,11547600,45.62,9.34,7,false,RECOVERED_FROM_FROZEN_ARTIFACT,renault_data_pipeline/data/renault_processed/210628/customers.csv
customer,210628,11597100,44.85,24.87,11,false,RECOVERED_FROM_FROZEN_ARTIFACT,renault_data_pipeline/data/renault_processed/210628/customers.csv
customer,210628,11597102,44.85,24.87,11,false,RECOVERED_FROM_FROZEN_ARTIFACT,renault_data_pipeline/data/renault_processed/210628/customers.csv
customer,210628,11618300,41.89,-1.71,3,false,RECOVERED_FROM_FROZEN_ARTIFACT,renault_data_pipeline/data/renault_processed/210628/customers.csv
customer,210628,11635500,44.8,25.08,11,false,RECOVERED_FROM_FROZEN_ARTIFACT,renault_data_pipeline/data/renault_processed/210628/customers.csv
customer,210628,11677000,44.86,24.86,11,false,RECOVERED_FROM_FROZEN_ARTIFACT,renault_data_pipeline/data/renault_processed/210628/customers.csv
customer,210628,11677001,44.78,25.05,11,false,RECOVERED_FROM_FROZEN_ARTIFACT,renault_data_pipeline/data/renault_processed/210628/customers.csv
customer,210628,11711300,43.14,-2.6,2,false,RECOVERED_FROM_FROZEN_ARTIFACT,renault_data_pipeline/data/renault_processed/210628/customers.csv
customer,210628,11723200,54.91,-1.51,4,false,RECOVERED_FROM_FROZEN_ARTIFACT,renault_data_pipeline/data/renault_processed/210628/customers.csv
customer,210628,11740101,41.54,-4.66,2,false,RECOVERED_FROM_FROZEN_ARTIFACT,renault_data_pipeline/data/renault_processed/210628/customers.csv
customer,210628,11780500,50.81,16.32,10,false,RECOVERED_FROM_FROZEN_ARTIFACT,renault_data_pipeline/data/renault_processed/210628/customers.csv
customer,210628,11780502,50.8,16.29,10,false,RECOVERED_FROM_FROZEN_ARTIFACT,renault_data_pipeline/data/renault_processed/210628/customers.csv
customer,210628,11780700,44.95,24.93,11,false,RECOVERED_FROM_FROZEN_ARTIFACT,renault_data_pipeline/data/renault_processed/210628/customers.csv
customer,210628,11869201,50.69,15.15,8,false,RECOVERED_FROM_FROZEN_ARTIFACT,renault_data_pipeline/data/renault_processed/210628/customers.csv
customer,210628,11869800,54.94,-1.46,4,false,RECOVERED_FROM_FROZEN_ARTIFACT,renault_data_pipeline/data/renault_processed/210628/customers.csv
customer,210628,11880500,39.26,-7.43,2,false,RECOVERED_FROM_FROZEN_ARTIFACT,renault_data_pipeline/data/renault_processed/210628/customers.csv
customer,210628,11895401,49.83,7.68,7,false,RECOVERED_FROM_FROZEN_ARTIFACT,renault_data_pipeline/data/renault_processed/210628/customers.csv
customer,210628,11895402,52.98,11.16,8,false,RECOVERED_FROM_FROZEN_ARTIFACT,renault_data_pipeline/data/renault_processed/210628/customers.csv
customer,210628,11989400,49.53,15.35,9,false,RECOVERED_FROM_FROZEN_ARTIFACT,renault_data_pipeline/data/renault_processed/210628/customers.csv
customer,210628,12008400,42.11,-8.62,2,false,RECOVERED_FROM_FROZEN_ARTIFACT,renault_data_pipeline/data/renault_processed/210628/customers.csv
customer,210628,12036000,41.34,1.69,6,false,RECOVERED_FROM_FROZEN_ARTIFACT,renault_data_pipeline/data/renault_processed/210628/customers.csv
customer,210628,12036001,41.62,-4.71,2,false,RECOVERED_FROM_FROZEN_ARTIFACT,renault_data_pipeline/data/renault_processed/210628/customers.csv
customer,210628,12036002,41.62,-4.71,2,false,RECOVERED_FROM_FROZEN_ARTIFACT,renault_data_pipeline/data/renault_processed/210628/customers.csv
customer,210628,12080401,44.84,24.99,11,false,RECOVERED_FROM_FROZEN_ARTIFACT,renault_data_pipeline/data/renault_processed/210628/customers.csv
customer,210628,21185900,49.91,4.13,7,false,RECOVERED_FROM_FROZEN_ARTIFACT,renault_data_pipeline/data/renault_processed/210628/customers.csv
customer,210628,21207305,45.79,24.09,11,false,RECOVERED_FROM_FROZEN_ARTIFACT,renault_data_pipeline/data/renault_processed/210628/customers.csv
customer,210628,21207400,49.9,1.09,5,false,RECOVERED_FROM_FROZEN_ARTIFACT,renault_data_pipeline/data/renault_processed/210628/customers.csv
customer,210628,21323400,46.27,5.66,7,false,RECOVERED_FROM_FROZEN_ARTIFACT,renault_data_pipeline/data/renault_processed/210628/customers.csv
customer,210628,21448500,50.36,3.53,7,false,RECOVERED_FROM_FROZEN_ARTIFACT,renault_data_pipeline/data/renault_processed/210628/customers.csv
customer,210628,21506700,48.05,-0.8,5,false,RECOVERED_FROM_FROZEN_ARTIFACT,renault_data_pipeline/data/renault_processed/210628/customers.csv
customer,210628,21652600,48.7,2.89,7,false,RECOVERED_FROM_FROZEN_ARTIFACT,renault_data_pipeline/data/renault_processed/210628/customers.csv
customer,210628,21660800,47.92,6.66,7,false,RECOVERED_FROM_FROZEN_ARTIFACT,renault_data_pipeline/data/renault_processed/210628/customers.csv
customer,210628,21792905,40.88,-8.63,2,false,RECOVERED_FROM_FROZEN_ARTIFACT,renault_data_pipeline/data/renault_processed/210628/customers.csv
customer,210628,21798201,50.44,2.75,7,false,RECOVERED_FROM_FROZEN_ARTIFACT,renault_data_pipeline/data/renault_processed/210628/customers.csv
customer,210628,21798202,48.1,-0.73,5,false,RECOVERED_FROM_FROZEN_ARTIFACT,renault_data_pipeline/data/renault_processed/210628/customers.csv
customer,210628,21865308,50.36,3.03,7,false,RECOVERED_FROM_FROZEN_ARTIFACT,renault_data_pipeline/data/renault_processed/210628/customers.csv
customer,210628,21865310,40.88,-8.63,2,false,RECOVERED_FROM_FROZEN_ARTIFACT,renault_data_pipeline/data/renault_processed/210628/customers.csv
customer,210628,21865312,50.38,3.03,7,false,RECOVERED_FROM_FROZEN_ARTIFACT,renault_data_pipeline/data/renault_processed/210628/customers.csv
customer,210628,21865316,44.54,25.22,11,false,RECOVERED_FROM_FROZEN_ARTIFACT,renault_data_pipeline/data/renault_processed/210628/customers.csv
customer,210628,21865320,41.96,-4.45,2,false,RECOVERED_FROM_FROZEN_ARTIFACT,renault_data_pipeline/data/renault_processed/210628/customers.csv
customer,210628,21958001,48.72,-0.52,5,false,RECOVERED_FROM_FROZEN_ARTIFACT,renault_data_pipeline/data/renault_processed/210628/customers.csv
customer,210628,22040200,49.27,1.79,5,false,RECOVERED_FROM_FROZEN_ARTIFACT,renault_data_pipeline/data/renault_processed/210628/customers.csv
customer,210628,22060301,49.21,6.21,7,false,RECOVERED_FROM_FROZEN_ARTIFACT,renault_data_pipeline/data/renault_processed/210628/customers.csv
customer,210628,22086204,45.47,4.44,7,false,RECOVERED_FROM_FROZEN_ARTIFACT,renault_data_pipeline/data/renault_processed/210628/customers.csv
customer,210628,22091301,50.31,2.95,7,false,RECOVERED_FROM_FROZEN_ARTIFACT,renault_data_pipeline/data/renault_processed/210628/customers.csv
customer,210628,22091700,46.38,5.83,7,false,RECOVERED_FROM_FROZEN_ARTIFACT,renault_data_pipeline/data/renault_processed/210628/customers.csv
customer,210628,22102700,48.11,2.36,5,false,RECOVERED_FROM_FROZEN_ARTIFACT,renault_data_pipeline/data/renault_processed/210628/customers.csv
customer,210628,23234501,48.76,-0.58,5,false,RECOVERED_FROM_FROZEN_ARTIFACT,renault_data_pipeline/data/renault_processed/210628/customers.csv
customer,210628,23235902,44.66,25.56,11,false,RECOVERED_FROM_FROZEN_ARTIFACT,renault_data_pipeline/data/renault_processed/210628/customers.csv
customer,210628,23261013,50.38,13.58,8,false,RECOVERED_FROM_FROZEN_ARTIFACT,renault_data_pipeline/data/renault_processed/210628/customers.csv
customer,210628,23342502,44.97,24.93,11,true,RECOVERED_FROM_FROZEN_ARTIFACT,renault_data_pipeline/data/renault_processed/210628/customers.csv
customer,210628,23344003,47.57,9.37,8,false,RECOVERED_FROM_FROZEN_ARTIFACT,renault_data_pipeline/data/renault_processed/210628/customers.csv
customer,210628,23367705,49.65,19.17,10,false,RECOVERED_FROM_FROZEN_ARTIFACT,renault_data_pipeline/data/renault_processed/210628/customers.csv
customer,210628,23376100,42.28,-7.83,2,false,RECOVERED_FROM_FROZEN_ARTIFACT,renault_data_pipeline/data/renault_processed/210628/customers.csv
customer,210628,23536810,43.6,1.36,6,false,RECOVERED_FROM_FROZEN_ARTIFACT,renault_data_pipeline/data/renault_processed/210628/customers.csv
customer,210628,23559601,49.83,19.96,10,false,RECOVERED_FROM_FROZEN_ARTIFACT,renault_data_pipeline/data/renault_processed/210628/customers.csv
customer,210628,23559602,49.83,19.07,10,false,RECOVERED_FROM_FROZEN_ARTIFACT,renault_data_pipeline/data/renault_processed/210628/customers.csv
customer,210628,23559700,53.07,-1.25,4,false,RECOVERED_FROM_FROZEN_ARTIFACT,renault_data_pipeline/data/renault_processed/210628/customers.csv
customer,210628,23579100,40.48,-8.09,2,false,RECOVERED_FROM_FROZEN_ARTIFACT,renault_data_pipeline/data/renault_processed/210628/customers.csv
customer,210628,23623000,46.05,8.92,7,false,RECOVERED_FROM_FROZEN_ARTIFACT,renault_data_pipeline/data/renault_processed/210628/customers.csv
customer,210628,23632305,45.21,7.89,7,false,RECOVERED_FROM_FROZEN_ARTIFACT,renault_data_pipeline/data/renault_processed/210628/customers.csv
customer,210628,23641200,48.6,-0.37,5,false,RECOVERED_FROM_FROZEN_ARTIFACT,renault_data_pipeline/data/renault_processed/210628/customers.csv
customer,210628,23676300,47.47,6.84,7,false,RECOVERED_FROM_FROZEN_ARTIFACT,renault_data_pipeline/data/renault_processed/210628/customers.csv
customer,210628,23676301,49.14,1.97,5,false,RECOVERED_FROM_FROZEN_ARTIFACT,renault_data_pipeline/data/renault_processed/210628/customers.csv
customer,210628,23676305,47.74,7.14,7,false,RECOVERED_FROM_FROZEN_ARTIFACT,renault_data_pipeline/data/renault_processed/210628/customers.csv
customer,210628,23697100,42.89,-2.16,2,false,RECOVERED_FROM_FROZEN_ARTIFACT,renault_data_pipeline/data/renault_processed/210628/customers.csv
customer,210628,23697101,39.83,-0.17,6,false,RECOVERED_FROM_FROZEN_ARTIFACT,renault_data_pipeline/data/renault_processed/210628/customers.csv
customer,210628,23779500,38.62,-0.59,3,false,RECOVERED_FROM_FROZEN_ARTIFACT,renault_data_pipeline/data/renault_processed/210628/customers.csv
customer,210628,23850600,48.9,1.4,5,false,RECOVERED_FROM_FROZEN_ARTIFACT,renault_data_pipeline/data/renault_processed/210628/customers.csv
customer,210628,23889418,49.3,20.66,10,false,RECOVERED_FROM_FROZEN_ARTIFACT,renault_data_pipeline/data/renault_processed/210628/customers.csv
customer,210628,23927002,44.88,24.85,11,false,RECOVERED_FROM_FROZEN_ARTIFACT,renault_data_pipeline/data/renault_processed/210628/customers.csv
customer,210628,23934607,49.98,19.83,10,false,RECOVERED_FROM_FROZEN_ARTIFACT,renault_data_pipeline/data/renault_processed/210628/customers.csv
customer,210628,23961600,46.17,21.27,11,false,RECOVERED_FROM_FROZEN_ARTIFACT,renault_data_pipeline/data/renault_processed/210628/customers.csv
customer,210628,23989200,48.96,2.48,5,false,RECOVERED_FROM_FROZEN_ARTIFACT,renault_data_pipeline/data/renault_processed/210628/customers.csv
customer,210628,24007700,49.89,19.03,10,false,RECOVERED_FROM_FROZEN_ARTIFACT,renault_data_pipeline/data/renault_processed/210628/customers.csv
customer,210628,24031200,48.21,17.41,9,false,RECOVERED_FROM_FROZEN_ARTIFACT,renault_data_pipeline/data/renault_processed/210628/customers.csv
customer,210628,24040300,50.1,13.71,8,false,RECOVERED_FROM_FROZEN_ARTIFACT,renault_data_pipeline/data/renault_processed/210628/customers.csv
customer,210628,24052000,48.42,18.66,9,false,RECOVERED_FROM_FROZEN_ARTIFACT,renault_data_pipeline/data/renault_processed/210628/customers.csv
customer,210628,24097200,45.27,10.12,8,false,RECOVERED_FROM_FROZEN_ARTIFACT,renault_data_pipeline/data/renault_processed/210628/customers.csv
customer,210628,24099000,49.33,14.11,8,false,RECOVERED_FROM_FROZEN_ARTIFACT,renault_data_pipeline/data/renault_processed/210628/customers.csv
customer,210628,24099001,48.97,16.52,9,false,RECOVERED_FROM_FROZEN_ARTIFACT,renault_data_pipeline/data/renault_processed/210628/customers.csv
customer,210628,24123500,47.21,18.43,9,false,RECOVERED_FROM_FROZEN_ARTIFACT,renault_data_pipeline/data/renault_processed/210628/customers.csv
customer,210628,24137101,45.4,3.33,5,false,RECOVERED_FROM_FROZEN_ARTIFACT,renault_data_pipeline/data/renault_processed/210628/customers.csv
customer,210628,24149200,51.07,5.16,7,false,RECOVERED_FROM_FROZEN_ARTIFACT,renault_data_pipeline/data/renault_processed/210628/customers.csv
customer,210628,24267400,49.23,19.3,10,false,RECOVERED_FROM_FROZEN_ARTIFACT,renault_data_pipeline/data/renault_processed/210628/customers.csv
customer,210628,24267502,41.75,-8.83,2,false,RECOVERED_FROM_FROZEN_ARTIFACT,renault_data_pipeline/data/renault_processed/210628/customers.csv
customer,210628,24303001,42.0,-4.51,2,false,RECOVERED_FROM_FROZEN_ARTIFACT,renault_data_pipeline/data/renault_processed/210628/customers.csv
customer,210628,24351800,41.94,-4.48,2,false,RECOVERED_FROM_FROZEN_ARTIFACT,renault_data_pipeline/data/renault_processed/210628/customers.csv
customer,210628,24405104,48.68,21.23,10,false,RECOVERED_FROM_FROZEN_ARTIFACT,renault_data_pipeline/data/renault_processed/210628/customers.csv
customer,210628,24412300,45.64,4.25,7,false,RECOVERED_FROM_FROZEN_ARTIFACT,renault_data_pipeline/data/renault_processed/210628/customers.csv
customer,210628,24412305,44.94,25.93,11,false,RECOVERED_FROM_FROZEN_ARTIFACT,renault_data_pipeline/data/renault_processed/210628/customers.csv
customer,210628,24421501,45.92,14.89,9,false,RECOVERED_FROM_FROZEN_ARTIFACT,renault_data_pipeline/data/renault_processed/210628/customers.csv
customer,210628,24700302,45.68,15.28,9,false,RECOVERED_FROM_FROZEN_ARTIFACT,renault_data_pipeline/data/renault_processed/210628/customers.csv
customer,210628,24700303,45.93,14.98,9,false,RECOVERED_FROM_FROZEN_ARTIFACT,renault_data_pipeline/data/renault_processed/210628/customers.csv
customer,210628,24705700,51.17,16.18,10,false,RECOVERED_FROM_FROZEN_ARTIFACT,renault_data_pipeline/data/renault_processed/210628/customers.csv
customer,210628,24935704,45.79,21.32,11,false,RECOVERED_FROM_FROZEN_ARTIFACT,renault_data_pipeline/data/renault_processed/210628/customers.csv
customer,210628,24975302,45.73,21.16,11,false,RECOVERED_FROM_FROZEN_ARTIFACT,renault_data_pipeline/data/renault_processed/210628/customers.csv
customer,210628,24979000,49.1,6.87,7,false,RECOVERED_FROM_FROZEN_ARTIFACT,renault_data_pipeline/data/renault_processed/210628/customers.csv
customer,210628,24979100,50.02,15.68,10,false,RECOVERED_FROM_FROZEN_ARTIFACT,renault_data_pipeline/data/renault_processed/210628/customers.csv
customer,210628,24989703,44.8,24.95,11,false,RECOVERED_FROM_FROZEN_ARTIFACT,renault_data_pipeline/data/renault_processed/210628/customers.csv
customer,210628,24993000,47.11,17.87,9,false,RECOVERED_FROM_FROZEN_ARTIFACT,renault_data_pipeline/data/renault_processed/210628/customers.csv
customer,210628,25047601,45.29,25.06,11,false,RECOVERED_FROM_FROZEN_ARTIFACT,renault_data_pipeline/data/renault_processed/210628/customers.csv
customer,210628,25047700,49.74,13.6,8,false,RECOVERED_FROM_FROZEN_ARTIFACT,renault_data_pipeline/data/renault_processed/210628/customers.csv
customer,210628,25050301,48.59,19.1,9,false,RECOVERED_FROM_FROZEN_ARTIFACT,renault_data_pipeline/data/renault_processed/210628/customers.csv
customer,210628,25104808,48.77,17.82,9,false,RECOVERED_FROM_FROZEN_ARTIFACT,renault_data_pipeline/data/renault_processed/210628/customers.csv
customer,210628,25116300,51.19,11.06,8,false,RECOVERED_FROM_FROZEN_ARTIFACT,renault_data_pipeline/data/renault_processed/210628/customers.csv
customer,210628,25125900,41.17,-8.44,2,false,RECOVERED_FROM_FROZEN_ARTIFACT,renault_data_pipeline/data/renault_processed/210628/customers.csv
customer,210628,25160200,47.87,1.92,5,false,RECOVERED_FROM_FROZEN_ARTIFACT,renault_data_pipeline/data/renault_processed/210628/customers.csv
customer,210628,25258200,47.73,22.87,11,false,RECOVERED_FROM_FROZEN_ARTIFACT,renault_data_pipeline/data/renault_processed/210628/customers.csv
customer,210628,25258201,47.73,22.87,11,false,RECOVERED_FROM_FROZEN_ARTIFACT,renault_data_pipeline/data/renault_processed/210628/customers.csv
customer,210628,25315000,33.6,-7.58,1,false,RECOVERED_FROM_FROZEN_ARTIFACT,renault_data_pipeline/data/renault_processed/210628/customers.csv
customer,210628,25344801,48.33,18.05,9,false,RECOVERED_FROM_FROZEN_ARTIFACT,renault_data_pipeline/data/renault_processed/210628/customers.csv
customer,210628,25348100,51.71,17.46,10,false,RECOVERED_FROM_FROZEN_ARTIFACT,renault_data_pipeline/data/renault_processed/210628/customers.csv
customer,210628,25348700,41.82,-6.72,2,false,RECOVERED_FROM_FROZEN_ARTIFACT,renault_data_pipeline/data/renault_processed/210628/customers.csv
customer,210628,25361700,41.97,-8.69,2,false,RECOVERED_FROM_FROZEN_ARTIFACT,renault_data_pipeline/data/renault_processed/210628/customers.csv
customer,210628,25425000,41.62,-4.7,2,false,RECOVERED_FROM_FROZEN_ARTIFACT,renault_data_pipeline/data/renault_processed/210628/customers.csv
customer,210628,25426800,50.24,15.79,10,false,RECOVERED_FROM_FROZEN_ARTIFACT,renault_data_pipeline/data/renault_processed/210628/customers.csv
customer,210628,25426900,50.37,19.78,10,false,RECOVERED_FROM_FROZEN_ARTIFACT,renault_data_pipeline/data/renault_processed/210628/customers.csv
customer,210628,25507001,46.53,24.54,11,false,RECOVERED_FROM_FROZEN_ARTIFACT,renault_data_pipeline/data/renault_processed/210628/customers.csv
customer,210628,25531901,47.11,23.9,11,false,RECOVERED_FROM_FROZEN_ARTIFACT,renault_data_pipeline/data/renault_processed/210628/customers.csv
customer,210628,25536100,41.31,1.26,6,false,RECOVERED_FROM_FROZEN_ARTIFACT,renault_data_pipeline/data/renault_processed/210628/customers.csv
customer,210628,25536102,41.31,1.26,6,false,RECOVERED_FROM_FROZEN_ARTIFACT,renault_data_pipeline/data/renault_processed/210628/customers.csv
customer,210628,25543800,50.1,18.56,10,false,RECOVERED_FROM_FROZEN_ARTIFACT,renault_data_pipeline/data/renault_processed/210628/customers.csv
customer,210628,25544200,44.38,8.28,7,false,RECOVERED_FROM_FROZEN_ARTIFACT,renault_data_pipeline/data/renault_processed/210628/customers.csv
customer,210628,25725702,43.2,-2.71,2,false,RECOVERED_FROM_FROZEN_ARTIFACT,renault_data_pipeline/data/renault_processed/210628/customers.csv
customer,210628,25734400,44.87,7.73,7,false,RECOVERED_FROM_FROZEN_ARTIFACT,renault_data_pipeline/data/renault_processed/210628/customers.csv
customer,210628,25746700,48.36,17.57,9,false,RECOVERED_FROM_FROZEN_ARTIFACT,renault_data_pipeline/data/renault_processed/210628/customers.csv
customer,210628,25767300,42.11,-8.63,2,false,RECOVERED_FROM_FROZEN_ARTIFACT,renault_data_pipeline/data/renault_processed/210628/customers.csv
customer,210628,25769300,43.28,-5.82,2,false,RECOVERED_FROM_FROZEN_ARTIFACT,renault_data_pipeline/data/renault_processed/210628/customers.csv
customer,210628,25860700,47.26,-1.5,5,false,RECOVERED_FROM_FROZEN_ARTIFACT,renault_data_pipeline/data/renault_processed/210628/customers.csv
customer,210628,25869802,45.39,6.27,7,false,RECOVERED_FROM_FROZEN_ARTIFACT,renault_data_pipeline/data/renault_processed/210628/customers.csv
customer,210628,25915001,45.65,25.52,11,false,RECOVERED_FROM_FROZEN_ARTIFACT,renault_data_pipeline/data/renault_processed/210628/customers.csv
customer,210628,25929600,41.85,-1.94,3,false,RECOVERED_FROM_FROZEN_ARTIFACT,renault_data_pipeline/data/renault_processed/210628/customers.csv
customer,210628,25958400,44.94,25.95,11,false,RECOVERED_FROM_FROZEN_ARTIFACT,renault_data_pipeline/data/renault_processed/210628/customers.csv
customer,210628,25964800,48.21,17.41,9,false,RECOVERED_FROM_FROZEN_ARTIFACT,renault_data_pipeline/data/renault_processed/210628/customers.csv
customer,210628,26064700,49.46,17.13,10,false,RECOVERED_FROM_FROZEN_ARTIFACT,renault_data_pipeline/data/renault_processed/210628/customers.csv
customer,210628,26064702,49.46,17.13,10,false,RECOVERED_FROM_FROZEN_ARTIFACT,renault_data_pipeline/data/renault_processed/210628/customers.csv
customer,210628,26188600,49.29,4.03,7,false,RECOVERED_FROM_FROZEN_ARTIFACT,renault_data_pipeline/data/renault_processed/210628/customers.csv
customer,210628,26212000,44.95,24.93,11,false,RECOVERED_FROM_FROZEN_ARTIFACT,renault_data_pipeline/data/renault_processed/210628/customers.csv
customer,210628,26218801,50.67,13.98,8,false,RECOVERED_FROM_FROZEN_ARTIFACT,renault_data_pipeline/data/renault_processed/210628/customers.csv
customer,210628,26218804,50.68,13.96,8,false,RECOVERED_FROM_FROZEN_ARTIFACT,renault_data_pipeline/data/renault_processed/210628/customers.csv
customer,210628,26242400,46.88,19.62,9,false,RECOVERED_FROM_FROZEN_ARTIFACT,renault_data_pipeline/data/renault_processed/210628/customers.csv
customer,210628,26294800,49.39,2.8,7,false,RECOVERED_FROM_FROZEN_ARTIFACT,renault_data_pipeline/data/renault_processed/210628/customers.csv
customer,210628,26310500,49.23,19.3,10,false,RECOVERED_FROM_FROZEN_ARTIFACT,renault_data_pipeline/data/renault_processed/210628/customers.csv
customer,210628,26358500,47.98,18.19,9,false,RECOVERED_FROM_FROZEN_ARTIFACT,renault_data_pipeline/data/renault_processed/210628/customers.csv
customer,210628,26367200,47.86,17.78,9,true,RECOVERED_FROM_FROZEN_ARTIFACT,renault_data_pipeline/data/renault_processed/210628/customers.csv
customer,210628,26372000,48.04,19.8,9,false,RECOVERED_FROM_FROZEN_ARTIFACT,renault_data_pipeline/data/renault_processed/210628/customers.csv
customer,210628,26404400,44.97,24.91,11,false,RECOVERED_FROM_FROZEN_ARTIFACT,renault_data_pipeline/data/renault_processed/210628/customers.csv
customer,210628,26404500,47.51,6.86,7,false,RECOVERED_FROM_FROZEN_ARTIFACT,renault_data_pipeline/data/renault_processed/210628/customers.csv
customer,210628,26426200,50.36,13.82,8,false,RECOVERED_FROM_FROZEN_ARTIFACT,renault_data_pipeline/data/renault_processed/210628/customers.csv
customer,210628,26447800,44.66,25.55,11,false,RECOVERED_FROM_FROZEN_ARTIFACT,renault_data_pipeline/data/renault_processed/210628/customers.csv
customer,210628,26448500,47.12,9.5,8,false,RECOVERED_FROM_FROZEN_ARTIFACT,renault_data_pipeline/data/renault_processed/210628/customers.csv
customer,210628,26475101,49.16,5.9,7,false,RECOVERED_FROM_FROZEN_ARTIFACT,renault_data_pipeline/data/renault_processed/210628/customers.csv
customer,210628,26522500,46.21,21.26,11,false,RECOVERED_FROM_FROZEN_ARTIFACT,renault_data_pipeline/data/renault_processed/210628/customers.csv
customer,210628,26540200,45.81,21.19,11,false,RECOVERED_FROM_FROZEN_ARTIFACT,renault_data_pipeline/data/renault_processed/210628/customers.csv
customer,210628,26551501,45.3,25.06,11,false,RECOVERED_FROM_FROZEN_ARTIFACT,renault_data_pipeline/data/renault_processed/210628/customers.csv
customer,210628,26567201,46.88,19.61,9,false,RECOVERED_FROM_FROZEN_ARTIFACT,renault_data_pipeline/data/renault_processed/210628/customers.csv
customer,210628,26585501,38.59,-8.9,1,false,RECOVERED_FROM_FROZEN_ARTIFACT,renault_data_pipeline/data/renault_processed/210628/customers.csv
customer,210628,26610800,49.16,1.35,5,false,RECOVERED_FROM_FROZEN_ARTIFACT,renault_data_pipeline/data/renault_processed/210628/customers.csv
customer,210628,26743100,51.13,16.95,10,false,RECOVERED_FROM_FROZEN_ARTIFACT,renault_data_pipeline/data/renault_processed/210628/customers.csv
customer,210628,26815301,48.03,17.32,9,false,RECOVERED_FROM_FROZEN_ARTIFACT,renault_data_pipeline/data/renault_processed/210628/customers.csv
customer,210628,26976701,48.55,21.24,10,false,RECOVERED_FROM_FROZEN_ARTIFACT,renault_data_pipeline/data/renault_processed/210628/customers.csv
customer,210628,26977906,51.34,19.38,10,false,RECOVERED_FROM_FROZEN_ARTIFACT,renault_data_pipeline/data/renault_processed/210628/customers.csv
customer,210628,27003000,52.28,-1.9,4,false,RECOVERED_FROM_FROZEN_ARTIFACT,renault_data_pipeline/data/renault_processed/210628/customers.csv
customer,210628,27029901,48.22,3.28,7,false,RECOVERED_FROM_FROZEN_ARTIFACT,renault_data_pipeline/data/renault_processed/210628/customers.csv
customer,210628,27030002,46.81,1.73,5,false,RECOVERED_FROM_FROZEN_ARTIFACT,renault_data_pipeline/data/renault_processed/210628/customers.csv
customer,210628,27046701,48.24,17.36,9,false,RECOVERED_FROM_FROZEN_ARTIFACT,renault_data_pipeline/data/renault_processed/210628/customers.csv
customer,210628,27095301,49.03,3.37,7,false,RECOVERED_FROM_FROZEN_ARTIFACT,renault_data_pipeline/data/renault_processed/210628/customers.csv
customer,210628,27105202,49.02,0.42,5,false,RECOVERED_FROM_FROZEN_ARTIFACT,renault_data_pipeline/data/renault_processed/210628/customers.csv
customer,210628,27105203,46.99,2.24,5,false,RECOVERED_FROM_FROZEN_ARTIFACT,renault_data_pipeline/data/renault_processed/210628/customers.csv
customer,210628,27105208,48.72,0.42,5,false,RECOVERED_FROM_FROZEN_ARTIFACT,renault_data_pipeline/data/renault_processed/210628/customers.csv
customer,210628,27107000,49.3,16.22,9,false,RECOVERED_FROM_FROZEN_ARTIFACT,renault_data_pipeline/data/renault_processed/210628/customers.csv
customer,210628,27107002,50.41,14.95,8,false,RECOVERED_FROM_FROZEN_ARTIFACT,renault_data_pipeline/data/renault_processed/210628/customers.csv
customer,210628,27125600,47.48,6.78,7,false,RECOVERED_FROM_FROZEN_ARTIFACT,renault_data_pipeline/data/renault_processed/210628/customers.csv
customer,210628,27125700,52.21,20.6,10,false,RECOVERED_FROM_FROZEN_ARTIFACT,renault_data_pipeline/data/renault_processed/210628/customers.csv
customer,210628,27136700,46.8,1.73,5,false,RECOVERED_FROM_FROZEN_ARTIFACT,renault_data_pipeline/data/renault_processed/210628/customers.csv
customer,210628,27137200,47.51,7.01,7,false,RECOVERED_FROM_FROZEN_ARTIFACT,renault_data_pipeline/data/renault_processed/210628/customers.csv
customer,210628,27137300,45.15,1.48,5,false,RECOVERED_FROM_FROZEN_ARTIFACT,renault_data_pipeline/data/renault_processed/210628/customers.csv
customer,210628,27137400,45.95,4.82,7,false,RECOVERED_FROM_FROZEN_ARTIFACT,renault_data_pipeline/data/renault_processed/210628/customers.csv
customer,210628,27157400,48.16,6.46,7,false,RECOVERED_FROM_FROZEN_ARTIFACT,renault_data_pipeline/data/renault_processed/210628/customers.csv
customer,210628,27176500,33.43,-7.64,1,false,RECOVERED_FROM_FROZEN_ARTIFACT,renault_data_pipeline/data/renault_processed/210628/customers.csv
customer,210628,27184300,35.72,-5.91,1,false,RECOVERED_FROM_FROZEN_ARTIFACT,renault_data_pipeline/data/renault_processed/210628/customers.csv
customer,210628,27287200,47.24,16.65,9,false,RECOVERED_FROM_FROZEN_ARTIFACT,renault_data_pipeline/data/renault_processed/210628/customers.csv
customer,210628,27330602,45.83,21.28,11,false,RECOVERED_FROM_FROZEN_ARTIFACT,renault_data_pipeline/data/renault_processed/210628/customers.csv
customer,210628,27359000,48.25,18.3,9,false,RECOVERED_FROM_FROZEN_ARTIFACT,renault_data_pipeline/data/renault_processed/210628/customers.csv
customer,210628,27368600,49.29,15.07,9,false,RECOVERED_FROM_FROZEN_ARTIFACT,renault_data_pipeline/data/renault_processed/210628/customers.csv
customer,210628,27369300,45.73,21.27,11,false,RECOVERED_FROM_FROZEN_ARTIFACT,renault_data_pipeline/data/renault_processed/210628/customers.csv
customer,210628,27376300,43.4,-3.84,2,false,RECOVERED_FROM_FROZEN_ARTIFACT,renault_data_pipeline/data/renault_processed/210628/customers.csv
customer,210628,27396000,42.21,-8.75,2,false,RECOVERED_FROM_FROZEN_ARTIFACT,renault_data_pipeline/data/renault_processed/210628/customers.csv
customer,210628,27442306,35.72,-5.92,1,false,RECOVERED_FROM_FROZEN_ARTIFACT,renault_data_pipeline/data/renault_processed/210628/customers.csv
customer,210628,27447800,51.28,15.58,10,false,RECOVERED_FROM_FROZEN_ARTIFACT,renault_data_pipeline/data/renault_processed/210628/customers.csv
customer,210628,27472714,49.5,16.6,10,false,RECOVERED_FROM_FROZEN_ARTIFACT,renault_data_pipeline/data/renault_processed/210628/customers.csv
customer,210628,27477001,50.04,15.58,10,false,RECOVERED_FROM_FROZEN_ARTIFACT,renault_data_pipeline/data/renault_processed/210628/customers.csv
customer,210628,27535300,45.79,21.32,11,false,RECOVERED_FROM_FROZEN_ARTIFACT,renault_data_pipeline/data/renault_processed/210628/customers.csv
customer,210628,27562001,50.35,19.26,10,false,RECOVERED_FROM_FROZEN_ARTIFACT,renault_data_pipeline/data/renault_processed/210628/customers.csv
customer,210628,27593900,47.27,-1.5,5,false,RECOVERED_FROM_FROZEN_ARTIFACT,renault_data_pipeline/data/renault_processed/210628/customers.csv
customer,210628,27594100,40.65,-3.19,3,false,RECOVERED_FROM_FROZEN_ARTIFACT,renault_data_pipeline/data/renault_processed/210628/customers.csv
customer,210628,27662602,50.83,19.13,10,false,RECOVERED_FROM_FROZEN_ARTIFACT,renault_data_pipeline/data/renault_processed/210628/customers.csv
customer,210628,27690200,45.66,25.61,11,false,RECOVERED_FROM_FROZEN_ARTIFACT,renault_data_pipeline/data/renault_processed/210628/customers.csv
customer,210628,27731900,43.13,-2.57,2,false,RECOVERED_FROM_FROZEN_ARTIFACT,renault_data_pipeline/data/renault_processed/210628/customers.csv
customer,210628,27742400,43.4,-3.85,2,false,RECOVERED_FROM_FROZEN_ARTIFACT,renault_data_pipeline/data/renault_processed/210628/customers.csv
customer,210628,27752300,41.62,25.38,12,true,RECOVERED_FROM_FROZEN_ARTIFACT,renault_data_pipeline/data/renault_processed/210628/customers.csv
customer,210628,27805100,54.91,-1.49,4,false,RECOVERED_FROM_FROZEN_ARTIFACT,renault_data_pipeline/data/renault_processed/210628/customers.csv
customer,210628,27830400,49.24,6.15,7,false,RECOVERED_FROM_FROZEN_ARTIFACT,renault_data_pipeline/data/renault_processed/210628/customers.csv
customer,210628,27830500,49.24,6.15,7,false,RECOVERED_FROM_FROZEN_ARTIFACT,renault_data_pipeline/data/renault_processed/210628/customers.csv
customer,210628,27845100,42.43,25.66,12,false,RECOVERED_FROM_FROZEN_ARTIFACT,renault_data_pipeline/data/renault_processed/210628/customers.csv
customer,210628,27862302,53.77,-1.55,4,false,RECOVERED_FROM_FROZEN_ARTIFACT,renault_data_pipeline/data/renault_processed/210628/customers.csv
customer,210628,27902200,47.55,-0.11,5,false,RECOVERED_FROM_FROZEN_ARTIFACT,renault_data_pipeline/data/renault_processed/210628/customers.csv
customer,210628,27988400,41.55,2.03,6,false,RECOVERED_FROM_FROZEN_ARTIFACT,renault_data_pipeline/data/renault_processed/210628/customers.csv
customer,210628,27996500,44.79,24.98,11,false,RECOVERED_FROM_FROZEN_ARTIFACT,renault_data_pipeline/data/renault_processed/210628/customers.csv
customer,210628,28058401,49.3,4.12,7,false,RECOVERED_FROM_FROZEN_ARTIFACT,renault_data_pipeline/data/renault_processed/210628/customers.csv
customer,210628,28058405,49.28,4.06,7,false,RECOVERED_FROM_FROZEN_ARTIFACT,renault_data_pipeline/data/renault_processed/210628/customers.csv
customer,210628,28064002,51.46,7.62,8,false,RECOVERED_FROM_FROZEN_ARTIFACT,renault_data_pipeline/data/renault_processed/210628/customers.csv
customer,210628,28075900,49.68,13.42,8,false,RECOVERED_FROM_FROZEN_ARTIFACT,renault_data_pipeline/data/renault_processed/210628/customers.csv
customer,210628,28075902,49.68,13.42,8,false,RECOVERED_FROM_FROZEN_ARTIFACT,renault_data_pipeline/data/renault_processed/210628/customers.csv
customer,210628,28075904,40.5,-3.41,3,false,RECOVERED_FROM_FROZEN_ARTIFACT,renault_data_pipeline/data/renault_processed/210628/customers.csv
customer,210628,28075907,49.29,13.14,8,false,RECOVERED_FROM_FROZEN_ARTIFACT,renault_data_pipeline/data/renault_processed/210628/customers.csv
customer,210628,28128000,46.56,23.84,11,false,RECOVERED_FROM_FROZEN_ARTIFACT,renault_data_pipeline/data/renault_processed/210628/customers.csv
customer,210628,28130500,47.92,19.12,9,false,RECOVERED_FROM_FROZEN_ARTIFACT,renault_data_pipeline/data/renault_processed/210628/customers.csv
customer,210628,28208500,50.87,12.35,8,false,RECOVERED_FROM_FROZEN_ARTIFACT,renault_data_pipeline/data/renault_processed/210628/customers.csv
customer,210628,28237800,54.53,-1.36,4,true,RECOVERED_FROM_FROZEN_ARTIFACT,renault_data_pipeline/data/renault_processed/210628/customers.csv
customer,210628,28253900,43.3,-1.9,2,false,RECOVERED_FROM_FROZEN_ARTIFACT,renault_data_pipeline/data/renault_processed/210628/customers.csv
customer,210628,28271902,43.53,16.49,9,false,RECOVERED_FROM_FROZEN_ARTIFACT,renault_data_pipeline/data/renault_processed/210628/customers.csv
customer,210628,28276400,35.72,-5.91,1,false,RECOVERED_FROM_FROZEN_ARTIFACT,renault_data_pipeline/data/renault_processed/210628/customers.csv
customer,210628,28279401,51.19,11.06,8,false,RECOVERED_FROM_FROZEN_ARTIFACT,renault_data_pipeline/data/renault_processed/210628/customers.csv
customer,210628,28328400,48.42,17.04,9,false,RECOVERED_FROM_FROZEN_ARTIFACT,renault_data_pipeline/data/renault_processed/210628/customers.csv
customer,210628,28333101,49.84,3.24,7,false,RECOVERED_FROM_FROZEN_ARTIFACT,renault_data_pipeline/data/renault_processed/210628/customers.csv
customer,210628,28350800,44.79,24.98,11,false,RECOVERED_FROM_FROZEN_ARTIFACT,renault_data_pipeline/data/renault_processed/210628/customers.csv
customer,210628,28350801,45.17,24.84,11,false,RECOVERED_FROM_FROZEN_ARTIFACT,renault_data_pipeline/data/renault_processed/210628/customers.csv
customer,210628,28396900,50.99,4.04,7,false,RECOVERED_FROM_FROZEN_ARTIFACT,renault_data_pipeline/data/renault_processed/210628/customers.csv
customer,210628,28412700,46.38,5.84,7,false,RECOVERED_FROM_FROZEN_ARTIFACT,renault_data_pipeline/data/renault_processed/210628/customers.csv
customer,210628,28472500,41.9,1.71,6,false,RECOVERED_FROM_FROZEN_ARTIFACT,renault_data_pipeline/data/renault_processed/210628/customers.csv
customer,210628,28482700,39.36,-0.45,3,false,RECOVERED_FROM_FROZEN_ARTIFACT,renault_data_pipeline/data/renault_processed/210628/customers.csv
customer,210628,28541401,50.05,18.67,10,false,RECOVERED_FROM_FROZEN_ARTIFACT,renault_data_pipeline/data/renault_processed/210628/customers.csv
customer,210628,28555602,45.8,21.33,11,false,RECOVERED_FROM_FROZEN_ARTIFACT,renault_data_pipeline/data/renault_processed/210628/customers.csv
customer,210628,28567300,47.59,18.36,9,false,RECOVERED_FROM_FROZEN_ARTIFACT,renault_data_pipeline/data/renault_processed/210628/customers.csv
customer,210628,28603900,49.09,18.96,10,false,RECOVERED_FROM_FROZEN_ARTIFACT,renault_data_pipeline/data/renault_processed/210628/customers.csv
customer,210628,28610400,49.77,1.97,5,false,RECOVERED_FROM_FROZEN_ARTIFACT,renault_data_pipeline/data/renault_processed/210628/customers.csv
customer,210628,28633900,45.1,7.57,7,false,RECOVERED_FROM_FROZEN_ARTIFACT,renault_data_pipeline/data/renault_processed/210628/customers.csv
customer,210628,28639700,51.79,-3.24,4,false,RECOVERED_FROM_FROZEN_ARTIFACT,renault_data_pipeline/data/renault_processed/210628/customers.csv
customer,210628,28648402,49.42,2.78,7,false,RECOVERED_FROM_FROZEN_ARTIFACT,renault_data_pipeline/data/renault_processed/210628/customers.csv
customer,210628,28660200,46.98,3.17,7,false,RECOVERED_FROM_FROZEN_ARTIFACT,renault_data_pipeline/data/renault_processed/210628/customers.csv
customer,210628,28681300,49.39,1.38,5,false,RECOVERED_FROM_FROZEN_ARTIFACT,renault_data_pipeline/data/renault_processed/210628/customers.csv
customer,210628,28717500,49.36,7.27,7,false,RECOVERED_FROM_FROZEN_ARTIFACT,renault_data_pipeline/data/renault_processed/210628/customers.csv
customer,210628,28787600,52.47,-1.47,4,false,RECOVERED_FROM_FROZEN_ARTIFACT,renault_data_pipeline/data/renault_processed/210628/customers.csv
customer,210628,28879100,45.87,15.09,9,false,RECOVERED_FROM_FROZEN_ARTIFACT,renault_data_pipeline/data/renault_processed/210628/customers.csv
customer,210628,28884600,50.92,5.53,7,false,RECOVERED_FROM_FROZEN_ARTIFACT,renault_data_pipeline/data/renault_processed/210628/customers.csv
customer,210628,28898200,48.73,18.56,9,false,RECOVERED_FROM_FROZEN_ARTIFACT,renault_data_pipeline/data/renault_processed/210628/customers.csv
customer,210628,28900500,48.95,8.88,8,false,RECOVERED_FROM_FROZEN_ARTIFACT,renault_data_pipeline/data/renault_processed/210628/customers.csv
customer,210628,29221700,45.38,20.43,9,false,RECOVERED_FROM_FROZEN_ARTIFACT,renault_data_pipeline/data/renault_processed/210628/customers.csv
customer,210628,29249600,49.4,19.48,10,false,RECOVERED_FROM_FROZEN_ARTIFACT,renault_data_pipeline/data/renault_processed/210628/customers.csv
customer,210628,29324200,40.85,-8.48,2,false,RECOVERED_FROM_FROZEN_ARTIFACT,renault_data_pipeline/data/renault_processed/210628/customers.csv
customer,210628,29330900,47.57,9.37,8,false,RECOVERED_FROM_FROZEN_ARTIFACT,renault_data_pipeline/data/renault_processed/210628/customers.csv
customer,210628,29330904,43.3,-1.88,2,false,RECOVERED_FROM_FROZEN_ARTIFACT,renault_data_pipeline/data/renault_processed/210628/customers.csv
customer,210628,29333000,50.12,22.03,10,false,RECOVERED_FROM_FROZEN_ARTIFACT,renault_data_pipeline/data/renault_processed/210628/customers.csv
customer,210628,29350201,47.94,-2.38,5,false,RECOVERED_FROM_FROZEN_ARTIFACT,renault_data_pipeline/data/renault_processed/210628/customers.csv
customer,210628,29350204,50.09,3.53,7,false,RECOVERED_FROM_FROZEN_ARTIFACT,renault_data_pipeline/data/renault_processed/210628/customers.csv
customer,210628,29350210,47.51,6.87,7,false,RECOVERED_FROM_FROZEN_ARTIFACT,renault_data_pipeline/data/renault_processed/210628/customers.csv
customer,210628,29350212,48.6,5.04,7,false,RECOVERED_FROM_FROZEN_ARTIFACT,renault_data_pipeline/data/renault_processed/210628/customers.csv
customer,210628,29352200,40.9,-8.44,2,false,RECOVERED_FROM_FROZEN_ARTIFACT,renault_data_pipeline/data/renault_processed/210628/customers.csv
customer,210628,29352201,40.9,-8.44,2,false,RECOVERED_FROM_FROZEN_ARTIFACT,renault_data_pipeline/data/renault_processed/210628/customers.csv
customer,210628,29382801,45.07,24.81,11,false,RECOVERED_FROM_FROZEN_ARTIFACT,renault_data_pipeline/data/renault_processed/210628/customers.csv
customer,210628,29450102,42.78,-4.25,2,false,RECOVERED_FROM_FROZEN_ARTIFACT,renault_data_pipeline/data/renault_processed/210628/customers.csv
customer,210628,29527000,49.51,2.43,5,false,RECOVERED_FROM_FROZEN_ARTIFACT,renault_data_pipeline/data/renault_processed/210628/customers.csv
customer,210628,29685201,49.56,15.96,10,false,RECOVERED_FROM_FROZEN_ARTIFACT,renault_data_pipeline/data/renault_processed/210628/customers.csv
customer,210628,29717101,42.78,-1.38,6,false,RECOVERED_FROM_FROZEN_ARTIFACT,renault_data_pipeline/data/renault_processed/210628/customers.csv
customer,210628,29807200,43.87,26.04,11,false,RECOVERED_FROM_FROZEN_ARTIFACT,renault_data_pipeline/data/renault_processed/210628/customers.csv
customer,210628,29855000,46.18,5.57,7,false,RECOVERED_FROM_FROZEN_ARTIFACT,renault_data_pipeline/data/renault_processed/210628/customers.csv
customer,210628,29937600,42.88,-2.31,2,false,RECOVERED_FROM_FROZEN_ARTIFACT,renault_data_pipeline/data/renault_processed/210628/customers.csv
customer,210628,29969301,40.57,-8.12,2,false,RECOVERED_FROM_FROZEN_ARTIFACT,renault_data_pipeline/data/renault_processed/210628/customers.csv
customer,210628,40006900,48.4,18.4,9,false,RECOVERED_FROM_FROZEN_ARTIFACT,renault_data_pipeline/data/renault_processed/210628/customers.csv
customer,210628,40084500,47.29,-2.3,5,false,RECOVERED_FROM_FROZEN_ARTIFACT,renault_data_pipeline/data/renault_processed/210628/customers.csv
customer,210628,40145700,41.82,-8.44,2,false,RECOVERED_FROM_FROZEN_ARTIFACT,renault_data_pipeline/data/renault_processed/210628/customers.csv
customer,210628,40163800,46.21,21.26,11,false,RECOVERED_FROM_FROZEN_ARTIFACT,renault_data_pipeline/data/renault_processed/210628/customers.csv
customer,210628,40193000,46.55,23.86,11,false,RECOVERED_FROM_FROZEN_ARTIFACT,renault_data_pipeline/data/renault_processed/210628/customers.csv
customer,210628,40217101,45.2,7.89,7,false,RECOVERED_FROM_FROZEN_ARTIFACT,renault_data_pipeline/data/renault_processed/210628/customers.csv
customer,210628,40253500,47.69,22.5,10,false,RECOVERED_FROM_FROZEN_ARTIFACT,renault_data_pipeline/data/renault_processed/210628/customers.csv
customer,210628,40317700,41.65,-0.78,6,false,RECOVERED_FROM_FROZEN_ARTIFACT,renault_data_pipeline/data/renault_processed/210628/customers.csv
customer,210628,40317703,39.47,-0.57,3,false,RECOVERED_FROM_FROZEN_ARTIFACT,renault_data_pipeline/data/renault_processed/210628/customers.csv
customer,210628,40475800,42.75,23.21,12,false,RECOVERED_FROM_FROZEN_ARTIFACT,renault_data_pipeline/data/renault_processed/210628/customers.csv
customer,210628,40618500,52.42,16.76,10,false,RECOVERED_FROM_FROZEN_ARTIFACT,renault_data_pipeline/data/renault_processed/210628/customers.csv
customer,210628,40654000,44.87,24.86,11,false,RECOVERED_FROM_FROZEN_ARTIFACT,renault_data_pipeline/data/renault_processed/210628/customers.csv
customer,210628,40695601,35.72,-5.92,1,false,RECOVERED_FROM_FROZEN_ARTIFACT,renault_data_pipeline/data/renault_processed/210628/customers.csv
customer,210628,40741601,50.49,2.5,7,false,RECOVERED_FROM_FROZEN_ARTIFACT,renault_data_pipeline/data/renault_processed/210628/customers.csv
customer,210628,40741604,50.49,2.68,7,false,RECOVERED_FROM_FROZEN_ARTIFACT,renault_data_pipeline/data/renault_processed/210628/customers.csv
customer,210628,40771302,35.66,-5.67,1,true,RECOVERED_FROM_FROZEN_ARTIFACT,renault_data_pipeline/data/renault_processed/210628/customers.csv
customer,210628,40819100,47.63,18.29,9,false,RECOVERED_FROM_FROZEN_ARTIFACT,renault_data_pipeline/data/renault_processed/210628/customers.csv
customer,210628,40832000,47.08,21.86,9,false,RECOVERED_FROM_FROZEN_ARTIFACT,renault_data_pipeline/data/renault_processed/210628/customers.csv
customer,210628,40852000,49.22,18.57,10,false,RECOVERED_FROM_FROZEN_ARTIFACT,renault_data_pipeline/data/renault_processed/210628/customers.csv
customer,210628,40906107,48.13,20.78,9,false,RECOVERED_FROM_FROZEN_ARTIFACT,renault_data_pipeline/data/renault_processed/210628/customers.csv
customer,210628,40909900,40.78,-8.59,2,false,RECOVERED_FROM_FROZEN_ARTIFACT,renault_data_pipeline/data/renault_processed/210628/customers.csv
customer,210628,40955700,45.73,21.26,11,false,RECOVERED_FROM_FROZEN_ARTIFACT,renault_data_pipeline/data/renault_processed/210628/customers.csv
customer,210628,40979700,44.92,24.87,11,false,RECOVERED_FROM_FROZEN_ARTIFACT,renault_data_pipeline/data/renault_processed/210628/customers.csv
customer,210628,41056700,47.51,18.05,9,false,RECOVERED_FROM_FROZEN_ARTIFACT,renault_data_pipeline/data/renault_processed/210628/customers.csv
customer,210628,41099501,47.37,19.12,9,false,RECOVERED_FROM_FROZEN_ARTIFACT,renault_data_pipeline/data/renault_processed/210628/customers.csv
customer,210628,41106800,52.4,-1.55,4,false,RECOVERED_FROM_FROZEN_ARTIFACT,renault_data_pipeline/data/renault_processed/210628/customers.csv
customer,210628,41156800,48.57,18.86,9,false,RECOVERED_FROM_FROZEN_ARTIFACT,renault_data_pipeline/data/renault_processed/210628/customers.csv
customer,210628,41223901,40.58,-8.12,2,false,RECOVERED_FROM_FROZEN_ARTIFACT,renault_data_pipeline/data/renault_processed/210628/customers.csv
customer,210628,41264800,42.12,-8.62,2,false,RECOVERED_FROM_FROZEN_ARTIFACT,renault_data_pipeline/data/renault_processed/210628/customers.csv
customer,210628,41379900,46.14,21.3,11,false,RECOVERED_FROM_FROZEN_ARTIFACT,renault_data_pipeline/data/renault_processed/210628/customers.csv
customer,210628,41397500,42.25,24.88,12,false,RECOVERED_FROM_FROZEN_ARTIFACT,renault_data_pipeline/data/renault_processed/210628/customers.csv
customer,210628,41428600,47.11,17.88,9,false,RECOVERED_FROM_FROZEN_ARTIFACT,renault_data_pipeline/data/renault_processed/210628/customers.csv
customer,210628,41462100,35.66,-5.67,1,false,RECOVERED_FROM_FROZEN_ARTIFACT,renault_data_pipeline/data/renault_processed/210628/customers.csv
customer,210628,41482900,46.25,1.5,5,false,RECOVERED_FROM_FROZEN_ARTIFACT,renault_data_pipeline/data/renault_processed/210628/customers.csv
customer,210628,41484500,41.89,-8.55,2,false,RECOVERED_FROM_FROZEN_ARTIFACT,renault_data_pipeline/data/renault_processed/210628/customers.csv
customer,210628,41570200,44.56,2.24,6,false,RECOVERED_FROM_FROZEN_ARTIFACT,renault_data_pipeline/data/renault_processed/210628/customers.csv
customer,210628,41618900,42.18,24.33,12,false,RECOVERED_FROM_FROZEN_ARTIFACT,renault_data_pipeline/data/renault_processed/210628/customers.csv
customer,210628,41619000,44.41,7.82,7,false,RECOVERED_FROM_FROZEN_ARTIFACT,renault_data_pipeline/data/renault_processed/210628/customers.csv
customer,210628,41628700,47.18,18.4,9,false,RECOVERED_FROM_FROZEN_ARTIFACT,renault_data_pipeline/data/renault_processed/210628/customers.csv
customer,210628,41629100,41.33,1.65,6,false,RECOVERED_FROM_FROZEN_ARTIFACT,renault_data_pipeline/data/renault_processed/210628/customers.csv
customer,210628,41647900,34.26,-6.58,1,false,RECOVERED_FROM_FROZEN_ARTIFACT,renault_data_pipeline/data/renault_processed/210628/customers.csv
customer,210628,41681300,35.66,-5.66,1,false,RECOVERED_FROM_FROZEN_ARTIFACT,renault_data_pipeline/data/renault_processed/210628/customers.csv
customer,210628,41804601,51.19,16.6,10,false,RECOVERED_FROM_FROZEN_ARTIFACT,renault_data_pipeline/data/renault_processed/210628/customers.csv
customer,210628,41819200,35.78,-5.8,1,false,RECOVERED_FROM_FROZEN_ARTIFACT,renault_data_pipeline/data/renault_processed/210628/customers.csv
customer,210628,41832900,35.78,-5.8,1,false,RECOVERED_FROM_FROZEN_ARTIFACT,renault_data_pipeline/data/renault_processed/210628/customers.csv
customer,210628,42008900,34.32,-6.37,1,false,RECOVERED_FROM_FROZEN_ARTIFACT,renault_data_pipeline/data/renault_processed/210628/customers.csv
customer,210628,42065700,35.76,-5.83,1,false,RECOVERED_FROM_FROZEN_ARTIFACT,renault_data_pipeline/data/renault_processed/210628/customers.csv
customer,210628,42116300,44.63,24.27,11,false,RECOVERED_FROM_FROZEN_ARTIFACT,renault_data_pipeline/data/renault_processed/210628/customers.csv
customer,210628,42126700,35.66,-5.65,1,false,RECOVERED_FROM_FROZEN_ARTIFACT,renault_data_pipeline/data/renault_processed/210628/customers.csv
customer,210628,42143100,48.18,7.01,7,false,RECOVERED_FROM_FROZEN_ARTIFACT,renault_data_pipeline/data/renault_processed/210628/customers.csv
customer,210628,42162600,49.84,4.78,7,false,RECOVERED_FROM_FROZEN_ARTIFACT,renault_data_pipeline/data/renault_processed/210628/customers.csv
customer,210628,42204601,43.0,1.62,6,false,RECOVERED_FROM_FROZEN_ARTIFACT,renault_data_pipeline/data/renault_processed/210628/customers.csv
customer,210628,42209602,49.01,12.14,8,false,RECOVERED_FROM_FROZEN_ARTIFACT,renault_data_pipeline/data/renault_processed/210628/customers.csv
customer,210628,42209605,50.98,9.78,8,false,RECOVERED_FROM_FROZEN_ARTIFACT,renault_data_pipeline/data/renault_processed/210628/customers.csv
customer,210628,42259201,35.72,-5.91,1,false,RECOVERED_FROM_FROZEN_ARTIFACT,renault_data_pipeline/data/renault_processed/210628/customers.csv
customer,210628,42299700,48.16,17.13,9,false,RECOVERED_FROM_FROZEN_ARTIFACT,renault_data_pipeline/data/renault_processed/210628/customers.csv
customer,210628,42319000,43.55,10.48,7,false,RECOVERED_FROM_FROZEN_ARTIFACT,renault_data_pipeline/data/renault_processed/210628/customers.csv
customer,210628,42375705,48.06,-1.7,5,false,RECOVERED_FROM_FROZEN_ARTIFACT,renault_data_pipeline/data/renault_processed/210628/customers.csv
customer,210628,42375800,50.81,12.92,8,false,RECOVERED_FROM_FROZEN_ARTIFACT,renault_data_pipeline/data/renault_processed/210628/customers.csv
customer,210628,42399802,50.55,7.95,8,false,RECOVERED_FROM_FROZEN_ARTIFACT,renault_data_pipeline/data/renault_processed/210628/customers.csv
customer,210628,42402100,51.13,8.05,8,false,RECOVERED_FROM_FROZEN_ARTIFACT,renault_data_pipeline/data/renault_processed/210628/customers.csv
customer,210628,42402201,47.55,7.92,7,false,RECOVERED_FROM_FROZEN_ARTIFACT,renault_data_pipeline/data/renault_processed/210628/customers.csv
customer,210628,42529900,41.41,1.99,6,false,RECOVERED_FROM_FROZEN_ARTIFACT,renault_data_pipeline/data/renault_processed/210628/customers.csv
customer,210628,42529901,40.82,-0.87,3,false,RECOVERED_FROM_FROZEN_ARTIFACT,renault_data_pipeline/data/renault_processed/210628/customers.csv
customer,210628,42529903,41.66,1.2,6,false,RECOVERED_FROM_FROZEN_ARTIFACT,renault_data_pipeline/data/renault_processed/210628/customers.csv
customer,210628,42529904,41.5,1.87,6,false,RECOVERED_FROM_FROZEN_ARTIFACT,renault_data_pipeline/data/renault_processed/210628/customers.csv
customer,210628,42571100,43.93,21.37,11,false,RECOVERED_FROM_FROZEN_ARTIFACT,renault_data_pipeline/data/renault_processed/210628/customers.csv
customer,210628,42583500,43.41,-3.85,2,false,RECOVERED_FROM_FROZEN_ARTIFACT,renault_data_pipeline/data/renault_processed/210628/customers.csv
customer,210628,42593100,47.08,21.87,9,false,RECOVERED_FROM_FROZEN_ARTIFACT,renault_data_pipeline/data/renault_processed/210628/customers.csv
customer,210628,42684502,46.79,21.63,9,false,RECOVERED_FROM_FROZEN_ARTIFACT,renault_data_pipeline/data/renault_processed/210628/customers.csv
customer,210628,42687200,41.83,-1.51,3,false,RECOVERED_FROM_FROZEN_ARTIFACT,renault_data_pipeline/data/renault_processed/210628/customers.csv
customer,210628,42709700,46.19,21.31,11,false,RECOVERED_FROM_FROZEN_ARTIFACT,renault_data_pipeline/data/renault_processed/210628/customers.csv
customer,210628,42713300,51.18,7.2,7,false,RECOVERED_FROM_FROZEN_ARTIFACT,renault_data_pipeline/data/renault_processed/210628/customers.csv
customer,210628,42779200,48.64,9.36,8,false,RECOVERED_FROM_FROZEN_ARTIFACT,renault_data_pipeline/data/renault_processed/210628/customers.csv
customer,210628,42811800,51.41,-0.84,4,false,RECOVERED_FROM_FROZEN_ARTIFACT,renault_data_pipeline/data/renault_processed/210628/customers.csv
customer,210628,60317300,48.03,5.32,7,false,RECOVERED_FROM_FROZEN_ARTIFACT,renault_data_pipeline/data/renault_processed/210628/customers.csv
customer,210628,61186900,47.08,21.91,9,false,RECOVERED_FROM_FROZEN_ARTIFACT,renault_data_pipeline/data/renault_processed/210628/customers.csv
customer,210628,61187700,45.22,24.94,11,false,RECOVERED_FROM_FROZEN_ARTIFACT,renault_data_pipeline/data/renault_processed/210628/customers.csv
customer,210628,61190700,44.8,25.08,11,false,RECOVERED_FROM_FROZEN_ARTIFACT,renault_data_pipeline/data/renault_processed/210628/customers.csv
customer,210628,61190900,45.8,24.18,11,false,RECOVERED_FROM_FROZEN_ARTIFACT,renault_data_pipeline/data/renault_processed/210628/customers.csv
customer,210628,61198600,44.88,24.85,11,false,RECOVERED_FROM_FROZEN_ARTIFACT,renault_data_pipeline/data/renault_processed/210628/customers.csv
customer,210628,61198605,45.29,25.06,11,false,RECOVERED_FROM_FROZEN_ARTIFACT,renault_data_pipeline/data/renault_processed/210628/customers.csv
customer,210628,61199400,44.88,24.85,11,false,RECOVERED_FROM_FROZEN_ARTIFACT,renault_data_pipeline/data/renault_processed/210628/customers.csv
customer,210628,61200700,47.05,21.97,11,false,RECOVERED_FROM_FROZEN_ARTIFACT,renault_data_pipeline/data/renault_processed/210628/customers.csv
customer,210628,61203901,45.73,21.17,11,false,RECOVERED_FROM_FROZEN_ARTIFACT,renault_data_pipeline/data/renault_processed/210628/customers.csv
customer,210628,61204301,44.99,24.94,11,false,RECOVERED_FROM_FROZEN_ARTIFACT,renault_data_pipeline/data/renault_processed/210628/customers.csv
customer,210628,61204502,44.98,24.97,11,false,RECOVERED_FROM_FROZEN_ARTIFACT,renault_data_pipeline/data/renault_processed/210628/customers.csv
customer,210628,61205600,45.66,25.54,11,false,RECOVERED_FROM_FROZEN_ARTIFACT,renault_data_pipeline/data/renault_processed/210628/customers.csv
customer,210628,61994202,46.17,14.57,9,false,RECOVERED_FROM_FROZEN_ARTIFACT,renault_data_pipeline/data/renault_processed/210628/customers.csv
customer,210628,61995901,45.94,15.14,9,false,RECOVERED_FROM_FROZEN_ARTIFACT,renault_data_pipeline/data/renault_processed/210628/customers.csv
customer,210628,61996300,45.95,15.06,9,false,RECOVERED_FROM_FROZEN_ARTIFACT,renault_data_pipeline/data/renault_processed/210628/customers.csv
customer,210628,61996402,45.77,14.2,9,false,RECOVERED_FROM_FROZEN_ARTIFACT,renault_data_pipeline/data/renault_processed/210628/customers.csv
depot,210628,9624708,45.78,4.88,,false,RECOVERED_FROM_FROZEN_ARTIFACT,renault_data_pipeline/data/renault_processed/210628/depots.csv
depot,210628,90015100,48.98,1.85,,false,RECOVERED_FROM_FROZEN_ARTIFACT,renault_data_pipeline/data/renault_processed/210628/depots.csv
depot,210628,90015700,44.8,24.99,,false,RECOVERED_FROM_FROZEN_ARTIFACT,renault_data_pipeline/data/renault_processed/210628/depots.csv
depot,210628,90016100,49.32,1.05,,false,RECOVERED_FROM_FROZEN_ARTIFACT,renault_data_pipeline/data/renault_processed/210628/depots.csv
depot,210628,90016200,50.28,3.91,,false,RECOVERED_FROM_FROZEN_ARTIFACT,renault_data_pipeline/data/renault_processed/210628/depots.csv
depot,210628,90016500,40.67,-8.62,,false,RECOVERED_FROM_FROZEN_ARTIFACT,renault_data_pipeline/data/renault_processed/210628/depots.csv
depot,210628,90016900,49.17,5.98,,false,RECOVERED_FROM_FROZEN_ARTIFACT,renault_data_pipeline/data/renault_processed/210628/depots.csv
depot,210628,90017100,49.48,0.3,,false,RECOVERED_FROM_FROZEN_ARTIFACT,renault_data_pipeline/data/renault_processed/210628/depots.csv
depot,210628,90018300,49.91,1.09,,false,RECOVERED_FROM_FROZEN_ARTIFACT,renault_data_pipeline/data/renault_processed/210628/depots.csv
depot,210628,90018400,50.47,2.61,,false,RECOVERED_FROM_FROZEN_ARTIFACT,renault_data_pipeline/data/renault_processed/210628/depots.csv
depot,210628,90019100,50.36,3.03,,false,RECOVERED_FROM_FROZEN_ARTIFACT,renault_data_pipeline/data/renault_processed/210628/depots.csv
depot,210628,91017200,41.96,-4.5,,false,RECOVERED_FROM_FROZEN_ARTIFACT,renault_data_pipeline/data/renault_processed/210628/depots.csv
depot,210628,91017300,41.61,-4.73,,false,RECOVERED_FROM_FROZEN_ARTIFACT,renault_data_pipeline/data/renault_processed/210628/depots.csv
depot,210628,91017500,37.43,-5.98,,false,RECOVERED_FROM_FROZEN_ARTIFACT,renault_data_pipeline/data/renault_processed/210628/depots.csv
depot,210628,91017600,41.61,-4.73,,false,RECOVERED_FROM_FROZEN_ARTIFACT,renault_data_pipeline/data/renault_processed/210628/depots.csv
customer,210129,187312,46.84,0.54,5,false,RECOVERED_FROM_FROZEN_ARTIFACT,renault_data_pipeline/data/renault_processed/210129/customers.csv
customer,210129,187313,45.55,3.26,5,false,RECOVERED_FROM_FROZEN_ARTIFACT,renault_data_pipeline/data/renault_processed/210129/customers.csv
customer,210129,201504,48.68,1.54,5,false,RECOVERED_FROM_FROZEN_ARTIFACT,renault_data_pipeline/data/renault_processed/210129/customers.csv
customer,210129,239401,46.4,5.79,7,false,RECOVERED_FROM_FROZEN_ARTIFACT,renault_data_pipeline/data/renault_processed/210129/customers.csv
customer,210129,239406,39.72,-8.93,2,false,RECOVERED_FROM_FROZEN_ARTIFACT,renault_data_pipeline/data/renault_processed/210129/customers.csv
customer,210129,239407,48.39,18.0,9,false,RECOVERED_FROM_FROZEN_ARTIFACT,renault_data_pipeline/data/renault_processed/210129/customers.csv
customer,210129,239412,48.36,0.37,5,false,RECOVERED_FROM_FROZEN_ARTIFACT,renault_data_pipeline/data/renault_processed/210129/customers.csv
customer,210129,239414,48.37,0.56,5,true,RECOVERED_FROM_FROZEN_ARTIFACT,renault_data_pipeline/data/renault_processed/210129/customers.csv
customer,210129,292606,46.79,21.63,9,false,RECOVERED_FROM_FROZEN_ARTIFACT,renault_data_pipeline/data/renault_processed/210129/customers.csv
customer,210129,322802,48.98,1.89,5,false,RECOVERED_FROM_FROZEN_ARTIFACT,renault_data_pipeline/data/renault_processed/210129/customers.csv
customer,210129,440301,48.08,1.34,5,false,RECOVERED_FROM_FROZEN_ARTIFACT,renault_data_pipeline/data/renault_processed/210129/customers.csv
customer,210129,487241,41.53,-8.43,2,false,RECOVERED_FROM_FROZEN_ARTIFACT,renault_data_pipeline/data/renault_processed/210129/customers.csv
customer,210129,487247,46.17,23.93,11,false,RECOVERED_FROM_FROZEN_ARTIFACT,renault_data_pipeline/data/renault_processed/210129/customers.csv
customer,210129,487248,41.31,1.63,6,false,RECOVERED_FROM_FROZEN_ARTIFACT,renault_data_pipeline/data/renault_processed/210129/customers.csv
customer,210129,487281,41.51,-8.46,2,false,RECOVERED_FROM_FROZEN_ARTIFACT,renault_data_pipeline/data/renault_processed/210129/customers.csv
customer,210129,487282,50.94,5.49,7,false,RECOVERED_FROM_FROZEN_ARTIFACT,renault_data_pipeline/data/renault_processed/210129/customers.csv
customer,210129,631303,48.02,2.72,5,false,RECOVERED_FROM_FROZEN_ARTIFACT,renault_data_pipeline/data/renault_processed/210129/customers.csv
customer,210129,679301,49.46,5.86,7,false,RECOVERED_FROM_FROZEN_ARTIFACT,renault_data_pipeline/data/renault_processed/210129/customers.csv
customer,210129,772511,49.94,2.27,5,false,RECOVERED_FROM_FROZEN_ARTIFACT,renault_data_pipeline/data/renault_processed/210129/customers.csv
customer,210129,772544,49.29,5.68,7,false,RECOVERED_FROM_FROZEN_ARTIFACT,renault_data_pipeline/data/renault_processed/210129/customers.csv
customer,210129,785509,45.87,1.27,5,false,RECOVERED_FROM_FROZEN_ARTIFACT,renault_data_pipeline/data/renault_processed/210129/customers.csv
customer,210129,865704,47.98,0.26,5,false,RECOVERED_FROM_FROZEN_ARTIFACT,renault_data_pipeline/data/renault_processed/210129/customers.csv
customer,210129,923601,49.44,1.91,5,false,RECOVERED_FROM_FROZEN_ARTIFACT,renault_data_pipeline/data/renault_processed/210129/customers.csv
customer,210129,923606,44.1,1.1,6,false,RECOVERED_FROM_FROZEN_ARTIFACT,renault_data_pipeline/data/renault_processed/210129/customers.csv
customer,210129,923610,41.54,2.04,6,false,RECOVERED_FROM_FROZEN_ARTIFACT,renault_data_pipeline/data/renault_processed/210129/customers.csv
customer,210129,923613,48.38,18.4,9,false,RECOVERED_FROM_FROZEN_ARTIFACT,renault_data_pipeline/data/renault_processed/210129/customers.csv
customer,210129,923617,46.27,5.66,7,false,RECOVERED_FROM_FROZEN_ARTIFACT,renault_data_pipeline/data/renault_processed/210129/customers.csv
customer,210129,923681,49.44,1.9,5,false,RECOVERED_FROM_FROZEN_ARTIFACT,renault_data_pipeline/data/renault_processed/210129/customers.csv
customer,210129,1105407,46.98,3.16,7,false,RECOVERED_FROM_FROZEN_ARTIFACT,renault_data_pipeline/data/renault_processed/210129/customers.csv
customer,210129,1295500,49.22,2.13,5,false,RECOVERED_FROM_FROZEN_ARTIFACT,renault_data_pipeline/data/renault_processed/210129/customers.csv
customer,210129,1295511,50.51,2.47,7,false,RECOVERED_FROM_FROZEN_ARTIFACT,renault_data_pipeline/data/renault_processed/210129/customers.csv
customer,210129,1295540,49.22,2.13,5,false,RECOVERED_FROM_FROZEN_ARTIFACT,renault_data_pipeline/data/renault_processed/210129/customers.csv
customer,210129,1349821,49.17,5.98,7,false,RECOVERED_FROM_FROZEN_ARTIFACT,renault_data_pipeline/data/renault_processed/210129/customers.csv
customer,210129,1349826,44.89,24.84,11,false,RECOVERED_FROM_FROZEN_ARTIFACT,renault_data_pipeline/data/renault_processed/210129/customers.csv
customer,210129,1349831,33.79,-7.16,1,false,RECOVERED_FROM_FROZEN_ARTIFACT,renault_data_pipeline/data/renault_processed/210129/customers.csv
customer,210129,1607201,47.97,3.54,7,false,RECOVERED_FROM_FROZEN_ARTIFACT,renault_data_pipeline/data/renault_processed/210129/customers.csv
customer,210129,1650000,48.52,2.63,5,false,RECOVERED_FROM_FROZEN_ARTIFACT,renault_data_pipeline/data/renault_processed/210129/customers.csv
customer,210129,1689201,49.29,6.53,7,false,RECOVERED_FROM_FROZEN_ARTIFACT,renault_data_pipeline/data/renault_processed/210129/customers.csv
customer,210129,1746907,49.19,6.7,7,false,RECOVERED_FROM_FROZEN_ARTIFACT,renault_data_pipeline/data/renault_processed/210129/customers.csv
customer,210129,1834600,46.07,6.4,7,false,RECOVERED_FROM_FROZEN_ARTIFACT,renault_data_pipeline/data/renault_processed/210129/customers.csv
customer,210129,1925700,50.54,2.99,7,false,RECOVERED_FROM_FROZEN_ARTIFACT,renault_data_pipeline/data/renault_processed/210129/customers.csv
customer,210129,1925732,41.89,-5.06,2,true,RECOVERED_FROM_FROZEN_ARTIFACT,renault_data_pipeline/data/renault_processed/210129/customers.csv
customer,210129,1925734,43.53,16.49,9,false,RECOVERED_FROM_FROZEN_ARTIFACT,renault_data_pipeline/data/renault_processed/210129/customers.csv
customer,210129,1925736,41.89,-5.06,2,false,RECOVERED_FROM_FROZEN_ARTIFACT,renault_data_pipeline/data/renault_processed/210129/customers.csv
customer,210129,1960400,45.89,4.82,7,false,RECOVERED_FROM_FROZEN_ARTIFACT,renault_data_pipeline/data/renault_processed/210129/customers.csv
customer,210129,1994201,47.36,0.9,5,false,RECOVERED_FROM_FROZEN_ARTIFACT,renault_data_pipeline/data/renault_processed/210129/customers.csv
customer,210129,2096325,41.53,-8.43,2,false,RECOVERED_FROM_FROZEN_ARTIFACT,renault_data_pipeline/data/renault_processed/210129/customers.csv
customer,210129,2096396,50.94,5.49,7,false,RECOVERED_FROM_FROZEN_ARTIFACT,renault_data_pipeline/data/renault_processed/210129/customers.csv
customer,210129,2115302,50.77,7.94,8,false,RECOVERED_FROM_FROZEN_ARTIFACT,renault_data_pipeline/data/renault_processed/210129/customers.csv
customer,210129,2154104,51.53,7.08,7,false,RECOVERED_FROM_FROZEN_ARTIFACT,renault_data_pipeline/data/renault_processed/210129/customers.csv
customer,210129,2178901,48.07,10.84,8,false,RECOVERED_FROM_FROZEN_ARTIFACT,renault_data_pipeline/data/renault_processed/210129/customers.csv
customer,210129,2318606,47.14,18.42,9,false,RECOVERED_FROM_FROZEN_ARTIFACT,renault_data_pipeline/data/renault_processed/210129/customers.csv
customer,210129,2325204,50.35,7.49,7,false,RECOVERED_FROM_FROZEN_ARTIFACT,renault_data_pipeline/data/renault_processed/210129/customers.csv
customer,210129,2395801,49.87,8.79,8,false,RECOVERED_FROM_FROZEN_ARTIFACT,renault_data_pipeline/data/renault_processed/210129/customers.csv
customer,210129,2407003,45.61,9.22,7,false,RECOVERED_FROM_FROZEN_ARTIFACT,renault_data_pipeline/data/renault_processed/210129/customers.csv
customer,210129,2417604,42.73,-1.61,3,false,RECOVERED_FROM_FROZEN_ARTIFACT,renault_data_pipeline/data/renault_processed/210129/customers.csv
customer,210129,2471300,51.18,7.19,7,false,RECOVERED_FROM_FROZEN_ARTIFACT,renault_data_pipeline/data/renault_processed/210129/customers.csv
customer,210129,2477601,52.46,8.39,8,false,RECOVERED_FROM_FROZEN_ARTIFACT,renault_data_pipeline/data/renault_processed/210129/customers.csv
customer,210129,2487200,41.65,-4.73,2,false,RECOVERED_FROM_FROZEN_ARTIFACT,renault_data_pipeline/data/renault_processed/210129/customers.csv
customer,210129,2488800,42.46,-2.41,2,false,RECOVERED_FROM_FROZEN_ARTIFACT,renault_data_pipeline/data/renault_processed/210129/customers.csv
customer,210129,2488803,35.77,-5.8,1,false,RECOVERED_FROM_FROZEN_ARTIFACT,renault_data_pipeline/data/renault_processed/210129/customers.csv
customer,210129,2496900,43.17,-2.61,2,false,RECOVERED_FROM_FROZEN_ARTIFACT,renault_data_pipeline/data/renault_processed/210129/customers.csv
customer,210129,2504100,41.69,-0.97,6,false,RECOVERED_FROM_FROZEN_ARTIFACT,renault_data_pipeline/data/renault_processed/210129/customers.csv
customer,210129,2519301,42.29,-7.82,2,false,RECOVERED_FROM_FROZEN_ARTIFACT,renault_data_pipeline/data/renault_processed/210129/customers.csv
customer,210129,2519302,41.28,-4.68,2,false,RECOVERED_FROM_FROZEN_ARTIFACT,renault_data_pipeline/data/renault_processed/210129/customers.csv
customer,210129,2531500,50.82,9.01,8,false,RECOVERED_FROM_FROZEN_ARTIFACT,renault_data_pipeline/data/renault_processed/210129/customers.csv
customer,210129,2555100,43.3,-2.67,2,false,RECOVERED_FROM_FROZEN_ARTIFACT,renault_data_pipeline/data/renault_processed/210129/customers.csv
customer,210129,2555101,43.0,-1.66,2,false,RECOVERED_FROM_FROZEN_ARTIFACT,renault_data_pipeline/data/renault_processed/210129/customers.csv
customer,210129,2555108,43.2,-2.71,2,false,RECOVERED_FROM_FROZEN_ARTIFACT,renault_data_pipeline/data/renault_processed/210129/customers.csv
customer,210129,2555901,39.56,-1.93,3,false,RECOVERED_FROM_FROZEN_ARTIFACT,renault_data_pipeline/data/renault_processed/210129/customers.csv
customer,210129,2562800,40.32,-3.46,3,false,RECOVERED_FROM_FROZEN_ARTIFACT,renault_data_pipeline/data/renault_processed/210129/customers.csv
customer,210129,2567601,41.39,1.15,6,false,RECOVERED_FROM_FROZEN_ARTIFACT,renault_data_pipeline/data/renault_processed/210129/customers.csv
customer,210129,2571500,40.49,-3.41,3,true,RECOVERED_FROM_FROZEN_ARTIFACT,renault_data_pipeline/data/renault_processed/210129/customers.csv
customer,210129,2573201,40.12,-3.66,3,false,RECOVERED_FROM_FROZEN_ARTIFACT,renault_data_pipeline/data/renault_processed/210129/customers.csv
customer,210129,2573202,41.83,-4.56,2,false,RECOVERED_FROM_FROZEN_ARTIFACT,renault_data_pipeline/data/renault_processed/210129/customers.csv
customer,210129,2573203,41.96,-8.68,2,false,RECOVERED_FROM_FROZEN_ARTIFACT,renault_data_pipeline/data/renault_processed/210129/customers.csv
customer,210129,2573206,41.78,1.86,6,false,RECOVERED_FROM_FROZEN_ARTIFACT,renault_data_pipeline/data/renault_processed/210129/customers.csv
customer,210129,2573209,40.88,-8.44,2,false,RECOVERED_FROM_FROZEN_ARTIFACT,renault_data_pipeline/data/renault_processed/210129/customers.csv
customer,210129,2573210,42.13,-8.63,2,false,RECOVERED_FROM_FROZEN_ARTIFACT,renault_data_pipeline/data/renault_processed/210129/customers.csv
customer,210129,2573211,38.09,-3.66,3,false,RECOVERED_FROM_FROZEN_ARTIFACT,renault_data_pipeline/data/renault_processed/210129/customers.csv
customer,210129,2573214,47.38,18.19,9,false,RECOVERED_FROM_FROZEN_ARTIFACT,renault_data_pipeline/data/renault_processed/210129/customers.csv
customer,210129,2573221,48.73,2.73,5,false,RECOVERED_FROM_FROZEN_ARTIFACT,renault_data_pipeline/data/renault_processed/210129/customers.csv
customer,210129,2573222,48.26,0.69,5,false,RECOVERED_FROM_FROZEN_ARTIFACT,renault_data_pipeline/data/renault_processed/210129/customers.csv
customer,210129,2573223,48.29,2.21,5,false,RECOVERED_FROM_FROZEN_ARTIFACT,renault_data_pipeline/data/renault_processed/210129/customers.csv
customer,210129,2573224,49.54,0.36,5,false,RECOVERED_FROM_FROZEN_ARTIFACT,renault_data_pipeline/data/renault_processed/210129/customers.csv
customer,210129,2573225,50.06,3.14,7,false,RECOVERED_FROM_FROZEN_ARTIFACT,renault_data_pipeline/data/renault_processed/210129/customers.csv
customer,210129,2573228,41.74,-1.19,3,false,RECOVERED_FROM_FROZEN_ARTIFACT,renault_data_pipeline/data/renault_processed/210129/customers.csv
customer,210129,2576707,40.27,-3.74,3,false,RECOVERED_FROM_FROZEN_ARTIFACT,renault_data_pipeline/data/renault_processed/210129/customers.csv
customer,210129,2577101,41.78,-2.48,3,false,RECOVERED_FROM_FROZEN_ARTIFACT,renault_data_pipeline/data/renault_processed/210129/customers.csv
customer,210129,2578801,39.37,-0.43,3,false,RECOVERED_FROM_FROZEN_ARTIFACT,renault_data_pipeline/data/renault_processed/210129/customers.csv
customer,210129,2578901,42.0,-4.52,2,false,RECOVERED_FROM_FROZEN_ARTIFACT,renault_data_pipeline/data/renault_processed/210129/customers.csv
customer,210129,2579000,41.54,2.04,6,false,RECOVERED_FROM_FROZEN_ARTIFACT,renault_data_pipeline/data/renault_processed/210129/customers.csv
customer,210129,2585202,41.89,-1.71,3,false,RECOVERED_FROM_FROZEN_ARTIFACT,renault_data_pipeline/data/renault_processed/210129/customers.csv
customer,210129,2586307,42.39,-7.14,2,false,RECOVERED_FROM_FROZEN_ARTIFACT,renault_data_pipeline/data/renault_processed/210129/customers.csv
customer,210129,2588603,41.56,1.96,6,false,RECOVERED_FROM_FROZEN_ARTIFACT,renault_data_pipeline/data/renault_processed/210129/customers.csv
customer,210129,2590706,40.33,-3.74,3,false,RECOVERED_FROM_FROZEN_ARTIFACT,renault_data_pipeline/data/renault_processed/210129/customers.csv
customer,210129,2601104,40.82,-0.87,3,false,RECOVERED_FROM_FROZEN_ARTIFACT,renault_data_pipeline/data/renault_processed/210129/customers.csv
customer,210129,2621400,40.55,-3.27,3,false,RECOVERED_FROM_FROZEN_ARTIFACT,renault_data_pipeline/data/renault_processed/210129/customers.csv
customer,210129,2671602,45.2,7.89,7,false,RECOVERED_FROM_FROZEN_ARTIFACT,renault_data_pipeline/data/renault_processed/210129/customers.csv
customer,210129,2695000,44.93,7.84,7,false,RECOVERED_FROM_FROZEN_ARTIFACT,renault_data_pipeline/data/renault_processed/210129/customers.csv
customer,210129,2705012,41.62,2.25,6,false,RECOVERED_FROM_FROZEN_ARTIFACT,renault_data_pipeline/data/renault_processed/210129/customers.csv
customer,210129,2706302,40.63,-4.02,3,false,RECOVERED_FROM_FROZEN_ARTIFACT,renault_data_pipeline/data/renault_processed/210129/customers.csv
customer,210129,2744302,39.48,-8.18,2,false,RECOVERED_FROM_FROZEN_ARTIFACT,renault_data_pipeline/data/renault_processed/210129/customers.csv
customer,210129,2755800,42.56,12.6,9,false,RECOVERED_FROM_FROZEN_ARTIFACT,renault_data_pipeline/data/renault_processed/210129/customers.csv
customer,210129,2777900,43.53,16.49,9,false,RECOVERED_FROM_FROZEN_ARTIFACT,renault_data_pipeline/data/renault_processed/210129/customers.csv
customer,210129,2777901,45.81,15.88,9,false,RECOVERED_FROM_FROZEN_ARTIFACT,renault_data_pipeline/data/renault_processed/210129/customers.csv
customer,210129,2782800,41.55,1.68,6,false,RECOVERED_FROM_FROZEN_ARTIFACT,renault_data_pipeline/data/renault_processed/210129/customers.csv
customer,210129,2782804,40.1,-3.63,3,false,RECOVERED_FROM_FROZEN_ARTIFACT,renault_data_pipeline/data/renault_processed/210129/customers.csv
customer,210129,2801802,43.07,-2.51,2,false,RECOVERED_FROM_FROZEN_ARTIFACT,renault_data_pipeline/data/renault_processed/210129/customers.csv
customer,210129,2801804,43.06,-2.49,2,false,RECOVERED_FROM_FROZEN_ARTIFACT,renault_data_pipeline/data/renault_processed/210129/customers.csv
customer,210129,2809400,50.43,15.38,10,false,RECOVERED_FROM_FROZEN_ARTIFACT,renault_data_pipeline/data/renault_processed/210129/customers.csv
customer,210129,2809407,50.62,16.08,10,false,RECOVERED_FROM_FROZEN_ARTIFACT,renault_data_pipeline/data/renault_processed/210129/customers.csv
customer,210129,2809600,41.54,2.16,6,false,RECOVERED_FROM_FROZEN_ARTIFACT,renault_data_pipeline/data/renault_processed/210129/customers.csv
customer,210129,2812100,46.38,15.39,9,false,RECOVERED_FROM_FROZEN_ARTIFACT,renault_data_pipeline/data/renault_processed/210129/customers.csv
customer,210129,2814600,41.57,1.67,6,true,RECOVERED_FROM_FROZEN_ARTIFACT,renault_data_pipeline/data/renault_processed/210129/customers.csv
customer,210129,2814606,41.96,-4.49,2,false,RECOVERED_FROM_FROZEN_ARTIFACT,renault_data_pipeline/data/renault_processed/210129/customers.csv
customer,210129,2819800,47.93,10.86,8,false,RECOVERED_FROM_FROZEN_ARTIFACT,renault_data_pipeline/data/renault_processed/210129/customers.csv
customer,210129,2858600,45.09,7.42,7,false,RECOVERED_FROM_FROZEN_ARTIFACT,renault_data_pipeline/data/renault_processed/210129/customers.csv
customer,210129,2870302,51.7,-4.13,4,false,RECOVERED_FROM_FROZEN_ARTIFACT,renault_data_pipeline/data/renault_processed/210129/customers.csv
customer,210129,2877204,47.21,18.43,9,false,RECOVERED_FROM_FROZEN_ARTIFACT,renault_data_pipeline/data/renault_processed/210129/customers.csv
customer,210129,2877207,46.06,18.22,9,false,RECOVERED_FROM_FROZEN_ARTIFACT,renault_data_pipeline/data/renault_processed/210129/customers.csv
customer,210129,2878000,41.64,-0.98,6,false,RECOVERED_FROM_FROZEN_ARTIFACT,renault_data_pipeline/data/renault_processed/210129/customers.csv
customer,210129,2884100,43.16,-2.78,2,false,RECOVERED_FROM_FROZEN_ARTIFACT,renault_data_pipeline/data/renault_processed/210129/customers.csv
customer,210129,2884103,42.83,-1.6,3,false,RECOVERED_FROM_FROZEN_ARTIFACT,renault_data_pipeline/data/renault_processed/210129/customers.csv
customer,210129,2884108,43.21,-3.13,2,false,RECOVERED_FROM_FROZEN_ARTIFACT,renault_data_pipeline/data/renault_processed/210129/customers.csv
customer,210129,2888800,41.58,2.25,6,false,RECOVERED_FROM_FROZEN_ARTIFACT,renault_data_pipeline/data/renault_processed/210129/customers.csv
customer,210129,2888802,41.6,-1.27,3,false,RECOVERED_FROM_FROZEN_ARTIFACT,renault_data_pipeline/data/renault_processed/210129/customers.csv
customer,210129,2901101,41.08,-4.73,2,false,RECOVERED_FROM_FROZEN_ARTIFACT,renault_data_pipeline/data/renault_processed/210129/customers.csv
customer,210129,2901122,45.83,8.74,7,false,RECOVERED_FROM_FROZEN_ARTIFACT,renault_data_pipeline/data/renault_processed/210129/customers.csv
customer,210129,2909102,41.32,2.14,6,false,RECOVERED_FROM_FROZEN_ARTIFACT,renault_data_pipeline/data/renault_processed/210129/customers.csv
customer,210129,2926700,44.72,10.56,8,false,RECOVERED_FROM_FROZEN_ARTIFACT,renault_data_pipeline/data/renault_processed/210129/customers.csv
customer,210129,2928900,42.2,-8.76,2,false,RECOVERED_FROM_FROZEN_ARTIFACT,renault_data_pipeline/data/renault_processed/210129/customers.csv
customer,210129,2971803,49.98,19.83,10,false,RECOVERED_FROM_FROZEN_ARTIFACT,renault_data_pipeline/data/renault_processed/210129/customers.csv
customer,210129,3043100,48.15,7.55,7,false,RECOVERED_FROM_FROZEN_ARTIFACT,renault_data_pipeline/data/renault_processed/210129/customers.csv
customer,210129,3043102,49.6,5.08,7,false,RECOVERED_FROM_FROZEN_ARTIFACT,renault_data_pipeline/data/renault_processed/210129/customers.csv
customer,210129,3043109,50.1,11.38,8,true,RECOVERED_FROM_FROZEN_ARTIFACT,renault_data_pipeline/data/renault_processed/210129/customers.csv
customer,210129,3161400,47.29,5.02,7,false,RECOVERED_FROM_FROZEN_ARTIFACT,renault_data_pipeline/data/renault_processed/210129/customers.csv
customer,210129,3300400,46.36,2.6,5,false,RECOVERED_FROM_FROZEN_ARTIFACT,renault_data_pipeline/data/renault_processed/210129/customers.csv
customer,210129,3385400,46.06,6.57,7,false,RECOVERED_FROM_FROZEN_ARTIFACT,renault_data_pipeline/data/renault_processed/210129/customers.csv
customer,210129,3699203,49.87,2.53,7,false,RECOVERED_FROM_FROZEN_ARTIFACT,renault_data_pipeline/data/renault_processed/210129/customers.csv
customer,210129,3699209,40.1,-3.63,3,false,RECOVERED_FROM_FROZEN_ARTIFACT,renault_data_pipeline/data/renault_processed/210129/customers.csv
customer,210129,3699213,50.49,3.0,7,false,RECOVERED_FROM_FROZEN_ARTIFACT,renault_data_pipeline/data/renault_processed/210129/customers.csv
customer,210129,3699223,47.77,-0.27,5,false,RECOVERED_FROM_FROZEN_ARTIFACT,renault_data_pipeline/data/renault_processed/210129/customers.csv
customer,210129,3782011,49.95,3.47,7,false,RECOVERED_FROM_FROZEN_ARTIFACT,renault_data_pipeline/data/renault_processed/210129/customers.csv
customer,210129,5083600,49.99,1.88,5,false,RECOVERED_FROM_FROZEN_ARTIFACT,renault_data_pipeline/data/renault_processed/210129/customers.csv
customer,210129,5134300,47.65,-2.09,5,false,RECOVERED_FROM_FROZEN_ARTIFACT,renault_data_pipeline/data/renault_processed/210129/customers.csv
customer,210129,5315103,48.31,-0.06,5,false,RECOVERED_FROM_FROZEN_ARTIFACT,renault_data_pipeline/data/renault_processed/210129/customers.csv
customer,210129,5345308,54.76,-1.36,4,false,RECOVERED_FROM_FROZEN_ARTIFACT,renault_data_pipeline/data/renault_processed/210129/customers.csv
customer,210129,5345312,51.59,5.03,7,false,RECOVERED_FROM_FROZEN_ARTIFACT,renault_data_pipeline/data/renault_processed/210129/customers.csv
customer,210129,5594513,49.77,1.98,5,false,RECOVERED_FROM_FROZEN_ARTIFACT,renault_data_pipeline/data/renault_processed/210129/customers.csv
customer,210129,5706100,47.65,7.01,7,false,RECOVERED_FROM_FROZEN_ARTIFACT,renault_data_pipeline/data/renault_processed/210129/customers.csv
customer,210129,5898201,47.21,5.9,7,false,RECOVERED_FROM_FROZEN_ARTIFACT,renault_data_pipeline/data/renault_processed/210129/customers.csv
customer,210129,5915200,45.82,4.99,7,false,RECOVERED_FROM_FROZEN_ARTIFACT,renault_data_pipeline/data/renault_processed/210129/customers.csv
customer,210129,5932502,49.3,6.12,7,false,RECOVERED_FROM_FROZEN_ARTIFACT,renault_data_pipeline/data/renault_processed/210129/customers.csv
customer,210129,5965102,46.19,5.81,7,false,RECOVERED_FROM_FROZEN_ARTIFACT,renault_data_pipeline/data/renault_processed/210129/customers.csv
customer,210129,5965103,44.03,4.98,6,false,RECOVERED_FROM_FROZEN_ARTIFACT,renault_data_pipeline/data/renault_processed/210129/customers.csv
customer,210129,5965105,47.8,7.14,7,false,RECOVERED_FROM_FROZEN_ARTIFACT,renault_data_pipeline/data/renault_processed/210129/customers.csv
customer,210129,5965113,49.49,1.73,5,false,RECOVERED_FROM_FROZEN_ARTIFACT,renault_data_pipeline/data/renault_processed/210129/customers.csv
customer,210129,5965114,45.33,5.05,7,false,RECOVERED_FROM_FROZEN_ARTIFACT,renault_data_pipeline/data/renault_processed/210129/customers.csv
customer,210129,5965115,49.77,2.92,7,false,RECOVERED_FROM_FROZEN_ARTIFACT,renault_data_pipeline/data/renault_processed/210129/customers.csv
customer,210129,5965120,44.03,4.98,6,false,RECOVERED_FROM_FROZEN_ARTIFACT,renault_data_pipeline/data/renault_processed/210129/customers.csv
customer,210129,6002303,49.57,3.02,7,false,RECOVERED_FROM_FROZEN_ARTIFACT,renault_data_pipeline/data/renault_processed/210129/customers.csv
customer,210129,6193200,49.41,2.8,7,false,RECOVERED_FROM_FROZEN_ARTIFACT,renault_data_pipeline/data/renault_processed/210129/customers.csv
customer,210129,6193205,47.76,7.3,7,false,RECOVERED_FROM_FROZEN_ARTIFACT,renault_data_pipeline/data/renault_processed/210129/customers.csv
customer,210129,6234902,50.4,1.96,5,false,RECOVERED_FROM_FROZEN_ARTIFACT,renault_data_pipeline/data/renault_processed/210129/customers.csv
customer,210129,6353501,49.65,3.29,7,false,RECOVERED_FROM_FROZEN_ARTIFACT,renault_data_pipeline/data/renault_processed/210129/customers.csv
customer,210129,6487400,43.56,1.39,6,false,RECOVERED_FROM_FROZEN_ARTIFACT,renault_data_pipeline/data/renault_processed/210129/customers.csv
customer,210129,6665200,48.46,2.15,5,false,RECOVERED_FROM_FROZEN_ARTIFACT,renault_data_pipeline/data/renault_processed/210129/customers.csv
customer,210129,6665215,47.85,2.74,5,false,RECOVERED_FROM_FROZEN_ARTIFACT,renault_data_pipeline/data/renault_processed/210129/customers.csv
customer,210129,6681302,48.82,6.72,7,false,RECOVERED_FROM_FROZEN_ARTIFACT,renault_data_pipeline/data/renault_processed/210129/customers.csv
customer,210129,6701102,49.27,4.01,7,false,RECOVERED_FROM_FROZEN_ARTIFACT,renault_data_pipeline/data/renault_processed/210129/customers.csv
customer,210129,6701103,48.08,-0.75,5,false,RECOVERED_FROM_FROZEN_ARTIFACT,renault_data_pipeline/data/renault_processed/210129/customers.csv
customer,210129,7204717,50.52,2.83,7,false,RECOVERED_FROM_FROZEN_ARTIFACT,renault_data_pipeline/data/renault_processed/210129/customers.csv
customer,210129,7235904,48.82,4.98,7,true,RECOVERED_FROM_FROZEN_ARTIFACT,renault_data_pipeline/data/renault_processed/210129/customers.csv
customer,210129,7235905,48.4,5.16,7,false,RECOVERED_FROM_FROZEN_ARTIFACT,renault_data_pipeline/data/renault_processed/210129/customers.csv
customer,210129,7235980,50.36,3.1,7,false,RECOVERED_FROM_FROZEN_ARTIFACT,renault_data_pipeline/data/renault_processed/210129/customers.csv
customer,210129,7421817,43.49,2.43,6,false,RECOVERED_FROM_FROZEN_ARTIFACT,renault_data_pipeline/data/renault_processed/210129/customers.csv
customer,210129,7511601,50.28,3.91,7,false,RECOVERED_FROM_FROZEN_ARTIFACT,renault_data_pipeline/data/renault_processed/210129/customers.csv
customer,210129,7562700,48.98,2.64,5,false,RECOVERED_FROM_FROZEN_ARTIFACT,renault_data_pipeline/data/renault_processed/210129/customers.csv
customer,210129,7562710,48.97,2.91,7,false,RECOVERED_FROM_FROZEN_ARTIFACT,renault_data_pipeline/data/renault_processed/210129/customers.csv
customer,210129,7684113,48.15,8.64,7,false,RECOVERED_FROM_FROZEN_ARTIFACT,renault_data_pipeline/data/renault_processed/210129/customers.csv
customer,210129,7684118,45.81,21.19,11,false,RECOVERED_FROM_FROZEN_ARTIFACT,renault_data_pipeline/data/renault_processed/210129/customers.csv
customer,210129,7768904,48.82,6.72,7,false,RECOVERED_FROM_FROZEN_ARTIFACT,renault_data_pipeline/data/renault_processed/210129/customers.csv
customer,210129,7823700,46.19,6.26,7,false,RECOVERED_FROM_FROZEN_ARTIFACT,renault_data_pipeline/data/renault_processed/210129/customers.csv
customer,210129,7908401,46.54,5.39,7,false,RECOVERED_FROM_FROZEN_ARTIFACT,renault_data_pipeline/data/renault_processed/210129/customers.csv
customer,210129,7908402,45.31,3.37,5,false,RECOVERED_FROM_FROZEN_ARTIFACT,renault_data_pipeline/data/renault_processed/210129/customers.csv
customer,210129,7908404,47.23,5.97,7,false,RECOVERED_FROM_FROZEN_ARTIFACT,renault_data_pipeline/data/renault_processed/210129/customers.csv
customer,210129,7908406,47.52,6.86,7,false,RECOVERED_FROM_FROZEN_ARTIFACT,renault_data_pipeline/data/renault_processed/210129/customers.csv
customer,210129,7908407,48.78,0.29,5,false,RECOVERED_FROM_FROZEN_ARTIFACT,renault_data_pipeline/data/renault_processed/210129/customers.csv
customer,210129,7908409,49.14,0.45,5,false,RECOVERED_FROM_FROZEN_ARTIFACT,renault_data_pipeline/data/renault_processed/210129/customers.csv
customer,210129,7960504,50.25,3.9,7,false,RECOVERED_FROM_FROZEN_ARTIFACT,renault_data_pipeline/data/renault_processed/210129/customers.csv
customer,210129,8010005,50.41,3.06,7,false,RECOVERED_FROM_FROZEN_ARTIFACT,renault_data_pipeline/data/renault_processed/210129/customers.csv
customer,210129,8010011,45.27,4.8,7,false,RECOVERED_FROM_FROZEN_ARTIFACT,renault_data_pipeline/data/renault_processed/210129/customers.csv
customer,210129,8225005,48.72,4.61,7,false,RECOVERED_FROM_FROZEN_ARTIFACT,renault_data_pipeline/data/renault_processed/210129/customers.csv
customer,210129,9500103,45.59,5.89,7,false,RECOVERED_FROM_FROZEN_ARTIFACT,renault_data_pipeline/data/renault_processed/210129/customers.csv
customer,210129,9500111,45.79,24.08,11,false,RECOVERED_FROM_FROZEN_ARTIFACT,renault_data_pipeline/data/renault_processed/210129/customers.csv
customer,210129,9500320,43.41,3.71,6,false,RECOVERED_FROM_FROZEN_ARTIFACT,renault_data_pipeline/data/renault_processed/210129/customers.csv
customer,210129,9500407,47.78,-3.33,5,false,RECOVERED_FROM_FROZEN_ARTIFACT,renault_data_pipeline/data/renault_processed/210129/customers.csv
customer,210129,9500605,47.61,1.3,5,false,RECOVERED_FROM_FROZEN_ARTIFACT,renault_data_pipeline/data/renault_processed/210129/customers.csv
customer,210129,9516300,40.67,-8.61,2,false,RECOVERED_FROM_FROZEN_ARTIFACT,renault_data_pipeline/data/renault_processed/210129/customers.csv
customer,210129,9639103,45.79,24.08,11,false,RECOVERED_FROM_FROZEN_ARTIFACT,renault_data_pipeline/data/renault_processed/210129/customers.csv
customer,210129,11106007,44.87,24.86,11,false,RECOVERED_FROM_FROZEN_ARTIFACT,renault_data_pipeline/data/renault_processed/210129/customers.csv
customer,210129,11106019,44.87,24.86,11,false,RECOVERED_FROM_FROZEN_ARTIFACT,renault_data_pipeline/data/renault_processed/210129/customers.csv
customer,210129,11106024,44.87,24.86,11,false,RECOVERED_FROM_FROZEN_ARTIFACT,renault_data_pipeline/data/renault_processed/210129/customers.csv
customer,210129,11152708,50.28,3.91,7,false,RECOVERED_FROM_FROZEN_ARTIFACT,renault_data_pipeline/data/renault_processed/210129/customers.csv
customer,210129,11152711,41.94,-4.49,2,false,RECOVERED_FROM_FROZEN_ARTIFACT,renault_data_pipeline/data/renault_processed/210129/customers.csv
customer,210129,11152719,41.6,-4.7,2,false,RECOVERED_FROM_FROZEN_ARTIFACT,renault_data_pipeline/data/renault_processed/210129/customers.csv
customer,210129,11262402,41.3,2.02,6,false,RECOVERED_FROM_FROZEN_ARTIFACT,renault_data_pipeline/data/renault_processed/210129/customers.csv
customer,210129,11419800,41.22,1.74,6,false,RECOVERED_FROM_FROZEN_ARTIFACT,renault_data_pipeline/data/renault_processed/210129/customers.csv
customer,210129,11425601,50.32,18.61,10,false,RECOVERED_FROM_FROZEN_ARTIFACT,renault_data_pipeline/data/renault_processed/210129/customers.csv
customer,210129,11498900,43.1,-2.38,2,false,RECOVERED_FROM_FROZEN_ARTIFACT,renault_data_pipeline/data/renault_processed/210129/customers.csv
customer,210129,11509701,49.68,19.17,10,false,RECOVERED_FROM_FROZEN_ARTIFACT,renault_data_pipeline/data/renault_processed/210129/customers.csv
customer,210129,11509705,49.83,18.97,10,true,RECOVERED_FROM_FROZEN_ARTIFACT,renault_data_pipeline/data/renault_processed/210129/customers.csv
customer,210129,11523703,46.56,23.85,11,false,RECOVERED_FROM_FROZEN_ARTIFACT,renault_data_pipeline/data/renault_processed/210129/customers.csv
customer,210129,11597100,44.85,24.87,11,false,RECOVERED_FROM_FROZEN_ARTIFACT,renault_data_pipeline/data/renault_processed/210129/customers.csv
customer,210129,11597102,44.85,24.87,11,false,RECOVERED_FROM_FROZEN_ARTIFACT,renault_data_pipeline/data/renault_processed/210129/customers.csv
customer,210129,11618300,41.89,-1.71,3,false,RECOVERED_FROM_FROZEN_ARTIFACT,renault_data_pipeline/data/renault_processed/210129/customers.csv
customer,210129,11677000,44.86,24.86,11,false,RECOVERED_FROM_FROZEN_ARTIFACT,renault_data_pipeline/data/renault_processed/210129/customers.csv
customer,210129,11677001,44.78,25.05,11,false,RECOVERED_FROM_FROZEN_ARTIFACT,renault_data_pipeline/data/renault_processed/210129/customers.csv
customer,210129,11711300,43.14,-2.6,2,false,RECOVERED_FROM_FROZEN_ARTIFACT,renault_data_pipeline/data/renault_processed/210129/customers.csv
customer,210129,11723200,54.91,-1.51,4,false,RECOVERED_FROM_FROZEN_ARTIFACT,renault_data_pipeline/data/renault_processed/210129/customers.csv
customer,210129,11740101,41.54,-4.66,2,false,RECOVERED_FROM_FROZEN_ARTIFACT,renault_data_pipeline/data/renault_processed/210129/customers.csv
customer,210129,11780001,51.63,-3.23,4,false,RECOVERED_FROM_FROZEN_ARTIFACT,renault_data_pipeline/data/renault_processed/210129/customers.csv
customer,210129,11780500,50.81,16.32,10,false,RECOVERED_FROM_FROZEN_ARTIFACT,renault_data_pipeline/data/renault_processed/210129/customers.csv
customer,210129,11780502,50.8,16.29,10,false,RECOVERED_FROM_FROZEN_ARTIFACT,renault_data_pipeline/data/renault_processed/210129/customers.csv
customer,210129,11780700,44.95,24.93,11,false,RECOVERED_FROM_FROZEN_ARTIFACT,renault_data_pipeline/data/renault_processed/210129/customers.csv
customer,210129,11880500,39.26,-7.43,2,false,RECOVERED_FROM_FROZEN_ARTIFACT,renault_data_pipeline/data/renault_processed/210129/customers.csv
customer,210129,11891801,50.1,19.26,10,false,RECOVERED_FROM_FROZEN_ARTIFACT,renault_data_pipeline/data/renault_processed/210129/customers.csv
customer,210129,11895401,49.83,7.68,7,false,RECOVERED_FROM_FROZEN_ARTIFACT,renault_data_pipeline/data/renault_processed/210129/customers.csv
customer,210129,11895402,52.98,11.16,8,false,RECOVERED_FROM_FROZEN_ARTIFACT,renault_data_pipeline/data/renault_processed/210129/customers.csv
customer,210129,12008400,42.11,-8.62,2,false,RECOVERED_FROM_FROZEN_ARTIFACT,renault_data_pipeline/data/renault_processed/210129/customers.csv
customer,210129,12036001,41.62,-4.71,2,false,RECOVERED_FROM_FROZEN_ARTIFACT,renault_data_pipeline/data/renault_processed/210129/customers.csv
customer,210129,12036002,41.62,-4.71,2,false,RECOVERED_FROM_FROZEN_ARTIFACT,renault_data_pipeline/data/renault_processed/210129/customers.csv
customer,210129,12080401,44.84,24.99,11,false,RECOVERED_FROM_FROZEN_ARTIFACT,renault_data_pipeline/data/renault_processed/210129/customers.csv
customer,210129,21185900,49.91,4.13,7,false,RECOVERED_FROM_FROZEN_ARTIFACT,renault_data_pipeline/data/renault_processed/210129/customers.csv
customer,210129,21323400,46.27,5.66,7,false,RECOVERED_FROM_FROZEN_ARTIFACT,renault_data_pipeline/data/renault_processed/210129/customers.csv
customer,210129,21346002,47.4,19.73,9,false,RECOVERED_FROM_FROZEN_ARTIFACT,renault_data_pipeline/data/renault_processed/210129/customers.csv
customer,210129,21448500,50.36,3.53,7,false,RECOVERED_FROM_FROZEN_ARTIFACT,renault_data_pipeline/data/renault_processed/210129/customers.csv
customer,210129,21506700,48.05,-0.8,5,false,RECOVERED_FROM_FROZEN_ARTIFACT,renault_data_pipeline/data/renault_processed/210129/customers.csv
customer,210129,21549000,49.47,0.3,5,false,RECOVERED_FROM_FROZEN_ARTIFACT,renault_data_pipeline/data/renault_processed/210129/customers.csv
customer,210129,21660800,47.92,6.66,7,false,RECOVERED_FROM_FROZEN_ARTIFACT,renault_data_pipeline/data/renault_processed/210129/customers.csv
customer,210129,21792905,40.88,-8.63,2,false,RECOVERED_FROM_FROZEN_ARTIFACT,renault_data_pipeline/data/renault_processed/210129/customers.csv
customer,210129,21798202,48.1,-0.73,5,false,RECOVERED_FROM_FROZEN_ARTIFACT,renault_data_pipeline/data/renault_processed/210129/customers.csv
customer,210129,21865308,50.36,3.03,7,false,RECOVERED_FROM_FROZEN_ARTIFACT,renault_data_pipeline/data/renault_processed/210129/customers.csv
customer,210129,21865316,44.54,25.22,11,false,RECOVERED_FROM_FROZEN_ARTIFACT,renault_data_pipeline/data/renault_processed/210129/customers.csv
customer,210129,22040200,49.27,1.79,5,false,RECOVERED_FROM_FROZEN_ARTIFACT,renault_data_pipeline/data/renault_processed/210129/customers.csv
customer,210129,22060301,49.21,6.21,7,false,RECOVERED_FROM_FROZEN_ARTIFACT,renault_data_pipeline/data/renault_processed/210129/customers.csv
customer,210129,22086204,45.47,4.44,7,false,RECOVERED_FROM_FROZEN_ARTIFACT,renault_data_pipeline/data/renault_processed/210129/customers.csv
customer,210129,22091301,50.31,2.95,7,false,RECOVERED_FROM_FROZEN_ARTIFACT,renault_data_pipeline/data/renault_processed/210129/customers.csv
customer,210129,22102700,48.11,2.36,5,false,RECOVERED_FROM_FROZEN_ARTIFACT,renault_data_pipeline/data/renault_processed/210129/customers.csv
customer,210129,23207003,44.44,26.0,11,false,RECOVERED_FROM_FROZEN_ARTIFACT,renault_data_pipeline/data/renault_processed/210129/customers.csv
customer,210129,23235902,44.66,25.56,11,false,RECOVERED_FROM_FROZEN_ARTIFACT,renault_data_pipeline/data/renault_processed/210129/customers.csv
customer,210129,23342502,44.97,24.93,11,true,RECOVERED_FROM_FROZEN_ARTIFACT,renault_data_pipeline/data/renault_processed/210129/customers.csv
customer,210129,23358607,48.78,8.1,7,false,RECOVERED_FROM_FROZEN_ARTIFACT,renault_data_pipeline/data/renault_processed/210129/customers.csv
customer,210129,23376100,42.28,-7.83,2,false,RECOVERED_FROM_FROZEN_ARTIFACT,renault_data_pipeline/data/renault_processed/210129/customers.csv
customer,210129,23559602,49.83,19.07,10,false,RECOVERED_FROM_FROZEN_ARTIFACT,renault_data_pipeline/data/renault_processed/210129/customers.csv
customer,210129,23559700,53.07,-1.25,4,false,RECOVERED_FROM_FROZEN_ARTIFACT,renault_data_pipeline/data/renault_processed/210129/customers.csv
customer,210129,23623000,46.05,8.92,7,false,RECOVERED_FROM_FROZEN_ARTIFACT,renault_data_pipeline/data/renault_processed/210129/customers.csv
customer,210129,23641200,48.6,-0.37,5,false,RECOVERED_FROM_FROZEN_ARTIFACT,renault_data_pipeline/data/renault_processed/210129/customers.csv
customer,210129,23697100,42.89,-2.16,2,false,RECOVERED_FROM_FROZEN_ARTIFACT,renault_data_pipeline/data/renault_processed/210129/customers.csv
customer,210129,23779500,38.62,-0.59,3,false,RECOVERED_FROM_FROZEN_ARTIFACT,renault_data_pipeline/data/renault_processed/210129/customers.csv
customer,210129,23850600,48.9,1.4,5,false,RECOVERED_FROM_FROZEN_ARTIFACT,renault_data_pipeline/data/renault_processed/210129/customers.csv
customer,210129,23889418,49.3,20.66,10,false,RECOVERED_FROM_FROZEN_ARTIFACT,renault_data_pipeline/data/renault_processed/210129/customers.csv
customer,210129,23927003,44.88,24.85,11,false,RECOVERED_FROM_FROZEN_ARTIFACT,renault_data_pipeline/data/renault_processed/210129/customers.csv
customer,210129,23934607,49.98,19.83,10,false,RECOVERED_FROM_FROZEN_ARTIFACT,renault_data_pipeline/data/renault_processed/210129/customers.csv
customer,210129,23961600,46.17,21.27,11,false,RECOVERED_FROM_FROZEN_ARTIFACT,renault_data_pipeline/data/renault_processed/210129/customers.csv
customer,210129,23989200,48.96,2.48,5,false,RECOVERED_FROM_FROZEN_ARTIFACT,renault_data_pipeline/data/renault_processed/210129/customers.csv
customer,210129,24099000,49.33,14.11,8,false,RECOVERED_FROM_FROZEN_ARTIFACT,renault_data_pipeline/data/renault_processed/210129/customers.csv
customer,210129,24099001,48.97,16.52,9,false,RECOVERED_FROM_FROZEN_ARTIFACT,renault_data_pipeline/data/renault_processed/210129/customers.csv
customer,210129,24123500,47.21,18.43,9,false,RECOVERED_FROM_FROZEN_ARTIFACT,renault_data_pipeline/data/renault_processed/210129/customers.csv
customer,210129,24149200,51.07,5.16,7,false,RECOVERED_FROM_FROZEN_ARTIFACT,renault_data_pipeline/data/renault_processed/210129/customers.csv
customer,210129,24267400,49.23,19.3,10,false,RECOVERED_FROM_FROZEN_ARTIFACT,renault_data_pipeline/data/renault_processed/210129/customers.csv
customer,210129,24267502,41.75,-8.83,2,false,RECOVERED_FROM_FROZEN_ARTIFACT,renault_data_pipeline/data/renault_processed/210129/customers.csv
customer,210129,24303001,42.0,-4.51,2,false,RECOVERED_FROM_FROZEN_ARTIFACT,renault_data_pipeline/data/renault_processed/210129/customers.csv
customer,210129,24351800,41.94,-4.48,2,false,RECOVERED_FROM_FROZEN_ARTIFACT,renault_data_pipeline/data/renault_processed/210129/customers.csv
customer,210129,24405104,48.68,21.23,10,false,RECOVERED_FROM_FROZEN_ARTIFACT,renault_data_pipeline/data/renault_processed/210129/customers.csv
customer,210129,24412300,45.64,4.25,7,false,RECOVERED_FROM_FROZEN_ARTIFACT,renault_data_pipeline/data/renault_processed/210129/customers.csv
customer,210129,24421501,45.92,14.89,9,false,RECOVERED_FROM_FROZEN_ARTIFACT,renault_data_pipeline/data/renault_processed/210129/customers.csv
customer,210129,24700300,45.8,15.18,9,false,RECOVERED_FROM_FROZEN_ARTIFACT,renault_data_pipeline/data/renault_processed/210129/customers.csv
customer,210129,24700302,45.68,15.28,9,false,RECOVERED_FROM_FROZEN_ARTIFACT,renault_data_pipeline/data/renault_processed/210129/customers.csv
customer,210129,24935704,45.79,21.32,11,false,RECOVERED_FROM_FROZEN_ARTIFACT,renault_data_pipeline/data/renault_processed/210129/customers.csv
customer,210129,24936101,49.6,18.17,10,false,RECOVERED_FROM_FROZEN_ARTIFACT,renault_data_pipeline/data/renault_processed/210129/customers.csv
customer,210129,24975302,45.73,21.16,11,false,RECOVERED_FROM_FROZEN_ARTIFACT,renault_data_pipeline/data/renault_processed/210129/customers.csv
customer,210129,24979000,49.1,6.87,7,false,RECOVERED_FROM_FROZEN_ARTIFACT,renault_data_pipeline/data/renault_processed/210129/customers.csv
customer,210129,24979100,50.02,15.68,10,false,RECOVERED_FROM_FROZEN_ARTIFACT,renault_data_pipeline/data/renault_processed/210129/customers.csv
customer,210129,24989703,44.8,24.95,11,false,RECOVERED_FROM_FROZEN_ARTIFACT,renault_data_pipeline/data/renault_processed/210129/customers.csv
customer,210129,25047601,45.29,25.06,11,false,RECOVERED_FROM_FROZEN_ARTIFACT,renault_data_pipeline/data/renault_processed/210129/customers.csv
customer,210129,25047700,49.74,13.6,8,false,RECOVERED_FROM_FROZEN_ARTIFACT,renault_data_pipeline/data/renault_processed/210129/customers.csv
customer,210129,25050301,48.59,19.1,9,false,RECOVERED_FROM_FROZEN_ARTIFACT,renault_data_pipeline/data/renault_processed/210129/customers.csv
customer,210129,25125900,41.17,-8.44,2,false,RECOVERED_FROM_FROZEN_ARTIFACT,renault_data_pipeline/data/renault_processed/210129/customers.csv
customer,210129,25258200,47.73,22.87,11,false,RECOVERED_FROM_FROZEN_ARTIFACT,renault_data_pipeline/data/renault_processed/210129/customers.csv
customer,210129,25314702,47.38,-1.1,5,false,RECOVERED_FROM_FROZEN_ARTIFACT,renault_data_pipeline/data/renault_processed/210129/customers.csv
customer,210129,25315000,33.6,-7.58,1,false,RECOVERED_FROM_FROZEN_ARTIFACT,renault_data_pipeline/data/renault_processed/210129/customers.csv
customer,210129,25348700,41.82,-6.72,2,false,RECOVERED_FROM_FROZEN_ARTIFACT,renault_data_pipeline/data/renault_processed/210129/customers.csv
customer,210129,25361700,41.97,-8.69,2,false,RECOVERED_FROM_FROZEN_ARTIFACT,renault_data_pipeline/data/renault_processed/210129/customers.csv
customer,210129,25426800,50.24,15.79,10,false,RECOVERED_FROM_FROZEN_ARTIFACT,renault_data_pipeline/data/renault_processed/210129/customers.csv
customer,210129,25426900,50.37,19.78,10,false,RECOVERED_FROM_FROZEN_ARTIFACT,renault_data_pipeline/data/renault_processed/210129/customers.csv
customer,210129,25432700,51.78,-4.03,4,false,RECOVERED_FROM_FROZEN_ARTIFACT,renault_data_pipeline/data/renault_processed/210129/customers.csv
customer,210129,25444700,47.55,9.73,8,false,RECOVERED_FROM_FROZEN_ARTIFACT,renault_data_pipeline/data/renault_processed/210129/customers.csv
customer,210129,25531901,47.11,23.9,11,false,RECOVERED_FROM_FROZEN_ARTIFACT,renault_data_pipeline/data/renault_processed/210129/customers.csv
customer,210129,25734400,44.87,7.73,7,false,RECOVERED_FROM_FROZEN_ARTIFACT,renault_data_pipeline/data/renault_processed/210129/customers.csv
customer,210129,25734401,48.12,2.19,5,false,RECOVERED_FROM_FROZEN_ARTIFACT,renault_data_pipeline/data/renault_processed/210129/customers.csv
customer,210129,25746700,48.36,17.57,9,false,RECOVERED_FROM_FROZEN_ARTIFACT,renault_data_pipeline/data/renault_processed/210129/customers.csv
customer,210129,25756803,49.16,16.7,9,false,RECOVERED_FROM_FROZEN_ARTIFACT,renault_data_pipeline/data/renault_processed/210129/customers.csv
customer,210129,25767300,42.11,-8.63,2,false,RECOVERED_FROM_FROZEN_ARTIFACT,renault_data_pipeline/data/renault_processed/210129/customers.csv
customer,210129,25767302,42.03,-8.64,2,false,RECOVERED_FROM_FROZEN_ARTIFACT,renault_data_pipeline/data/renault_processed/210129/customers.csv
customer,210129,25769300,43.28,-5.82,2,false,RECOVERED_FROM_FROZEN_ARTIFACT,renault_data_pipeline/data/renault_processed/210129/customers.csv
customer,210129,25860700,47.26,-1.5,5,false,RECOVERED_FROM_FROZEN_ARTIFACT,renault_data_pipeline/data/renault_processed/210129/customers.csv
customer,210129,25869802,45.39,6.27,7,false,RECOVERED_FROM_FROZEN_ARTIFACT,renault_data_pipeline/data/renault_processed/210129/customers.csv
customer,210129,25915001,45.65,25.52,11,false,RECOVERED_FROM_FROZEN_ARTIFACT,renault_data_pipeline/data/renault_processed/210129/customers.csv
customer,210129,25929600,41.85,-1.94,3,false,RECOVERED_FROM_FROZEN_ARTIFACT,renault_data_pipeline/data/renault_processed/210129/customers.csv
customer,210129,25958400,44.94,25.95,11,false,RECOVERED_FROM_FROZEN_ARTIFACT,renault_data_pipeline/data/renault_processed/210129/customers.csv
customer,210129,26064702,49.46,17.13,10,false,RECOVERED_FROM_FROZEN_ARTIFACT,renault_data_pipeline/data/renault_processed/210129/customers.csv
customer,210129,26188600,49.29,4.03,7,false,RECOVERED_FROM_FROZEN_ARTIFACT,renault_data_pipeline/data/renault_processed/210129/customers.csv
customer,210129,26212000,44.95,24.93,11,false,RECOVERED_FROM_FROZEN_ARTIFACT,renault_data_pipeline/data/renault_processed/210129/customers.csv
customer,210129,26218801,50.67,13.98,8,false,RECOVERED_FROM_FROZEN_ARTIFACT,renault_data_pipeline/data/renault_processed/210129/customers.csv
customer,210129,26218804,50.68,13.96,8,false,RECOVERED_FROM_FROZEN_ARTIFACT,renault_data_pipeline/data/renault_processed/210129/customers.csv
customer,210129,26242400,46.88,19.62,9,false,RECOVERED_FROM_FROZEN_ARTIFACT,renault_data_pipeline/data/renault_processed/210129/customers.csv
customer,210129,26254901,50.74,11.87,8,false,RECOVERED_FROM_FROZEN_ARTIFACT,renault_data_pipeline/data/renault_processed/210129/customers.csv
customer,210129,26310500,49.23,19.3,10,false,RECOVERED_FROM_FROZEN_ARTIFACT,renault_data_pipeline/data/renault_processed/210129/customers.csv
customer,210129,26367200,47.86,17.78,9,true,RECOVERED_FROM_FROZEN_ARTIFACT,renault_data_pipeline/data/renault_processed/210129/customers.csv
customer,210129,26367401,48.19,18.61,9,false,RECOVERED_FROM_FROZEN_ARTIFACT,renault_data_pipeline/data/renault_processed/210129/customers.csv
customer,210129,26372000,48.04,19.8,9,false,RECOVERED_FROM_FROZEN_ARTIFACT,renault_data_pipeline/data/renault_processed/210129/customers.csv
customer,210129,26404400,44.97,24.91,11,false,RECOVERED_FROM_FROZEN_ARTIFACT,renault_data_pipeline/data/renault_processed/210129/customers.csv
customer,210129,26404500,47.51,6.86,7,false,RECOVERED_FROM_FROZEN_ARTIFACT,renault_data_pipeline/data/renault_processed/210129/customers.csv
customer,210129,26447800,44.66,25.55,11,false,RECOVERED_FROM_FROZEN_ARTIFACT,renault_data_pipeline/data/renault_processed/210129/customers.csv
customer,210129,26475101,49.16,5.9,7,false,RECOVERED_FROM_FROZEN_ARTIFACT,renault_data_pipeline/data/renault_processed/210129/customers.csv
customer,210129,26522500,46.21,21.26,11,false,RECOVERED_FROM_FROZEN_ARTIFACT,renault_data_pipeline/data/renault_processed/210129/customers.csv
customer,210129,26540200,45.81,21.19,11,false,RECOVERED_FROM_FROZEN_ARTIFACT,renault_data_pipeline/data/renault_processed/210129/customers.csv
customer,210129,26551501,45.3,25.06,11,false,RECOVERED_FROM_FROZEN_ARTIFACT,renault_data_pipeline/data/renault_processed/210129/customers.csv
customer,210129,26610800,49.16,1.35,5,false,RECOVERED_FROM_FROZEN_ARTIFACT,renault_data_pipeline/data/renault_processed/210129/customers.csv
customer,210129,26815301,48.03,17.32,9,false,RECOVERED_FROM_FROZEN_ARTIFACT,renault_data_pipeline/data/renault_processed/210129/customers.csv
customer,210129,26921304,47.71,7.84,7,false,RECOVERED_FROM_FROZEN_ARTIFACT,renault_data_pipeline/data/renault_processed/210129/customers.csv
customer,210129,26976701,48.55,21.24,10,false,RECOVERED_FROM_FROZEN_ARTIFACT,renault_data_pipeline/data/renault_processed/210129/customers.csv
customer,210129,26992000,51.45,-0.89,4,false,RECOVERED_FROM_FROZEN_ARTIFACT,renault_data_pipeline/data/renault_processed/210129/customers.csv
customer,210129,27029800,50.27,3.33,7,false,RECOVERED_FROM_FROZEN_ARTIFACT,renault_data_pipeline/data/renault_processed/210129/customers.csv
customer,210129,27029901,48.22,3.28,7,false,RECOVERED_FROM_FROZEN_ARTIFACT,renault_data_pipeline/data/renault_processed/210129/customers.csv
customer,210129,27030002,46.81,1.73,5,false,RECOVERED_FROM_FROZEN_ARTIFACT,renault_data_pipeline/data/renault_processed/210129/customers.csv
customer,210129,27046701,48.24,17.36,9,false,RECOVERED_FROM_FROZEN_ARTIFACT,renault_data_pipeline/data/renault_processed/210129/customers.csv
customer,210129,27095301,49.03,3.37,7,false,RECOVERED_FROM_FROZEN_ARTIFACT,renault_data_pipeline/data/renault_processed/210129/customers.csv
customer,210129,27105201,50.37,3.09,7,false,RECOVERED_FROM_FROZEN_ARTIFACT,renault_data_pipeline/data/renault_processed/210129/customers.csv
customer,210129,27105202,49.02,0.42,5,false,RECOVERED_FROM_FROZEN_ARTIFACT,renault_data_pipeline/data/renault_processed/210129/customers.csv
customer,210129,27105203,46.99,2.24,5,false,RECOVERED_FROM_FROZEN_ARTIFACT,renault_data_pipeline/data/renault_processed/210129/customers.csv
customer,210129,27105204,50.36,3.1,7,false,RECOVERED_FROM_FROZEN_ARTIFACT,renault_data_pipeline/data/renault_processed/210129/customers.csv
customer,210129,27105208,48.72,0.42,5,false,RECOVERED_FROM_FROZEN_ARTIFACT,renault_data_pipeline/data/renault_processed/210129/customers.csv
customer,210129,27105209,49.52,0.92,5,false,RECOVERED_FROM_FROZEN_ARTIFACT,renault_data_pipeline/data/renault_processed/210129/customers.csv
customer,210129,27107002,50.41,14.95,8,false,RECOVERED_FROM_FROZEN_ARTIFACT,renault_data_pipeline/data/renault_processed/210129/customers.csv
customer,210129,27125600,47.48,6.78,7,false,RECOVERED_FROM_FROZEN_ARTIFACT,renault_data_pipeline/data/renault_processed/210129/customers.csv
customer,210129,27125700,52.21,20.6,10,false,RECOVERED_FROM_FROZEN_ARTIFACT,renault_data_pipeline/data/renault_processed/210129/customers.csv
customer,210129,27137200,47.51,7.01,7,false,RECOVERED_FROM_FROZEN_ARTIFACT,renault_data_pipeline/data/renault_processed/210129/customers.csv
customer,210129,27137300,45.15,1.48,5,false,RECOVERED_FROM_FROZEN_ARTIFACT,renault_data_pipeline/data/renault_processed/210129/customers.csv
customer,210129,27157400,48.16,6.46,7,false,RECOVERED_FROM_FROZEN_ARTIFACT,renault_data_pipeline/data/renault_processed/210129/customers.csv
customer,210129,27352000,46.61,0.34,5,false,RECOVERED_FROM_FROZEN_ARTIFACT,renault_data_pipeline/data/renault_processed/210129/customers.csv
customer,210129,27359000,48.25,18.3,9,false,RECOVERED_FROM_FROZEN_ARTIFACT,renault_data_pipeline/data/renault_processed/210129/customers.csv
customer,210129,27368600,49.29,15.07,9,false,RECOVERED_FROM_FROZEN_ARTIFACT,renault_data_pipeline/data/renault_processed/210129/customers.csv
customer,210129,27376300,43.4,-3.84,2,false,RECOVERED_FROM_FROZEN_ARTIFACT,renault_data_pipeline/data/renault_processed/210129/customers.csv
customer,210129,27442306,35.72,-5.92,1,false,RECOVERED_FROM_FROZEN_ARTIFACT,renault_data_pipeline/data/renault_processed/210129/customers.csv
customer,210129,27473700,50.93,5.49,7,false,RECOVERED_FROM_FROZEN_ARTIFACT,renault_data_pipeline/data/renault_processed/210129/customers.csv
customer,210129,27477001,50.04,15.58,10,false,RECOVERED_FROM_FROZEN_ARTIFACT,renault_data_pipeline/data/renault_processed/210129/customers.csv
customer,210129,27490404,42.7,-2.92,2,false,RECOVERED_FROM_FROZEN_ARTIFACT,renault_data_pipeline/data/renault_processed/210129/customers.csv
customer,210129,27562001,50.35,19.26,10,false,RECOVERED_FROM_FROZEN_ARTIFACT,renault_data_pipeline/data/renault_processed/210129/customers.csv
customer,210129,27593900,47.27,-1.5,5,false,RECOVERED_FROM_FROZEN_ARTIFACT,renault_data_pipeline/data/renault_processed/210129/customers.csv
customer,210129,27594100,40.65,-3.19,3,false,RECOVERED_FROM_FROZEN_ARTIFACT,renault_data_pipeline/data/renault_processed/210129/customers.csv
customer,210129,27614500,35.71,-5.92,1,false,RECOVERED_FROM_FROZEN_ARTIFACT,renault_data_pipeline/data/renault_processed/210129/customers.csv
customer,210129,27662602,50.83,19.13,10,false,RECOVERED_FROM_FROZEN_ARTIFACT,renault_data_pipeline/data/renault_processed/210129/customers.csv
customer,210129,27690200,45.66,25.61,11,false,RECOVERED_FROM_FROZEN_ARTIFACT,renault_data_pipeline/data/renault_processed/210129/customers.csv
customer,210129,27742500,48.44,1.53,5,false,RECOVERED_FROM_FROZEN_ARTIFACT,renault_data_pipeline/data/renault_processed/210129/customers.csv
customer,210129,27752300,41.62,25.38,12,true,RECOVERED_FROM_FROZEN_ARTIFACT,renault_data_pipeline/data/renault_processed/210129/customers.csv
customer,210129,27800200,35.57,-5.46,1,false,RECOVERED_FROM_FROZEN_ARTIFACT,renault_data_pipeline/data/renault_processed/210129/customers.csv
customer,210129,27805100,54.91,-1.49,4,false,RECOVERED_FROM_FROZEN_ARTIFACT,renault_data_pipeline/data/renault_processed/210129/customers.csv
customer,210129,27830400,49.24,6.15,7,false,RECOVERED_FROM_FROZEN_ARTIFACT,renault_data_pipeline/data/renault_processed/210129/customers.csv
customer,210129,27830500,49.24,6.15,7,false,RECOVERED_FROM_FROZEN_ARTIFACT,renault_data_pipeline/data/renault_processed/210129/customers.csv
customer,210129,27845100,42.43,25.66,12,false,RECOVERED_FROM_FROZEN_ARTIFACT,renault_data_pipeline/data/renault_processed/210129/customers.csv
customer,210129,27862302,53.77,-1.55,4,false,RECOVERED_FROM_FROZEN_ARTIFACT,renault_data_pipeline/data/renault_processed/210129/customers.csv
customer,210129,27902200,47.55,-0.11,5,false,RECOVERED_FROM_FROZEN_ARTIFACT,renault_data_pipeline/data/renault_processed/210129/customers.csv
customer,210129,27988400,41.55,2.03,6,false,RECOVERED_FROM_FROZEN_ARTIFACT,renault_data_pipeline/data/renault_processed/210129/customers.csv
customer,210129,27996500,44.79,24.98,11,false,RECOVERED_FROM_FROZEN_ARTIFACT,renault_data_pipeline/data/renault_processed/210129/customers.csv
customer,210129,28015400,49.5,2.43,5,false,RECOVERED_FROM_FROZEN_ARTIFACT,renault_data_pipeline/data/renault_processed/210129/customers.csv
customer,210129,28058401,49.3,4.12,7,false,RECOVERED_FROM_FROZEN_ARTIFACT,renault_data_pipeline/data/renault_processed/210129/customers.csv
customer,210129,28058405,49.28,4.06,7,false,RECOVERED_FROM_FROZEN_ARTIFACT,renault_data_pipeline/data/renault_processed/210129/customers.csv
customer,210129,28064002,51.46,7.62,8,false,RECOVERED_FROM_FROZEN_ARTIFACT,renault_data_pipeline/data/renault_processed/210129/customers.csv
customer,210129,28075900,49.68,13.42,8,false,RECOVERED_FROM_FROZEN_ARTIFACT,renault_data_pipeline/data/renault_processed/210129/customers.csv
customer,210129,28075902,49.68,13.42,8,false,RECOVERED_FROM_FROZEN_ARTIFACT,renault_data_pipeline/data/renault_processed/210129/customers.csv
customer,210129,28075904,40.5,-3.41,3,false,RECOVERED_FROM_FROZEN_ARTIFACT,renault_data_pipeline/data/renault_processed/210129/customers.csv
customer,210129,28075907,49.29,13.14,8,false,RECOVERED_FROM_FROZEN_ARTIFACT,renault_data_pipeline/data/renault_processed/210129/customers.csv
customer,210129,28208500,50.87,12.35,8,false,RECOVERED_FROM_FROZEN_ARTIFACT,renault_data_pipeline/data/renault_processed/210129/customers.csv
customer,210129,28237800,54.53,-1.36,4,true,RECOVERED_FROM_FROZEN_ARTIFACT,renault_data_pipeline/data/renault_processed/210129/customers.csv
customer,210129,28279401,51.19,11.06,8,false,RECOVERED_FROM_FROZEN_ARTIFACT,renault_data_pipeline/data/renault_processed/210129/customers.csv
customer,210129,28328400,48.42,17.04,9,false,RECOVERED_FROM_FROZEN_ARTIFACT,renault_data_pipeline/data/renault_processed/210129/customers.csv
customer,210129,28333101,49.84,3.24,7,false,RECOVERED_FROM_FROZEN_ARTIFACT,renault_data_pipeline/data/renault_processed/210129/customers.csv
customer,210129,28350800,44.79,24.98,11,false,RECOVERED_FROM_FROZEN_ARTIFACT,renault_data_pipeline/data/renault_processed/210129/customers.csv
customer,210129,28350801,45.17,24.84,11,false,RECOVERED_FROM_FROZEN_ARTIFACT,renault_data_pipeline/data/renault_processed/210129/customers.csv
customer,210129,28472500,41.9,1.71,6,false,RECOVERED_FROM_FROZEN_ARTIFACT,renault_data_pipeline/data/renault_processed/210129/customers.csv
customer,210129,28482700,39.36,-0.45,3,false,RECOVERED_FROM_FROZEN_ARTIFACT,renault_data_pipeline/data/renault_processed/210129/customers.csv
customer,210129,28567300,47.59,18.36,9,false,RECOVERED_FROM_FROZEN_ARTIFACT,renault_data_pipeline/data/renault_processed/210129/customers.csv
customer,210129,28603900,49.09,18.96,10,false,RECOVERED_FROM_FROZEN_ARTIFACT,renault_data_pipeline/data/renault_processed/210129/customers.csv
customer,210129,28610400,49.77,1.97,5,false,RECOVERED_FROM_FROZEN_ARTIFACT,renault_data_pipeline/data/renault_processed/210129/customers.csv
customer,210129,28633900,45.1,7.57,7,false,RECOVERED_FROM_FROZEN_ARTIFACT,renault_data_pipeline/data/renault_processed/210129/customers.csv
customer,210129,28681300,49.39,1.38,5,false,RECOVERED_FROM_FROZEN_ARTIFACT,renault_data_pipeline/data/renault_processed/210129/customers.csv
customer,210129,28770100,49.6,18.36,10,false,RECOVERED_FROM_FROZEN_ARTIFACT,renault_data_pipeline/data/renault_processed/210129/customers.csv
customer,210129,28850800,45.79,15.18,9,false,RECOVERED_FROM_FROZEN_ARTIFACT,renault_data_pipeline/data/renault_processed/210129/customers.csv
customer,210129,28879100,45.87,15.09,9,false,RECOVERED_FROM_FROZEN_ARTIFACT,renault_data_pipeline/data/renault_processed/210129/customers.csv
customer,210129,28884600,50.92,5.53,7,false,RECOVERED_FROM_FROZEN_ARTIFACT,renault_data_pipeline/data/renault_processed/210129/customers.csv
customer,210129,28898200,48.73,18.56,9,false,RECOVERED_FROM_FROZEN_ARTIFACT,renault_data_pipeline/data/renault_processed/210129/customers.csv
customer,210129,29017100,52.5,-2.0,4,false,RECOVERED_FROM_FROZEN_ARTIFACT,renault_data_pipeline/data/renault_processed/210129/customers.csv
customer,210129,29221700,45.38,20.43,9,false,RECOVERED_FROM_FROZEN_ARTIFACT,renault_data_pipeline/data/renault_processed/210129/customers.csv
customer,210129,29324200,40.85,-8.48,2,false,RECOVERED_FROM_FROZEN_ARTIFACT,renault_data_pipeline/data/renault_processed/210129/customers.csv
customer,210129,29330900,47.57,9.37,8,false,RECOVERED_FROM_FROZEN_ARTIFACT,renault_data_pipeline/data/renault_processed/210129/customers.csv
customer,210129,29350201,47.94,-2.38,5,false,RECOVERED_FROM_FROZEN_ARTIFACT,renault_data_pipeline/data/renault_processed/210129/customers.csv
customer,210129,29350204,50.09,3.53,7,false,RECOVERED_FROM_FROZEN_ARTIFACT,renault_data_pipeline/data/renault_processed/210129/customers.csv
customer,210129,29350205,47.29,-2.3,5,false,RECOVERED_FROM_FROZEN_ARTIFACT,renault_data_pipeline/data/renault_processed/210129/customers.csv
customer,210129,29350212,48.6,5.04,7,false,RECOVERED_FROM_FROZEN_ARTIFACT,renault_data_pipeline/data/renault_processed/210129/customers.csv
customer,210129,29350214,47.38,-1.1,5,false,RECOVERED_FROM_FROZEN_ARTIFACT,renault_data_pipeline/data/renault_processed/210129/customers.csv
customer,210129,29382801,45.07,24.81,11,false,RECOVERED_FROM_FROZEN_ARTIFACT,renault_data_pipeline/data/renault_processed/210129/customers.csv
customer,210129,29450102,42.78,-4.25,2,false,RECOVERED_FROM_FROZEN_ARTIFACT,renault_data_pipeline/data/renault_processed/210129/customers.csv
customer,210129,29527000,49.51,2.43,5,false,RECOVERED_FROM_FROZEN_ARTIFACT,renault_data_pipeline/data/renault_processed/210129/customers.csv
customer,210129,29685200,51.16,4.79,7,false,RECOVERED_FROM_FROZEN_ARTIFACT,renault_data_pipeline/data/renault_processed/210129/customers.csv
customer,210129,29685201,49.56,15.96,10,false,RECOVERED_FROM_FROZEN_ARTIFACT,renault_data_pipeline/data/renault_processed/210129/customers.csv
customer,210129,29685206,47.46,-0.62,5,false,RECOVERED_FROM_FROZEN_ARTIFACT,renault_data_pipeline/data/renault_processed/210129/customers.csv
customer,210129,29717101,42.78,-1.38,6,false,RECOVERED_FROM_FROZEN_ARTIFACT,renault_data_pipeline/data/renault_processed/210129/customers.csv
customer,210129,29937600,42.88,-2.31,2,false,RECOVERED_FROM_FROZEN_ARTIFACT,renault_data_pipeline/data/renault_processed/210129/customers.csv
customer,210129,29969301,40.57,-8.12,2,false,RECOVERED_FROM_FROZEN_ARTIFACT,renault_data_pipeline/data/renault_processed/210129/customers.csv
customer,210129,40084500,47.29,-2.3,5,false,RECOVERED_FROM_FROZEN_ARTIFACT,renault_data_pipeline/data/renault_processed/210129/customers.csv
customer,210129,40145700,41.82,-8.44,2,false,RECOVERED_FROM_FROZEN_ARTIFACT,renault_data_pipeline/data/renault_processed/210129/customers.csv
customer,210129,40168301,46.09,4.76,7,false,RECOVERED_FROM_FROZEN_ARTIFACT,renault_data_pipeline/data/renault_processed/210129/customers.csv
customer,210129,40217101,45.2,7.89,7,false,RECOVERED_FROM_FROZEN_ARTIFACT,renault_data_pipeline/data/renault_processed/210129/customers.csv
customer,210129,40253500,47.69,22.5,10,false,RECOVERED_FROM_FROZEN_ARTIFACT,renault_data_pipeline/data/renault_processed/210129/customers.csv
customer,210129,40317700,41.65,-0.78,6,false,RECOVERED_FROM_FROZEN_ARTIFACT,renault_data_pipeline/data/renault_processed/210129/customers.csv
customer,210129,40317703,39.47,-0.57,3,false,RECOVERED_FROM_FROZEN_ARTIFACT,renault_data_pipeline/data/renault_processed/210129/customers.csv
customer,210129,40452900,33.2,-8.49,1,false,RECOVERED_FROM_FROZEN_ARTIFACT,renault_data_pipeline/data/renault_processed/210129/customers.csv
customer,210129,40475800,42.75,23.21,12,false,RECOVERED_FROM_FROZEN_ARTIFACT,renault_data_pipeline/data/renault_processed/210129/customers.csv
customer,210129,40654000,44.87,24.86,11,false,RECOVERED_FROM_FROZEN_ARTIFACT,renault_data_pipeline/data/renault_processed/210129/customers.csv
customer,210129,40699300,35.72,-5.92,1,false,RECOVERED_FROM_FROZEN_ARTIFACT,renault_data_pipeline/data/renault_processed/210129/customers.csv
customer,210129,40741601,50.49,2.5,7,false,RECOVERED_FROM_FROZEN_ARTIFACT,renault_data_pipeline/data/renault_processed/210129/customers.csv
customer,210129,40741604,50.49,2.68,7,false,RECOVERED_FROM_FROZEN_ARTIFACT,renault_data_pipeline/data/renault_processed/210129/customers.csv
customer,210129,40771302,35.66,-5.67,1,true,RECOVERED_FROM_FROZEN_ARTIFACT,renault_data_pipeline/data/renault_processed/210129/customers.csv
customer,210129,40779102,47.55,16.75,9,false,RECOVERED_FROM_FROZEN_ARTIFACT,renault_data_pipeline/data/renault_processed/210129/customers.csv
customer,210129,40819100,47.63,18.29,9,false,RECOVERED_FROM_FROZEN_ARTIFACT,renault_data_pipeline/data/renault_processed/210129/customers.csv
customer,210129,40832000,47.08,21.86,9,false,RECOVERED_FROM_FROZEN_ARTIFACT,renault_data_pipeline/data/renault_processed/210129/customers.csv
customer,210129,40852000,49.22,18.57,10,false,RECOVERED_FROM_FROZEN_ARTIFACT,renault_data_pipeline/data/renault_processed/210129/customers.csv
customer,210129,40863701,48.14,11.58,8,false,RECOVERED_FROM_FROZEN_ARTIFACT,renault_data_pipeline/data/renault_processed/210129/customers.csv
customer,210129,40906107,48.13,20.78,9,false,RECOVERED_FROM_FROZEN_ARTIFACT,renault_data_pipeline/data/renault_processed/210129/customers.csv
customer,210129,40909900,40.78,-8.59,2,false,RECOVERED_FROM_FROZEN_ARTIFACT,renault_data_pipeline/data/renault_processed/210129/customers.csv
customer,210129,40979700,44.92,24.87,11,false,RECOVERED_FROM_FROZEN_ARTIFACT,renault_data_pipeline/data/renault_processed/210129/customers.csv
customer,210129,41008105,51.04,16.9,10,false,RECOVERED_FROM_FROZEN_ARTIFACT,renault_data_pipeline/data/renault_processed/210129/customers.csv
customer,210129,41099501,47.37,19.12,9,false,RECOVERED_FROM_FROZEN_ARTIFACT,renault_data_pipeline/data/renault_processed/210129/customers.csv
customer,210129,41106800,52.4,-1.55,4,false,RECOVERED_FROM_FROZEN_ARTIFACT,renault_data_pipeline/data/renault_processed/210129/customers.csv
customer,210129,41156800,48.57,18.86,9,false,RECOVERED_FROM_FROZEN_ARTIFACT,renault_data_pipeline/data/renault_processed/210129/customers.csv
customer,210129,41223901,40.58,-8.12,2,false,RECOVERED_FROM_FROZEN_ARTIFACT,renault_data_pipeline/data/renault_processed/210129/customers.csv
customer,210129,41379900,46.14,21.3,11,false,RECOVERED_FROM_FROZEN_ARTIFACT,renault_data_pipeline/data/renault_processed/210129/customers.csv
customer,210129,41397500,42.25,24.88,12,false,RECOVERED_FROM_FROZEN_ARTIFACT,renault_data_pipeline/data/renault_processed/210129/customers.csv
customer,210129,41428600,47.11,17.88,9,false,RECOVERED_FROM_FROZEN_ARTIFACT,renault_data_pipeline/data/renault_processed/210129/customers.csv
customer,210129,41448500,48.74,18.23,9,false,RECOVERED_FROM_FROZEN_ARTIFACT,renault_data_pipeline/data/renault_processed/210129/customers.csv
customer,210129,41462100,35.66,-5.67,1,false,RECOVERED_FROM_FROZEN_ARTIFACT,renault_data_pipeline/data/renault_processed/210129/customers.csv
customer,210129,41482900,46.25,1.5,5,false,RECOVERED_FROM_FROZEN_ARTIFACT,renault_data_pipeline/data/renault_processed/210129/customers.csv
customer,210129,41565300,49.47,5.86,7,false,RECOVERED_FROM_FROZEN_ARTIFACT,renault_data_pipeline/data/renault_processed/210129/customers.csv
customer,210129,41570200,44.56,2.24,6,false,RECOVERED_FROM_FROZEN_ARTIFACT,renault_data_pipeline/data/renault_processed/210129/customers.csv
customer,210129,41618900,42.18,24.33,12,false,RECOVERED_FROM_FROZEN_ARTIFACT,renault_data_pipeline/data/renault_processed/210129/customers.csv
customer,210129,41618901,49.92,13.99,8,false,RECOVERED_FROM_FROZEN_ARTIFACT,renault_data_pipeline/data/renault_processed/210129/customers.csv
customer,210129,41619001,44.41,7.83,7,false,RECOVERED_FROM_FROZEN_ARTIFACT,renault_data_pipeline/data/renault_processed/210129/customers.csv
customer,210129,41628700,47.18,18.4,9,false,RECOVERED_FROM_FROZEN_ARTIFACT,renault_data_pipeline/data/renault_processed/210129/customers.csv
customer,210129,41647900,34.26,-6.58,1,false,RECOVERED_FROM_FROZEN_ARTIFACT,renault_data_pipeline/data/renault_processed/210129/customers.csv
customer,210129,41681300,35.66,-5.66,1,false,RECOVERED_FROM_FROZEN_ARTIFACT,renault_data_pipeline/data/renault_processed/210129/customers.csv
customer,210129,42008900,34.32,-6.37,1,false,RECOVERED_FROM_FROZEN_ARTIFACT,renault_data_pipeline/data/renault_processed/210129/customers.csv
customer,210129,42116300,44.63,24.27,11,false,RECOVERED_FROM_FROZEN_ARTIFACT,renault_data_pipeline/data/renault_processed/210129/customers.csv
customer,210129,42143100,48.18,7.01,7,false,RECOVERED_FROM_FROZEN_ARTIFACT,renault_data_pipeline/data/renault_processed/210129/customers.csv
customer,210129,42162600,49.84,4.78,7,false,RECOVERED_FROM_FROZEN_ARTIFACT,renault_data_pipeline/data/renault_processed/210129/customers.csv
customer,210129,42191400,48.11,-1.73,5,false,RECOVERED_FROM_FROZEN_ARTIFACT,renault_data_pipeline/data/renault_processed/210129/customers.csv
customer,210129,42254602,41.34,2.11,6,false,RECOVERED_FROM_FROZEN_ARTIFACT,renault_data_pipeline/data/renault_processed/210129/customers.csv
customer,210129,42259201,35.72,-5.91,1,false,RECOVERED_FROM_FROZEN_ARTIFACT,renault_data_pipeline/data/renault_processed/210129/customers.csv
customer,210129,42260400,48.7,18.41,9,false,RECOVERED_FROM_FROZEN_ARTIFACT,renault_data_pipeline/data/renault_processed/210129/customers.csv
customer,210129,42262300,41.74,-1.19,3,false,RECOVERED_FROM_FROZEN_ARTIFACT,renault_data_pipeline/data/renault_processed/210129/customers.csv
customer,210129,42319000,43.55,10.48,7,false,RECOVERED_FROM_FROZEN_ARTIFACT,renault_data_pipeline/data/renault_processed/210129/customers.csv
customer,210129,42349300,49.54,18.21,10,false,RECOVERED_FROM_FROZEN_ARTIFACT,renault_data_pipeline/data/renault_processed/210129/customers.csv
customer,210129,42349302,49.21,12.28,8,false,RECOVERED_FROM_FROZEN_ARTIFACT,renault_data_pipeline/data/renault_processed/210129/customers.csv
customer,210129,42368301,49.74,19.59,10,false,RECOVERED_FROM_FROZEN_ARTIFACT,renault_data_pipeline/data/renault_processed/210129/customers.csv
customer,210129,42375705,48.06,-1.7,5,false,RECOVERED_FROM_FROZEN_ARTIFACT,renault_data_pipeline/data/renault_processed/210129/customers.csv
customer,210129,42386800,50.92,5.51,7,false,RECOVERED_FROM_FROZEN_ARTIFACT,renault_data_pipeline/data/renault_processed/210129/customers.csv
customer,210129,42457100,43.06,-2.51,2,false,RECOVERED_FROM_FROZEN_ARTIFACT,renault_data_pipeline/data/renault_processed/210129/customers.csv
customer,210129,42460000,46.33,-1.31,5,false,RECOVERED_FROM_FROZEN_ARTIFACT,renault_data_pipeline/data/renault_processed/210129/customers.csv
customer,210129,42506300,45.87,24.07,11,false,RECOVERED_FROM_FROZEN_ARTIFACT,renault_data_pipeline/data/renault_processed/210129/customers.csv
customer,210129,42529900,41.41,1.99,6,false,RECOVERED_FROM_FROZEN_ARTIFACT,renault_data_pipeline/data/renault_processed/210129/customers.csv
customer,210129,42529903,41.66,1.2,6,false,RECOVERED_FROM_FROZEN_ARTIFACT,renault_data_pipeline/data/renault_processed/210129/customers.csv
customer,210129,42571100,43.93,21.37,11,false,RECOVERED_FROM_FROZEN_ARTIFACT,renault_data_pipeline/data/renault_processed/210129/customers.csv
customer,210129,42583600,48.64,9.36,8,false,RECOVERED_FROM_FROZEN_ARTIFACT,renault_data_pipeline/data/renault_processed/210129/customers.csv
customer,210129,60317300,48.03,5.32,7,false,RECOVERED_FROM_FROZEN_ARTIFACT,renault_data_pipeline/data/renault_processed/210129/customers.csv
customer,210129,60317302,45.82,4.59,7,false,RECOVERED_FROM_FROZEN_ARTIFACT,renault_data_pipeline/data/renault_processed/210129/customers.csv
customer,210129,61186900,47.08,21.91,9,false,RECOVERED_FROM_FROZEN_ARTIFACT,renault_data_pipeline/data/renault_processed/210129/customers.csv
customer,210129,61187700,45.22,24.94,11,false,RECOVERED_FROM_FROZEN_ARTIFACT,renault_data_pipeline/data/renault_processed/210129/customers.csv
customer,210129,61198605,45.29,25.06,11,false,RECOVERED_FROM_FROZEN_ARTIFACT,renault_data_pipeline/data/renault_processed/210129/customers.csv
customer,210129,61200700,47.05,21.97,11,false,RECOVERED_FROM_FROZEN_ARTIFACT,renault_data_pipeline/data/renault_processed/210129/customers.csv
customer,210129,61203901,45.73,21.17,11,false,RECOVERED_FROM_FROZEN_ARTIFACT,renault_data_pipeline/data/renault_processed/210129/customers.csv
customer,210129,61204301,44.99,24.94,11,false,RECOVERED_FROM_FROZEN_ARTIFACT,renault_data_pipeline/data/renault_processed/210129/customers.csv
customer,210129,61204502,44.98,24.97,11,false,RECOVERED_FROM_FROZEN_ARTIFACT,renault_data_pipeline/data/renault_processed/210129/customers.csv
customer,210129,61205600,45.66,25.54,11,false,RECOVERED_FROM_FROZEN_ARTIFACT,renault_data_pipeline/data/renault_processed/210129/customers.csv
customer,210129,61205603,44.9,23.16,11,false,RECOVERED_FROM_FROZEN_ARTIFACT,renault_data_pipeline/data/renault_processed/210129/customers.csv
customer,210129,61995901,45.94,15.14,9,false,RECOVERED_FROM_FROZEN_ARTIFACT,renault_data_pipeline/data/renault_processed/210129/customers.csv
customer,210129,61996300,45.95,15.06,9,false,RECOVERED_FROM_FROZEN_ARTIFACT,renault_data_pipeline/data/renault_processed/210129/customers.csv
customer,210129,62127500,46.34,15.43,9,false,RECOVERED_FROM_FROZEN_ARTIFACT,renault_data_pipeline/data/renault_processed/210129/customers.csv
depot,210129,9624708,45.78,4.88,,false,RECOVERED_FROM_FROZEN_ARTIFACT,renault_data_pipeline/data/renault_processed/210129/depots.csv
depot,210129,90015100,48.98,1.85,,false,RECOVERED_FROM_FROZEN_ARTIFACT,renault_data_pipeline/data/renault_processed/210129/depots.csv
depot,210129,90016100,49.32,1.05,,false,RECOVERED_FROM_FROZEN_ARTIFACT,renault_data_pipeline/data/renault_processed/210129/depots.csv
depot,210129,90016200,50.28,3.91,,false,RECOVERED_FROM_FROZEN_ARTIFACT,renault_data_pipeline/data/renault_processed/210129/depots.csv
depot,210129,90016500,40.67,-8.62,,false,RECOVERED_FROM_FROZEN_ARTIFACT,renault_data_pipeline/data/renault_processed/210129/depots.csv
depot,210129,90016700,45.79,15.18,,false,RECOVERED_FROM_FROZEN_ARTIFACT,renault_data_pipeline/data/renault_processed/210129/depots.csv
depot,210129,90016900,49.17,5.98,,false,RECOVERED_FROM_FROZEN_ARTIFACT,renault_data_pipeline/data/renault_processed/210129/depots.csv
depot,210129,90017100,49.48,0.3,,false,RECOVERED_FROM_FROZEN_ARTIFACT,renault_data_pipeline/data/renault_processed/210129/depots.csv
depot,210129,90018300,49.91,1.09,,false,RECOVERED_FROM_FROZEN_ARTIFACT,renault_data_pipeline/data/renault_processed/210129/depots.csv
depot,210129,90019100,50.36,3.03,,false,RECOVERED_FROM_FROZEN_ARTIFACT,renault_data_pipeline/data/renault_processed/210129/depots.csv
depot,210129,91017200,41.96,-4.5,,false,RECOVERED_FROM_FROZEN_ARTIFACT,renault_data_pipeline/data/renault_processed/210129/depots.csv
depot,210129,91017300,41.61,-4.73,,false,RECOVERED_FROM_FROZEN_ARTIFACT,renault_data_pipeline/data/renault_processed/210129/depots.csv
depot,210129,91017500,37.43,-5.98,,false,RECOVERED_FROM_FROZEN_ARTIFACT,renault_data_pipeline/data/renault_processed/210129/depots.csv
depot,210129,91017600,41.61,-4.73,,false,RECOVERED_FROM_FROZEN_ARTIFACT,renault_data_pipeline/data/renault_processed/210129/depots.csv
depot,210129,91017700,41.61,-4.73,,false,RECOVERED_FROM_FROZEN_ARTIFACT,renault_data_pipeline/data/renault_processed/210129/depots.csv
customer,210310,37402,49.37,6.22,7,false,RECOVERED_FROM_FROZEN_ARTIFACT,renault_data_pipeline/data/renault_processed/210310/customers.csv
customer,210310,164601,45.19,5.71,7,false,RECOVERED_FROM_FROZEN_ARTIFACT,renault_data_pipeline/data/renault_processed/210310/customers.csv
customer,210310,187313,45.55,3.26,5,false,RECOVERED_FROM_FROZEN_ARTIFACT,renault_data_pipeline/data/renault_processed/210310/customers.csv
customer,210310,201504,48.68,1.54,5,false,RECOVERED_FROM_FROZEN_ARTIFACT,renault_data_pipeline/data/renault_processed/210310/customers.csv
customer,210310,239407,48.39,18.0,9,false,RECOVERED_FROM_FROZEN_ARTIFACT,renault_data_pipeline/data/renault_processed/210310/customers.csv
customer,210310,239412,48.36,0.37,5,false,RECOVERED_FROM_FROZEN_ARTIFACT,renault_data_pipeline/data/renault_processed/210310/customers.csv
customer,210310,239414,48.37,0.56,5,true,RECOVERED_FROM_FROZEN_ARTIFACT,renault_data_pipeline/data/renault_processed/210310/customers.csv
customer,210310,292606,46.79,21.63,9,false,RECOVERED_FROM_FROZEN_ARTIFACT,renault_data_pipeline/data/renault_processed/210310/customers.csv
customer,210310,322802,48.98,1.89,5,false,RECOVERED_FROM_FROZEN_ARTIFACT,renault_data_pipeline/data/renault_processed/210310/customers.csv
customer,210310,440301,48.08,1.34,5,false,RECOVERED_FROM_FROZEN_ARTIFACT,renault_data_pipeline/data/renault_processed/210310/customers.csv
customer,210310,487216,46.54,3.35,7,false,RECOVERED_FROM_FROZEN_ARTIFACT,renault_data_pipeline/data/renault_processed/210310/customers.csv
customer,210310,487247,46.17,23.93,11,false,RECOVERED_FROM_FROZEN_ARTIFACT,renault_data_pipeline/data/renault_processed/210310/customers.csv
customer,210310,487248,41.31,1.63,6,false,RECOVERED_FROM_FROZEN_ARTIFACT,renault_data_pipeline/data/renault_processed/210310/customers.csv
customer,210310,487282,50.94,5.49,7,false,RECOVERED_FROM_FROZEN_ARTIFACT,renault_data_pipeline/data/renault_processed/210310/customers.csv
customer,210310,679301,49.46,5.86,7,false,RECOVERED_FROM_FROZEN_ARTIFACT,renault_data_pipeline/data/renault_processed/210310/customers.csv
customer,210310,772511,49.94,2.27,5,false,RECOVERED_FROM_FROZEN_ARTIFACT,renault_data_pipeline/data/renault_processed/210310/customers.csv
customer,210310,796817,45.64,25.51,11,false,RECOVERED_FROM_FROZEN_ARTIFACT,renault_data_pipeline/data/renault_processed/210310/customers.csv
customer,210310,796824,49.91,16.6,10,false,RECOVERED_FROM_FROZEN_ARTIFACT,renault_data_pipeline/data/renault_processed/210310/customers.csv
customer,210310,896602,49.41,8.65,8,false,RECOVERED_FROM_FROZEN_ARTIFACT,renault_data_pipeline/data/renault_processed/210310/customers.csv
customer,210310,896614,47.23,5.97,7,false,RECOVERED_FROM_FROZEN_ARTIFACT,renault_data_pipeline/data/renault_processed/210310/customers.csv
customer,210310,923601,49.44,1.91,5,false,RECOVERED_FROM_FROZEN_ARTIFACT,renault_data_pipeline/data/renault_processed/210310/customers.csv
customer,210310,923606,44.1,1.1,6,false,RECOVERED_FROM_FROZEN_ARTIFACT,renault_data_pipeline/data/renault_processed/210310/customers.csv
customer,210310,923610,41.54,2.04,6,false,RECOVERED_FROM_FROZEN_ARTIFACT,renault_data_pipeline/data/renault_processed/210310/customers.csv
customer,210310,923613,48.38,18.4,9,false,RECOVERED_FROM_FROZEN_ARTIFACT,renault_data_pipeline/data/renault_processed/210310/customers.csv
customer,210310,923617,46.27,5.66,7,false,RECOVERED_FROM_FROZEN_ARTIFACT,renault_data_pipeline/data/renault_processed/210310/customers.csv
customer,210310,1295500,49.22,2.13,5,false,RECOVERED_FROM_FROZEN_ARTIFACT,renault_data_pipeline/data/renault_processed/210310/customers.csv
customer,210310,1295511,50.51,2.47,7,false,RECOVERED_FROM_FROZEN_ARTIFACT,renault_data_pipeline/data/renault_processed/210310/customers.csv
customer,210310,1295538,43.53,16.49,9,false,RECOVERED_FROM_FROZEN_ARTIFACT,renault_data_pipeline/data/renault_processed/210310/customers.csv
customer,210310,1295540,49.22,2.13,5,false,RECOVERED_FROM_FROZEN_ARTIFACT,renault_data_pipeline/data/renault_processed/210310/customers.csv
customer,210310,1295541,49.22,2.13,5,false,RECOVERED_FROM_FROZEN_ARTIFACT,renault_data_pipeline/data/renault_processed/210310/customers.csv
customer,210310,1349826,44.89,24.84,11,false,RECOVERED_FROM_FROZEN_ARTIFACT,renault_data_pipeline/data/renault_processed/210310/customers.csv
customer,210310,1349831,33.79,-7.16,1,false,RECOVERED_FROM_FROZEN_ARTIFACT,renault_data_pipeline/data/renault_processed/210310/customers.csv
customer,210310,1607201,47.97,3.54,7,false,RECOVERED_FROM_FROZEN_ARTIFACT,renault_data_pipeline/data/renault_processed/210310/customers.csv
customer,210310,1650000,48.52,2.63,5,false,RECOVERED_FROM_FROZEN_ARTIFACT,renault_data_pipeline/data/renault_processed/210310/customers.csv
customer,210310,1689201,49.29,6.53,7,false,RECOVERED_FROM_FROZEN_ARTIFACT,renault_data_pipeline/data/renault_processed/210310/customers.csv
customer,210310,1746907,49.19,6.7,7,false,RECOVERED_FROM_FROZEN_ARTIFACT,renault_data_pipeline/data/renault_processed/210310/customers.csv
customer,210310,1925700,50.54,2.99,7,false,RECOVERED_FROM_FROZEN_ARTIFACT,renault_data_pipeline/data/renault_processed/210310/customers.csv
customer,210310,1925732,41.89,-5.06,2,true,RECOVERED_FROM_FROZEN_ARTIFACT,renault_data_pipeline/data/renault_processed/210310/customers.csv
customer,210310,1925734,43.53,16.49,9,false,RECOVERED_FROM_FROZEN_ARTIFACT,renault_data_pipeline/data/renault_processed/210310/customers.csv
customer,210310,1960400,45.89,4.82,7,false,RECOVERED_FROM_FROZEN_ARTIFACT,renault_data_pipeline/data/renault_processed/210310/customers.csv
customer,210310,1994201,47.36,0.9,5,false,RECOVERED_FROM_FROZEN_ARTIFACT,renault_data_pipeline/data/renault_processed/210310/customers.csv
customer,210310,2096308,48.88,9.08,8,false,RECOVERED_FROM_FROZEN_ARTIFACT,renault_data_pipeline/data/renault_processed/210310/customers.csv
customer,210310,2096320,49.15,-0.3,5,false,RECOVERED_FROM_FROZEN_ARTIFACT,renault_data_pipeline/data/renault_processed/210310/customers.csv
customer,210310,2096343,46.54,3.35,7,false,RECOVERED_FROM_FROZEN_ARTIFACT,renault_data_pipeline/data/renault_processed/210310/customers.csv
customer,210310,2096354,47.67,19.65,9,false,RECOVERED_FROM_FROZEN_ARTIFACT,renault_data_pipeline/data/renault_processed/210310/customers.csv
customer,210310,2096372,46.17,23.93,11,false,RECOVERED_FROM_FROZEN_ARTIFACT,renault_data_pipeline/data/renault_processed/210310/customers.csv
customer,210310,2115302,50.77,7.94,8,false,RECOVERED_FROM_FROZEN_ARTIFACT,renault_data_pipeline/data/renault_processed/210310/customers.csv
customer,210310,2154104,51.53,7.08,7,false,RECOVERED_FROM_FROZEN_ARTIFACT,renault_data_pipeline/data/renault_processed/210310/customers.csv
customer,210310,2178901,48.07,10.84,8,false,RECOVERED_FROM_FROZEN_ARTIFACT,renault_data_pipeline/data/renault_processed/210310/customers.csv
customer,210310,2192704,50.03,10.21,8,false,RECOVERED_FROM_FROZEN_ARTIFACT,renault_data_pipeline/data/renault_processed/210310/customers.csv
customer,210310,2318600,52.31,5.03,7,false,RECOVERED_FROM_FROZEN_ARTIFACT,renault_data_pipeline/data/renault_processed/210310/customers.csv
customer,210310,2325204,50.35,7.49,7,false,RECOVERED_FROM_FROZEN_ARTIFACT,renault_data_pipeline/data/renault_processed/210310/customers.csv
customer,210310,2370600,45.07,7.54,7,false,RECOVERED_FROM_FROZEN_ARTIFACT,renault_data_pipeline/data/renault_processed/210310/customers.csv
customer,210310,2388402,51.82,9.84,8,false,RECOVERED_FROM_FROZEN_ARTIFACT,renault_data_pipeline/data/renault_processed/210310/customers.csv
customer,210310,2395801,49.87,8.79,8,false,RECOVERED_FROM_FROZEN_ARTIFACT,renault_data_pipeline/data/renault_processed/210310/customers.csv
customer,210310,2407003,45.61,9.22,7,false,RECOVERED_FROM_FROZEN_ARTIFACT,renault_data_pipeline/data/renault_processed/210310/customers.csv
customer,210310,2417604,42.73,-1.61,3,false,RECOVERED_FROM_FROZEN_ARTIFACT,renault_data_pipeline/data/renault_processed/210310/customers.csv
customer,210310,2425700,40.85,-8.48,2,false,RECOVERED_FROM_FROZEN_ARTIFACT,renault_data_pipeline/data/renault_processed/210310/customers.csv
customer,210310,2471300,51.18,7.19,7,false,RECOVERED_FROM_FROZEN_ARTIFACT,renault_data_pipeline/data/renault_processed/210310/customers.csv
customer,210310,2487200,41.65,-4.73,2,false,RECOVERED_FROM_FROZEN_ARTIFACT,renault_data_pipeline/data/renault_processed/210310/customers.csv
customer,210310,2488800,42.46,-2.41,2,false,RECOVERED_FROM_FROZEN_ARTIFACT,renault_data_pipeline/data/renault_processed/210310/customers.csv
customer,210310,2488803,35.77,-5.8,1,false,RECOVERED_FROM_FROZEN_ARTIFACT,renault_data_pipeline/data/renault_processed/210310/customers.csv
customer,210310,2488804,42.46,-2.41,2,false,RECOVERED_FROM_FROZEN_ARTIFACT,renault_data_pipeline/data/renault_processed/210310/customers.csv
customer,210310,2496900,43.17,-2.61,2,false,RECOVERED_FROM_FROZEN_ARTIFACT,renault_data_pipeline/data/renault_processed/210310/customers.csv
customer,210310,2504100,41.69,-0.97,6,false,RECOVERED_FROM_FROZEN_ARTIFACT,renault_data_pipeline/data/renault_processed/210310/customers.csv
customer,210310,2519301,42.29,-7.82,2,false,RECOVERED_FROM_FROZEN_ARTIFACT,renault_data_pipeline/data/renault_processed/210310/customers.csv
customer,210310,2519302,41.28,-4.68,2,false,RECOVERED_FROM_FROZEN_ARTIFACT,renault_data_pipeline/data/renault_processed/210310/customers.csv
customer,210310,2519305,40.96,-4.21,3,false,RECOVERED_FROM_FROZEN_ARTIFACT,renault_data_pipeline/data/renault_processed/210310/customers.csv
customer,210310,2555100,43.3,-2.67,2,false,RECOVERED_FROM_FROZEN_ARTIFACT,renault_data_pipeline/data/renault_processed/210310/customers.csv
customer,210310,2555101,43.0,-1.66,2,false,RECOVERED_FROM_FROZEN_ARTIFACT,renault_data_pipeline/data/renault_processed/210310/customers.csv
customer,210310,2555108,43.2,-2.71,2,false,RECOVERED_FROM_FROZEN_ARTIFACT,renault_data_pipeline/data/renault_processed/210310/customers.csv
customer,210310,2555900,39.56,-1.93,3,false,RECOVERED_FROM_FROZEN_ARTIFACT,renault_data_pipeline/data/renault_processed/210310/customers.csv
customer,210310,2555901,39.56,-1.93,3,false,RECOVERED_FROM_FROZEN_ARTIFACT,renault_data_pipeline/data/renault_processed/210310/customers.csv
customer,210310,2562800,40.32,-3.46,3,false,RECOVERED_FROM_FROZEN_ARTIFACT,renault_data_pipeline/data/renault_processed/210310/customers.csv
customer,210310,2565001,40.54,-7.24,2,false,RECOVERED_FROM_FROZEN_ARTIFACT,renault_data_pipeline/data/renault_processed/210310/customers.csv
customer,210310,2567601,41.39,1.15,6,false,RECOVERED_FROM_FROZEN_ARTIFACT,renault_data_pipeline/data/renault_processed/210310/customers.csv
customer,210310,2571500,40.49,-3.41,3,true,RECOVERED_FROM_FROZEN_ARTIFACT,renault_data_pipeline/data/renault_processed/210310/customers.csv
customer,210310,2571703,45.37,7.67,7,false,RECOVERED_FROM_FROZEN_ARTIFACT,renault_data_pipeline/data/renault_processed/210310/customers.csv
customer,210310,2572401,41.69,-4.72,2,false,RECOVERED_FROM_FROZEN_ARTIFACT,renault_data_pipeline/data/renault_processed/210310/customers.csv
customer,210310,2573201,40.12,-3.66,3,false,RECOVERED_FROM_FROZEN_ARTIFACT,renault_data_pipeline/data/renault_processed/210310/customers.csv
customer,210310,2573202,41.83,-4.56,2,false,RECOVERED_FROM_FROZEN_ARTIFACT,renault_data_pipeline/data/renault_processed/210310/customers.csv
customer,210310,2573203,41.96,-8.68,2,false,RECOVERED_FROM_FROZEN_ARTIFACT,renault_data_pipeline/data/renault_processed/210310/customers.csv
customer,210310,2573206,41.78,1.86,6,false,RECOVERED_FROM_FROZEN_ARTIFACT,renault_data_pipeline/data/renault_processed/210310/customers.csv
customer,210310,2573209,40.88,-8.44,2,false,RECOVERED_FROM_FROZEN_ARTIFACT,renault_data_pipeline/data/renault_processed/210310/customers.csv
customer,210310,2573211,38.09,-3.66,3,false,RECOVERED_FROM_FROZEN_ARTIFACT,renault_data_pipeline/data/renault_processed/210310/customers.csv
customer,210310,2573214,47.38,18.19,9,false,RECOVERED_FROM_FROZEN_ARTIFACT,renault_data_pipeline/data/renault_processed/210310/customers.csv
customer,210310,2573221,48.73,2.73,5,false,RECOVERED_FROM_FROZEN_ARTIFACT,renault_data_pipeline/data/renault_processed/210310/customers.csv
customer,210310,2573222,48.26,0.69,5,false,RECOVERED_FROM_FROZEN_ARTIFACT,renault_data_pipeline/data/renault_processed/210310/customers.csv
customer,210310,2573223,48.29,2.21,5,false,RECOVERED_FROM_FROZEN_ARTIFACT,renault_data_pipeline/data/renault_processed/210310/customers.csv
customer,210310,2573224,49.54,0.36,5,false,RECOVERED_FROM_FROZEN_ARTIFACT,renault_data_pipeline/data/renault_processed/210310/customers.csv
customer,210310,2573225,50.06,3.14,7,false,RECOVERED_FROM_FROZEN_ARTIFACT,renault_data_pipeline/data/renault_processed/210310/customers.csv
customer,210310,2573227,54.92,-1.51,4,false,RECOVERED_FROM_FROZEN_ARTIFACT,renault_data_pipeline/data/renault_processed/210310/customers.csv
customer,210310,2574200,42.36,-3.65,2,false,RECOVERED_FROM_FROZEN_ARTIFACT,renault_data_pipeline/data/renault_processed/210310/customers.csv
customer,210310,2578103,40.29,-4.02,3,false,RECOVERED_FROM_FROZEN_ARTIFACT,renault_data_pipeline/data/renault_processed/210310/customers.csv
customer,210310,2578901,42.0,-4.52,2,false,RECOVERED_FROM_FROZEN_ARTIFACT,renault_data_pipeline/data/renault_processed/210310/customers.csv
customer,210310,2585202,41.89,-1.71,3,false,RECOVERED_FROM_FROZEN_ARTIFACT,renault_data_pipeline/data/renault_processed/210310/customers.csv
customer,210310,2586306,41.47,2.03,6,false,RECOVERED_FROM_FROZEN_ARTIFACT,renault_data_pipeline/data/renault_processed/210310/customers.csv
customer,210310,2586307,42.39,-7.14,2,false,RECOVERED_FROM_FROZEN_ARTIFACT,renault_data_pipeline/data/renault_processed/210310/customers.csv
customer,210310,2590706,40.33,-3.74,3,false,RECOVERED_FROM_FROZEN_ARTIFACT,renault_data_pipeline/data/renault_processed/210310/customers.csv
customer,210310,2594900,43.14,-2.49,2,false,RECOVERED_FROM_FROZEN_ARTIFACT,renault_data_pipeline/data/renault_processed/210310/customers.csv
customer,210310,2600800,49.01,12.14,8,false,RECOVERED_FROM_FROZEN_ARTIFACT,renault_data_pipeline/data/renault_processed/210310/customers.csv
customer,210310,2607400,42.38,-1.44,3,false,RECOVERED_FROM_FROZEN_ARTIFACT,renault_data_pipeline/data/renault_processed/210310/customers.csv
customer,210310,2618500,40.88,-8.49,2,false,RECOVERED_FROM_FROZEN_ARTIFACT,renault_data_pipeline/data/renault_processed/210310/customers.csv
customer,210310,2637700,48.71,8.12,7,false,RECOVERED_FROM_FROZEN_ARTIFACT,renault_data_pipeline/data/renault_processed/210310/customers.csv
customer,210310,2671602,45.2,7.89,7,false,RECOVERED_FROM_FROZEN_ARTIFACT,renault_data_pipeline/data/renault_processed/210310/customers.csv
customer,210310,2672201,52.04,8.76,8,false,RECOVERED_FROM_FROZEN_ARTIFACT,renault_data_pipeline/data/renault_processed/210310/customers.csv
customer,210310,2683900,51.25,6.99,7,false,RECOVERED_FROM_FROZEN_ARTIFACT,renault_data_pipeline/data/renault_processed/210310/customers.csv
customer,210310,2695000,44.93,7.84,7,false,RECOVERED_FROM_FROZEN_ARTIFACT,renault_data_pipeline/data/renault_processed/210310/customers.csv
customer,210310,2705012,41.62,2.25,6,false,RECOVERED_FROM_FROZEN_ARTIFACT,renault_data_pipeline/data/renault_processed/210310/customers.csv
customer,210310,2706302,40.63,-4.02,3,false,RECOVERED_FROM_FROZEN_ARTIFACT,renault_data_pipeline/data/renault_processed/210310/customers.csv
customer,210310,2717500,51.69,-3.02,4,false,RECOVERED_FROM_FROZEN_ARTIFACT,renault_data_pipeline/data/renault_processed/210310/customers.csv
customer,210310,2744201,40.77,0.55,6,false,RECOVERED_FROM_FROZEN_ARTIFACT,renault_data_pipeline/data/renault_processed/210310/customers.csv
customer,210310,2744302,39.48,-8.18,2,false,RECOVERED_FROM_FROZEN_ARTIFACT,renault_data_pipeline/data/renault_processed/210310/customers.csv
customer,210310,2777900,43.53,16.49,9,false,RECOVERED_FROM_FROZEN_ARTIFACT,renault_data_pipeline/data/renault_processed/210310/customers.csv
customer,210310,2777901,45.81,15.88,9,false,RECOVERED_FROM_FROZEN_ARTIFACT,renault_data_pipeline/data/renault_processed/210310/customers.csv
customer,210310,2782800,41.55,1.68,6,false,RECOVERED_FROM_FROZEN_ARTIFACT,renault_data_pipeline/data/renault_processed/210310/customers.csv
customer,210310,2789502,48.25,11.6,8,false,RECOVERED_FROM_FROZEN_ARTIFACT,renault_data_pipeline/data/renault_processed/210310/customers.csv
customer,210310,2801802,43.07,-2.51,2,false,RECOVERED_FROM_FROZEN_ARTIFACT,renault_data_pipeline/data/renault_processed/210310/customers.csv
customer,210310,2801804,43.06,-2.49,2,false,RECOVERED_FROM_FROZEN_ARTIFACT,renault_data_pipeline/data/renault_processed/210310/customers.csv
customer,210310,2809400,50.43,15.38,10,false,RECOVERED_FROM_FROZEN_ARTIFACT,renault_data_pipeline/data/renault_processed/210310/customers.csv
customer,210310,2809407,50.62,16.08,10,false,RECOVERED_FROM_FROZEN_ARTIFACT,renault_data_pipeline/data/renault_processed/210310/customers.csv
customer,210310,2809600,41.54,2.16,6,false,RECOVERED_FROM_FROZEN_ARTIFACT,renault_data_pipeline/data/renault_processed/210310/customers.csv
customer,210310,2812100,46.38,15.39,9,false,RECOVERED_FROM_FROZEN_ARTIFACT,renault_data_pipeline/data/renault_processed/210310/customers.csv
customer,210310,2814600,41.57,1.67,6,true,RECOVERED_FROM_FROZEN_ARTIFACT,renault_data_pipeline/data/renault_processed/210310/customers.csv
customer,210310,2814606,41.96,-4.49,2,false,RECOVERED_FROM_FROZEN_ARTIFACT,renault_data_pipeline/data/renault_processed/210310/customers.csv
customer,210310,2819800,47.93,10.86,8,false,RECOVERED_FROM_FROZEN_ARTIFACT,renault_data_pipeline/data/renault_processed/210310/customers.csv
customer,210310,2820700,50.69,15.15,8,false,RECOVERED_FROM_FROZEN_ARTIFACT,renault_data_pipeline/data/renault_processed/210310/customers.csv
customer,210310,2858600,45.09,7.42,7,false,RECOVERED_FROM_FROZEN_ARTIFACT,renault_data_pipeline/data/renault_processed/210310/customers.csv
customer,210310,2870302,51.7,-4.13,4,false,RECOVERED_FROM_FROZEN_ARTIFACT,renault_data_pipeline/data/renault_processed/210310/customers.csv
customer,210310,2870900,54.77,-1.37,4,false,RECOVERED_FROM_FROZEN_ARTIFACT,renault_data_pipeline/data/renault_processed/210310/customers.csv
customer,210310,2878000,41.64,-0.98,6,false,RECOVERED_FROM_FROZEN_ARTIFACT,renault_data_pipeline/data/renault_processed/210310/customers.csv
customer,210310,2884100,43.16,-2.78,2,false,RECOVERED_FROM_FROZEN_ARTIFACT,renault_data_pipeline/data/renault_processed/210310/customers.csv
customer,210310,2884103,42.83,-1.6,3,false,RECOVERED_FROM_FROZEN_ARTIFACT,renault_data_pipeline/data/renault_processed/210310/customers.csv
customer,210310,2884108,43.21,-3.13,2,false,RECOVERED_FROM_FROZEN_ARTIFACT,renault_data_pipeline/data/renault_processed/210310/customers.csv
customer,210310,2888800,41.58,2.25,6,false,RECOVERED_FROM_FROZEN_ARTIFACT,renault_data_pipeline/data/renault_processed/210310/customers.csv
customer,210310,2888802,41.6,-1.27,3,false,RECOVERED_FROM_FROZEN_ARTIFACT,renault_data_pipeline/data/renault_processed/210310/customers.csv
customer,210310,2901101,41.08,-4.73,2,false,RECOVERED_FROM_FROZEN_ARTIFACT,renault_data_pipeline/data/renault_processed/210310/customers.csv
customer,210310,2901122,45.83,8.74,7,false,RECOVERED_FROM_FROZEN_ARTIFACT,renault_data_pipeline/data/renault_processed/210310/customers.csv
customer,210310,2901125,41.93,-4.48,2,false,RECOVERED_FROM_FROZEN_ARTIFACT,renault_data_pipeline/data/renault_processed/210310/customers.csv
customer,210310,2926700,44.72,10.56,8,false,RECOVERED_FROM_FROZEN_ARTIFACT,renault_data_pipeline/data/renault_processed/210310/customers.csv
customer,210310,2928900,42.2,-8.76,2,false,RECOVERED_FROM_FROZEN_ARTIFACT,renault_data_pipeline/data/renault_processed/210310/customers.csv
customer,210310,2971803,49.98,19.83,10,false,RECOVERED_FROM_FROZEN_ARTIFACT,renault_data_pipeline/data/renault_processed/210310/customers.csv
customer,210310,2983607,43.25,-4.06,2,false,RECOVERED_FROM_FROZEN_ARTIFACT,renault_data_pipeline/data/renault_processed/210310/customers.csv
customer,210310,3014901,50.7,3.21,7,false,RECOVERED_FROM_FROZEN_ARTIFACT,renault_data_pipeline/data/renault_processed/210310/customers.csv
customer,210310,3043100,48.15,7.55,7,false,RECOVERED_FROM_FROZEN_ARTIFACT,renault_data_pipeline/data/renault_processed/210310/customers.csv
customer,210310,3043102,49.6,5.08,7,false,RECOVERED_FROM_FROZEN_ARTIFACT,renault_data_pipeline/data/renault_processed/210310/customers.csv
customer,210310,3043109,50.1,11.38,8,true,RECOVERED_FROM_FROZEN_ARTIFACT,renault_data_pipeline/data/renault_processed/210310/customers.csv
customer,210310,3127100,49.82,0.91,5,false,RECOVERED_FROM_FROZEN_ARTIFACT,renault_data_pipeline/data/renault_processed/210310/customers.csv
customer,210310,3161400,47.29,5.02,7,false,RECOVERED_FROM_FROZEN_ARTIFACT,renault_data_pipeline/data/renault_processed/210310/customers.csv
customer,210310,3238100,48.96,2.96,7,false,RECOVERED_FROM_FROZEN_ARTIFACT,renault_data_pipeline/data/renault_processed/210310/customers.csv
customer,210310,3300400,46.36,2.6,5,false,RECOVERED_FROM_FROZEN_ARTIFACT,renault_data_pipeline/data/renault_processed/210310/customers.csv
customer,210310,3304502,49.22,2.13,5,false,RECOVERED_FROM_FROZEN_ARTIFACT,renault_data_pipeline/data/renault_processed/210310/customers.csv
customer,210310,3318800,49.1,1.6,5,false,RECOVERED_FROM_FROZEN_ARTIFACT,renault_data_pipeline/data/renault_processed/210310/customers.csv
customer,210310,3385400,46.06,6.57,7,false,RECOVERED_FROM_FROZEN_ARTIFACT,renault_data_pipeline/data/renault_processed/210310/customers.csv
customer,210310,3699203,49.87,2.53,7,false,RECOVERED_FROM_FROZEN_ARTIFACT,renault_data_pipeline/data/renault_processed/210310/customers.csv
customer,210310,3699209,40.1,-3.63,3,false,RECOVERED_FROM_FROZEN_ARTIFACT,renault_data_pipeline/data/renault_processed/210310/customers.csv
customer,210310,3699213,50.49,3.0,7,false,RECOVERED_FROM_FROZEN_ARTIFACT,renault_data_pipeline/data/renault_processed/210310/customers.csv
customer,210310,3699223,47.77,-0.27,5,false,RECOVERED_FROM_FROZEN_ARTIFACT,renault_data_pipeline/data/renault_processed/210310/customers.csv
customer,210310,3782011,49.95,3.47,7,false,RECOVERED_FROM_FROZEN_ARTIFACT,renault_data_pipeline/data/renault_processed/210310/customers.csv
customer,210310,5083600,49.99,1.88,5,false,RECOVERED_FROM_FROZEN_ARTIFACT,renault_data_pipeline/data/renault_processed/210310/customers.csv
customer,210310,5134300,47.65,-2.09,5,false,RECOVERED_FROM_FROZEN_ARTIFACT,renault_data_pipeline/data/renault_processed/210310/customers.csv
customer,210310,5248801,52.46,8.38,8,false,RECOVERED_FROM_FROZEN_ARTIFACT,renault_data_pipeline/data/renault_processed/210310/customers.csv
customer,210310,5315103,48.31,-0.06,5,false,RECOVERED_FROM_FROZEN_ARTIFACT,renault_data_pipeline/data/renault_processed/210310/customers.csv
customer,210310,5345308,54.76,-1.36,4,false,RECOVERED_FROM_FROZEN_ARTIFACT,renault_data_pipeline/data/renault_processed/210310/customers.csv
customer,210310,5594513,49.77,1.98,5,false,RECOVERED_FROM_FROZEN_ARTIFACT,renault_data_pipeline/data/renault_processed/210310/customers.csv
customer,210310,5898201,47.21,5.9,7,false,RECOVERED_FROM_FROZEN_ARTIFACT,renault_data_pipeline/data/renault_processed/210310/customers.csv
customer,210310,5915200,45.82,4.99,7,false,RECOVERED_FROM_FROZEN_ARTIFACT,renault_data_pipeline/data/renault_processed/210310/customers.csv
customer,210310,5965102,46.19,5.81,7,false,RECOVERED_FROM_FROZEN_ARTIFACT,renault_data_pipeline/data/renault_processed/210310/customers.csv
customer,210310,5965113,49.49,1.73,5,false,RECOVERED_FROM_FROZEN_ARTIFACT,renault_data_pipeline/data/renault_processed/210310/customers.csv
customer,210310,5965114,45.33,5.05,7,false,RECOVERED_FROM_FROZEN_ARTIFACT,renault_data_pipeline/data/renault_processed/210310/customers.csv
customer,210310,5965115,49.77,2.92,7,false,RECOVERED_FROM_FROZEN_ARTIFACT,renault_data_pipeline/data/renault_processed/210310/customers.csv
customer,210310,5965120,44.03,4.98,6,false,RECOVERED_FROM_FROZEN_ARTIFACT,renault_data_pipeline/data/renault_processed/210310/customers.csv
customer,210310,6002303,49.57,3.02,7,false,RECOVERED_FROM_FROZEN_ARTIFACT,renault_data_pipeline/data/renault_processed/210310/customers.csv
customer,210310,6234902,50.4,1.96,5,false,RECOVERED_FROM_FROZEN_ARTIFACT,renault_data_pipeline/data/renault_processed/210310/customers.csv
customer,210310,6665215,47.85,2.74,5,false,RECOVERED_FROM_FROZEN_ARTIFACT,renault_data_pipeline/data/renault_processed/210310/customers.csv
customer,210310,6681302,48.82,6.72,7,false,RECOVERED_FROM_FROZEN_ARTIFACT,renault_data_pipeline/data/renault_processed/210310/customers.csv
customer,210310,6701102,49.27,4.01,7,false,RECOVERED_FROM_FROZEN_ARTIFACT,renault_data_pipeline/data/renault_processed/210310/customers.csv
customer,210310,6701103,48.08,-0.75,5,false,RECOVERED_FROM_FROZEN_ARTIFACT,renault_data_pipeline/data/renault_processed/210310/customers.csv
customer,210310,7204704,50.4,2.98,7,false,RECOVERED_FROM_FROZEN_ARTIFACT,renault_data_pipeline/data/renault_processed/210310/customers.csv
customer,210310,7235904,48.82,4.98,7,true,RECOVERED_FROM_FROZEN_ARTIFACT,renault_data_pipeline/data/renault_processed/210310/customers.csv
customer,210310,7235905,48.4,5.16,7,false,RECOVERED_FROM_FROZEN_ARTIFACT,renault_data_pipeline/data/renault_processed/210310/customers.csv
customer,210310,7235980,50.36,3.1,7,false,RECOVERED_FROM_FROZEN_ARTIFACT,renault_data_pipeline/data/renault_processed/210310/customers.csv
customer,210310,7421817,43.49,2.43,6,false,RECOVERED_FROM_FROZEN_ARTIFACT,renault_data_pipeline/data/renault_processed/210310/customers.csv
customer,210310,7562700,48.98,2.64,5,false,RECOVERED_FROM_FROZEN_ARTIFACT,renault_data_pipeline/data/renault_processed/210310/customers.csv
customer,210310,7684113,48.15,8.64,7,false,RECOVERED_FROM_FROZEN_ARTIFACT,renault_data_pipeline/data/renault_processed/210310/customers.csv
customer,210310,7768904,48.82,6.72,7,false,RECOVERED_FROM_FROZEN_ARTIFACT,renault_data_pipeline/data/renault_processed/210310/customers.csv
customer,210310,7908401,46.54,5.39,7,false,RECOVERED_FROM_FROZEN_ARTIFACT,renault_data_pipeline/data/renault_processed/210310/customers.csv
customer,210310,7908402,45.31,3.37,5,false,RECOVERED_FROM_FROZEN_ARTIFACT,renault_data_pipeline/data/renault_processed/210310/customers.csv
customer,210310,7908404,47.23,5.97,7,false,RECOVERED_FROM_FROZEN_ARTIFACT,renault_data_pipeline/data/renault_processed/210310/customers.csv
customer,210310,7908406,47.52,6.86,7,false,RECOVERED_FROM_FROZEN_ARTIFACT,renault_data_pipeline/data/renault_processed/210310/customers.csv
customer,210310,7908407,48.78,0.29,5,false,RECOVERED_FROM_FROZEN_ARTIFACT,renault_data_pipeline/data/renault_processed/210310/customers.csv
customer,210310,7908409,49.14,0.45,5,false,RECOVERED_FROM_FROZEN_ARTIFACT,renault_data_pipeline/data/renault_processed/210310/customers.csv
customer,210310,7960504,50.25,3.9,7,false,RECOVERED_FROM_FROZEN_ARTIFACT,renault_data_pipeline/data/renault_processed/210310/customers.csv
customer,210310,8010005,50.41,3.06,7,false,RECOVERED_FROM_FROZEN_ARTIFACT,renault_data_pipeline/data/renault_processed/210310/customers.csv
customer,210310,8010011,45.27,4.8,7,false,RECOVERED_FROM_FROZEN_ARTIFACT,renault_data_pipeline/data/renault_processed/210310/customers.csv
customer,210310,8225005,48.72,4.61,7,false,RECOVERED_FROM_FROZEN_ARTIFACT,renault_data_pipeline/data/renault_processed/210310/customers.csv
customer,210310,9500103,45.59,5.89,7,false,RECOVERED_FROM_FROZEN_ARTIFACT,renault_data_pipeline/data/renault_processed/210310/customers.csv
customer,210310,9500111,45.79,24.08,11,false,RECOVERED_FROM_FROZEN_ARTIFACT,renault_data_pipeline/data/renault_processed/210310/customers.csv
customer,210310,9500407,47.78,-3.33,5,false,RECOVERED_FROM_FROZEN_ARTIFACT,renault_data_pipeline/data/renault_processed/210310/customers.csv
customer,210310,9500605,47.61,1.3,5,false,RECOVERED_FROM_FROZEN_ARTIFACT,renault_data_pipeline/data/renault_processed/210310/customers.csv
customer,210310,9516300,40.67,-8.61,2,false,RECOVERED_FROM_FROZEN_ARTIFACT,renault_data_pipeline/data/renault_processed/210310/customers.csv
customer,210310,9624718,47.69,-0.03,5,false,RECOVERED_FROM_FROZEN_ARTIFACT,renault_data_pipeline/data/renault_processed/210310/customers.csv
customer,210310,9639103,45.79,24.08,11,false,RECOVERED_FROM_FROZEN_ARTIFACT,renault_data_pipeline/data/renault_processed/210310/customers.csv
customer,210310,11106007,44.87,24.86,11,false,RECOVERED_FROM_FROZEN_ARTIFACT,renault_data_pipeline/data/renault_processed/210310/customers.csv
customer,210310,11106022,44.87,24.86,11,false,RECOVERED_FROM_FROZEN_ARTIFACT,renault_data_pipeline/data/renault_processed/210310/customers.csv
customer,210310,11106024,44.87,24.86,11,false,RECOVERED_FROM_FROZEN_ARTIFACT,renault_data_pipeline/data/renault_processed/210310/customers.csv
customer,210310,11152708,50.28,3.91,7,false,RECOVERED_FROM_FROZEN_ARTIFACT,renault_data_pipeline/data/renault_processed/210310/customers.csv
customer,210310,11152712,50.38,3.06,7,false,RECOVERED_FROM_FROZEN_ARTIFACT,renault_data_pipeline/data/renault_processed/210310/customers.csv
customer,210310,11152719,41.6,-4.7,2,false,RECOVERED_FROM_FROZEN_ARTIFACT,renault_data_pipeline/data/renault_processed/210310/customers.csv
customer,210310,11419800,41.22,1.74,6,false,RECOVERED_FROM_FROZEN_ARTIFACT,renault_data_pipeline/data/renault_processed/210310/customers.csv
customer,210310,11425601,50.32,18.61,10,false,RECOVERED_FROM_FROZEN_ARTIFACT,renault_data_pipeline/data/renault_processed/210310/customers.csv
customer,210310,11451605,39.81,-7.53,2,false,RECOVERED_FROM_FROZEN_ARTIFACT,renault_data_pipeline/data/renault_processed/210310/customers.csv
customer,210310,11509700,49.68,19.17,10,false,RECOVERED_FROM_FROZEN_ARTIFACT,renault_data_pipeline/data/renault_processed/210310/customers.csv
customer,210310,11509701,49.68,19.17,10,false,RECOVERED_FROM_FROZEN_ARTIFACT,renault_data_pipeline/data/renault_processed/210310/customers.csv
customer,210310,11509705,49.83,18.97,10,true,RECOVERED_FROM_FROZEN_ARTIFACT,renault_data_pipeline/data/renault_processed/210310/customers.csv
customer,210310,11511902,50.8,19.18,10,false,RECOVERED_FROM_FROZEN_ARTIFACT,renault_data_pipeline/data/renault_processed/210310/customers.csv
customer,210310,11511903,50.76,19.03,10,false,RECOVERED_FROM_FROZEN_ARTIFACT,renault_data_pipeline/data/renault_processed/210310/customers.csv
customer,210310,11512300,40.61,-7.3,2,false,RECOVERED_FROM_FROZEN_ARTIFACT,renault_data_pipeline/data/renault_processed/210310/customers.csv
customer,210310,11523703,46.56,23.85,11,false,RECOVERED_FROM_FROZEN_ARTIFACT,renault_data_pipeline/data/renault_processed/210310/customers.csv
customer,210310,11533100,50.27,18.7,10,false,RECOVERED_FROM_FROZEN_ARTIFACT,renault_data_pipeline/data/renault_processed/210310/customers.csv
customer,210310,11597100,44.85,24.87,11,false,RECOVERED_FROM_FROZEN_ARTIFACT,renault_data_pipeline/data/renault_processed/210310/customers.csv
customer,210310,11597102,44.85,24.87,11,false,RECOVERED_FROM_FROZEN_ARTIFACT,renault_data_pipeline/data/renault_processed/210310/customers.csv
customer,210310,11677001,44.78,25.05,11,false,RECOVERED_FROM_FROZEN_ARTIFACT,renault_data_pipeline/data/renault_processed/210310/customers.csv
customer,210310,11711300,43.14,-2.6,2,false,RECOVERED_FROM_FROZEN_ARTIFACT,renault_data_pipeline/data/renault_processed/210310/customers.csv
customer,210310,11723200,54.91,-1.51,4,false,RECOVERED_FROM_FROZEN_ARTIFACT,renault_data_pipeline/data/renault_processed/210310/customers.csv
customer,210310,11738200,42.16,-8.71,2,false,RECOVERED_FROM_FROZEN_ARTIFACT,renault_data_pipeline/data/renault_processed/210310/customers.csv
customer,210310,11740101,41.54,-4.66,2,false,RECOVERED_FROM_FROZEN_ARTIFACT,renault_data_pipeline/data/renault_processed/210310/customers.csv
customer,210310,11780001,51.63,-3.23,4,false,RECOVERED_FROM_FROZEN_ARTIFACT,renault_data_pipeline/data/renault_processed/210310/customers.csv
customer,210310,11780500,50.81,16.32,10,false,RECOVERED_FROM_FROZEN_ARTIFACT,renault_data_pipeline/data/renault_processed/210310/customers.csv
customer,210310,11780502,50.8,16.29,10,false,RECOVERED_FROM_FROZEN_ARTIFACT,renault_data_pipeline/data/renault_processed/210310/customers.csv
customer,210310,11780700,44.95,24.93,11,false,RECOVERED_FROM_FROZEN_ARTIFACT,renault_data_pipeline/data/renault_processed/210310/customers.csv
customer,210310,11869201,50.69,15.15,8,false,RECOVERED_FROM_FROZEN_ARTIFACT,renault_data_pipeline/data/renault_processed/210310/customers.csv
customer,210310,11880500,39.26,-7.43,2,false,RECOVERED_FROM_FROZEN_ARTIFACT,renault_data_pipeline/data/renault_processed/210310/customers.csv
customer,210310,11895401,49.83,7.68,7,false,RECOVERED_FROM_FROZEN_ARTIFACT,renault_data_pipeline/data/renault_processed/210310/customers.csv
customer,210310,12019200,40.1,-3.63,3,false,RECOVERED_FROM_FROZEN_ARTIFACT,renault_data_pipeline/data/renault_processed/210310/customers.csv
customer,210310,12036000,41.34,1.69,6,false,RECOVERED_FROM_FROZEN_ARTIFACT,renault_data_pipeline/data/renault_processed/210310/customers.csv
customer,210310,12036001,41.62,-4.71,2,false,RECOVERED_FROM_FROZEN_ARTIFACT,renault_data_pipeline/data/renault_processed/210310/customers.csv
customer,210310,12036002,41.62,-4.71,2,false,RECOVERED_FROM_FROZEN_ARTIFACT,renault_data_pipeline/data/renault_processed/210310/customers.csv
customer,210310,12080401,44.84,24.99,11,false,RECOVERED_FROM_FROZEN_ARTIFACT,renault_data_pipeline/data/renault_processed/210310/customers.csv
customer,210310,21185900,49.91,4.13,7,false,RECOVERED_FROM_FROZEN_ARTIFACT,renault_data_pipeline/data/renault_processed/210310/customers.csv
customer,210310,21207305,45.79,24.09,11,false,RECOVERED_FROM_FROZEN_ARTIFACT,renault_data_pipeline/data/renault_processed/210310/customers.csv
customer,210310,21323400,46.27,5.66,7,false,RECOVERED_FROM_FROZEN_ARTIFACT,renault_data_pipeline/data/renault_processed/210310/customers.csv
customer,210310,21448500,50.36,3.53,7,false,RECOVERED_FROM_FROZEN_ARTIFACT,renault_data_pipeline/data/renault_processed/210310/customers.csv
customer,210310,21506700,48.05,-0.8,5,false,RECOVERED_FROM_FROZEN_ARTIFACT,renault_data_pipeline/data/renault_processed/210310/customers.csv
customer,210310,21549000,49.47,0.3,5,false,RECOVERED_FROM_FROZEN_ARTIFACT,renault_data_pipeline/data/renault_processed/210310/customers.csv
customer,210310,21660800,47.92,6.66,7,false,RECOVERED_FROM_FROZEN_ARTIFACT,renault_data_pipeline/data/renault_processed/210310/customers.csv
customer,210310,21798202,48.1,-0.73,5,false,RECOVERED_FROM_FROZEN_ARTIFACT,renault_data_pipeline/data/renault_processed/210310/customers.csv
customer,210310,21865316,44.54,25.22,11,false,RECOVERED_FROM_FROZEN_ARTIFACT,renault_data_pipeline/data/renault_processed/210310/customers.csv
customer,210310,22040200,49.27,1.79,5,false,RECOVERED_FROM_FROZEN_ARTIFACT,renault_data_pipeline/data/renault_processed/210310/customers.csv
customer,210310,22060301,49.21,6.21,7,false,RECOVERED_FROM_FROZEN_ARTIFACT,renault_data_pipeline/data/renault_processed/210310/customers.csv
customer,210310,22086204,45.47,4.44,7,false,RECOVERED_FROM_FROZEN_ARTIFACT,renault_data_pipeline/data/renault_processed/210310/customers.csv
customer,210310,22091301,50.31,2.95,7,false,RECOVERED_FROM_FROZEN_ARTIFACT,renault_data_pipeline/data/renault_processed/210310/customers.csv
customer,210310,22102700,48.11,2.36,5,false,RECOVERED_FROM_FROZEN_ARTIFACT,renault_data_pipeline/data/renault_processed/210310/customers.csv
customer,210310,23235902,44.66,25.56,11,false,RECOVERED_FROM_FROZEN_ARTIFACT,renault_data_pipeline/data/renault_processed/210310/customers.csv
customer,210310,23261013,50.38,13.58,8,false,RECOVERED_FROM_FROZEN_ARTIFACT,renault_data_pipeline/data/renault_processed/210310/customers.csv
customer,210310,23321100,46.58,14.73,9,false,RECOVERED_FROM_FROZEN_ARTIFACT,renault_data_pipeline/data/renault_processed/210310/customers.csv
customer,210310,23342502,44.97,24.93,11,true,RECOVERED_FROM_FROZEN_ARTIFACT,renault_data_pipeline/data/renault_processed/210310/customers.csv
customer,210310,23376100,42.28,-7.83,2,false,RECOVERED_FROM_FROZEN_ARTIFACT,renault_data_pipeline/data/renault_processed/210310/customers.csv
customer,210310,23395100,51.06,4.46,7,false,RECOVERED_FROM_FROZEN_ARTIFACT,renault_data_pipeline/data/renault_processed/210310/customers.csv
customer,210310,23536810,43.6,1.36,6,false,RECOVERED_FROM_FROZEN_ARTIFACT,renault_data_pipeline/data/renault_processed/210310/customers.csv
customer,210310,23559602,49.83,19.07,10,false,RECOVERED_FROM_FROZEN_ARTIFACT,renault_data_pipeline/data/renault_processed/210310/customers.csv
customer,210310,23641200,48.6,-0.37,5,false,RECOVERED_FROM_FROZEN_ARTIFACT,renault_data_pipeline/data/renault_processed/210310/customers.csv
customer,210310,23676305,47.74,7.14,7,false,RECOVERED_FROM_FROZEN_ARTIFACT,renault_data_pipeline/data/renault_processed/210310/customers.csv
customer,210310,23709500,48.72,18.25,9,false,RECOVERED_FROM_FROZEN_ARTIFACT,renault_data_pipeline/data/renault_processed/210310/customers.csv
customer,210310,23836603,45.74,5.07,7,false,RECOVERED_FROM_FROZEN_ARTIFACT,renault_data_pipeline/data/renault_processed/210310/customers.csv
customer,210310,23934607,49.98,19.83,10,false,RECOVERED_FROM_FROZEN_ARTIFACT,renault_data_pipeline/data/renault_processed/210310/customers.csv
customer,210310,23989200,48.96,2.48,5,false,RECOVERED_FROM_FROZEN_ARTIFACT,renault_data_pipeline/data/renault_processed/210310/customers.csv
customer,210310,24007700,49.89,19.03,10,false,RECOVERED_FROM_FROZEN_ARTIFACT,renault_data_pipeline/data/renault_processed/210310/customers.csv
customer,210310,24099000,49.33,14.11,8,false,RECOVERED_FROM_FROZEN_ARTIFACT,renault_data_pipeline/data/renault_processed/210310/customers.csv
customer,210310,24099001,48.97,16.52,9,false,RECOVERED_FROM_FROZEN_ARTIFACT,renault_data_pipeline/data/renault_processed/210310/customers.csv
customer,210310,24123500,47.21,18.43,9,false,RECOVERED_FROM_FROZEN_ARTIFACT,renault_data_pipeline/data/renault_processed/210310/customers.csv
customer,210310,24267400,49.23,19.3,10,false,RECOVERED_FROM_FROZEN_ARTIFACT,renault_data_pipeline/data/renault_processed/210310/customers.csv
customer,210310,24267502,41.75,-8.83,2,false,RECOVERED_FROM_FROZEN_ARTIFACT,renault_data_pipeline/data/renault_processed/210310/customers.csv
customer,210310,24303001,42.0,-4.51,2,false,RECOVERED_FROM_FROZEN_ARTIFACT,renault_data_pipeline/data/renault_processed/210310/customers.csv
customer,210310,24351800,41.94,-4.48,2,false,RECOVERED_FROM_FROZEN_ARTIFACT,renault_data_pipeline/data/renault_processed/210310/customers.csv
customer,210310,24405104,48.68,21.23,10,false,RECOVERED_FROM_FROZEN_ARTIFACT,renault_data_pipeline/data/renault_processed/210310/customers.csv
customer,210310,24421501,45.92,14.89,9,false,RECOVERED_FROM_FROZEN_ARTIFACT,renault_data_pipeline/data/renault_processed/210310/customers.csv
customer,210310,24700300,45.8,15.18,9,false,RECOVERED_FROM_FROZEN_ARTIFACT,renault_data_pipeline/data/renault_processed/210310/customers.csv
customer,210310,24700302,45.68,15.28,9,false,RECOVERED_FROM_FROZEN_ARTIFACT,renault_data_pipeline/data/renault_processed/210310/customers.csv
customer,210310,24705700,51.17,16.18,10,false,RECOVERED_FROM_FROZEN_ARTIFACT,renault_data_pipeline/data/renault_processed/210310/customers.csv
customer,210310,24935704,45.79,21.32,11,false,RECOVERED_FROM_FROZEN_ARTIFACT,renault_data_pipeline/data/renault_processed/210310/customers.csv
customer,210310,24975302,45.73,21.16,11,false,RECOVERED_FROM_FROZEN_ARTIFACT,renault_data_pipeline/data/renault_processed/210310/customers.csv
customer,210310,24979000,49.1,6.87,7,false,RECOVERED_FROM_FROZEN_ARTIFACT,renault_data_pipeline/data/renault_processed/210310/customers.csv
customer,210310,24979100,50.02,15.68,10,false,RECOVERED_FROM_FROZEN_ARTIFACT,renault_data_pipeline/data/renault_processed/210310/customers.csv
customer,210310,24989703,44.8,24.95,11,false,RECOVERED_FROM_FROZEN_ARTIFACT,renault_data_pipeline/data/renault_processed/210310/customers.csv
customer,210310,24993000,47.11,17.87,9,false,RECOVERED_FROM_FROZEN_ARTIFACT,renault_data_pipeline/data/renault_processed/210310/customers.csv
customer,210310,25047700,49.74,13.6,8,false,RECOVERED_FROM_FROZEN_ARTIFACT,renault_data_pipeline/data/renault_processed/210310/customers.csv
customer,210310,25050301,48.59,19.1,9,false,RECOVERED_FROM_FROZEN_ARTIFACT,renault_data_pipeline/data/renault_processed/210310/customers.csv
customer,210310,25125900,41.17,-8.44,2,false,RECOVERED_FROM_FROZEN_ARTIFACT,renault_data_pipeline/data/renault_processed/210310/customers.csv
customer,210310,25166200,45.78,24.19,11,false,RECOVERED_FROM_FROZEN_ARTIFACT,renault_data_pipeline/data/renault_processed/210310/customers.csv
customer,210310,25258200,47.73,22.87,11,false,RECOVERED_FROM_FROZEN_ARTIFACT,renault_data_pipeline/data/renault_processed/210310/customers.csv
customer,210310,25314702,47.38,-1.1,5,false,RECOVERED_FROM_FROZEN_ARTIFACT,renault_data_pipeline/data/renault_processed/210310/customers.csv
customer,210310,25315000,33.6,-7.58,1,false,RECOVERED_FROM_FROZEN_ARTIFACT,renault_data_pipeline/data/renault_processed/210310/customers.csv
customer,210310,25344801,48.33,18.05,9,false,RECOVERED_FROM_FROZEN_ARTIFACT,renault_data_pipeline/data/renault_processed/210310/customers.csv
customer,210310,25348700,41.82,-6.72,2,false,RECOVERED_FROM_FROZEN_ARTIFACT,renault_data_pipeline/data/renault_processed/210310/customers.csv
customer,210310,25361700,41.97,-8.69,2,false,RECOVERED_FROM_FROZEN_ARTIFACT,renault_data_pipeline/data/renault_processed/210310/customers.csv
customer,210310,25426800,50.24,15.79,10,false,RECOVERED_FROM_FROZEN_ARTIFACT,renault_data_pipeline/data/renault_processed/210310/customers.csv
customer,210310,25426900,50.37,19.78,10,false,RECOVERED_FROM_FROZEN_ARTIFACT,renault_data_pipeline/data/renault_processed/210310/customers.csv
customer,210310,25432700,51.78,-4.03,4,false,RECOVERED_FROM_FROZEN_ARTIFACT,renault_data_pipeline/data/renault_processed/210310/customers.csv
customer,210310,25445204,48.11,-1.18,5,false,RECOVERED_FROM_FROZEN_ARTIFACT,renault_data_pipeline/data/renault_processed/210310/customers.csv
customer,210310,25531901,47.11,23.9,11,false,RECOVERED_FROM_FROZEN_ARTIFACT,renault_data_pipeline/data/renault_processed/210310/customers.csv
customer,210310,25725702,43.2,-2.71,2,false,RECOVERED_FROM_FROZEN_ARTIFACT,renault_data_pipeline/data/renault_processed/210310/customers.csv
customer,210310,25734400,44.87,7.73,7,false,RECOVERED_FROM_FROZEN_ARTIFACT,renault_data_pipeline/data/renault_processed/210310/customers.csv
customer,210310,25746700,48.36,17.57,9,false,RECOVERED_FROM_FROZEN_ARTIFACT,renault_data_pipeline/data/renault_processed/210310/customers.csv
customer,210310,25767300,42.11,-8.63,2,false,RECOVERED_FROM_FROZEN_ARTIFACT,renault_data_pipeline/data/renault_processed/210310/customers.csv
customer,210310,25769300,43.28,-5.82,2,false,RECOVERED_FROM_FROZEN_ARTIFACT,renault_data_pipeline/data/renault_processed/210310/customers.csv
customer,210310,25782500,33.56,-7.67,1,false,RECOVERED_FROM_FROZEN_ARTIFACT,renault_data_pipeline/data/renault_processed/210310/customers.csv
customer,210310,25860700,47.26,-1.5,5,false,RECOVERED_FROM_FROZEN_ARTIFACT,renault_data_pipeline/data/renault_processed/210310/customers.csv
customer,210310,25869802,45.39,6.27,7,false,RECOVERED_FROM_FROZEN_ARTIFACT,renault_data_pipeline/data/renault_processed/210310/customers.csv
customer,210310,25877300,47.8,10.86,8,false,RECOVERED_FROM_FROZEN_ARTIFACT,renault_data_pipeline/data/renault_processed/210310/customers.csv
customer,210310,25915001,45.65,25.52,11,false,RECOVERED_FROM_FROZEN_ARTIFACT,renault_data_pipeline/data/renault_processed/210310/customers.csv
customer,210310,25929600,41.85,-1.94,3,false,RECOVERED_FROM_FROZEN_ARTIFACT,renault_data_pipeline/data/renault_processed/210310/customers.csv
customer,210310,25958400,44.94,25.95,11,false,RECOVERED_FROM_FROZEN_ARTIFACT,renault_data_pipeline/data/renault_processed/210310/customers.csv
customer,210310,26006000,49.47,17.14,10,false,RECOVERED_FROM_FROZEN_ARTIFACT,renault_data_pipeline/data/renault_processed/210310/customers.csv
customer,210310,26063600,47.85,17.18,9,false,RECOVERED_FROM_FROZEN_ARTIFACT,renault_data_pipeline/data/renault_processed/210310/customers.csv
customer,210310,26064702,49.46,17.13,10,false,RECOVERED_FROM_FROZEN_ARTIFACT,renault_data_pipeline/data/renault_processed/210310/customers.csv
customer,210310,26188600,49.29,4.03,7,false,RECOVERED_FROM_FROZEN_ARTIFACT,renault_data_pipeline/data/renault_processed/210310/customers.csv
customer,210310,26212000,44.95,24.93,11,false,RECOVERED_FROM_FROZEN_ARTIFACT,renault_data_pipeline/data/renault_processed/210310/customers.csv
customer,210310,26242400,46.88,19.62,9,false,RECOVERED_FROM_FROZEN_ARTIFACT,renault_data_pipeline/data/renault_processed/210310/customers.csv
customer,210310,26254901,50.74,11.87,8,false,RECOVERED_FROM_FROZEN_ARTIFACT,renault_data_pipeline/data/renault_processed/210310/customers.csv
customer,210310,26358500,47.98,18.19,9,false,RECOVERED_FROM_FROZEN_ARTIFACT,renault_data_pipeline/data/renault_processed/210310/customers.csv
customer,210310,26367200,47.86,17.78,9,true,RECOVERED_FROM_FROZEN_ARTIFACT,renault_data_pipeline/data/renault_processed/210310/customers.csv
customer,210310,26372000,48.04,19.8,9,false,RECOVERED_FROM_FROZEN_ARTIFACT,renault_data_pipeline/data/renault_processed/210310/customers.csv
customer,210310,26404400,44.97,24.91,11,false,RECOVERED_FROM_FROZEN_ARTIFACT,renault_data_pipeline/data/renault_processed/210310/customers.csv
customer,210310,26447800,44.66,25.55,11,false,RECOVERED_FROM_FROZEN_ARTIFACT,renault_data_pipeline/data/renault_processed/210310/customers.csv
customer,210310,26475101,49.16,5.9,7,false,RECOVERED_FROM_FROZEN_ARTIFACT,renault_data_pipeline/data/renault_processed/210310/customers.csv
customer,210310,26540200,45.81,21.19,11,false,RECOVERED_FROM_FROZEN_ARTIFACT,renault_data_pipeline/data/renault_processed/210310/customers.csv
customer,210310,26551501,45.3,25.06,11,false,RECOVERED_FROM_FROZEN_ARTIFACT,renault_data_pipeline/data/renault_processed/210310/customers.csv
customer,210310,26585501,38.59,-8.9,1,false,RECOVERED_FROM_FROZEN_ARTIFACT,renault_data_pipeline/data/renault_processed/210310/customers.csv
customer,210310,26610800,49.16,1.35,5,false,RECOVERED_FROM_FROZEN_ARTIFACT,renault_data_pipeline/data/renault_processed/210310/customers.csv
customer,210310,26743100,51.13,16.95,10,false,RECOVERED_FROM_FROZEN_ARTIFACT,renault_data_pipeline/data/renault_processed/210310/customers.csv
customer,210310,26796600,41.6,-1.27,3,false,RECOVERED_FROM_FROZEN_ARTIFACT,renault_data_pipeline/data/renault_processed/210310/customers.csv
customer,210310,26815301,48.03,17.32,9,false,RECOVERED_FROM_FROZEN_ARTIFACT,renault_data_pipeline/data/renault_processed/210310/customers.csv
customer,210310,27029800,50.27,3.33,7,false,RECOVERED_FROM_FROZEN_ARTIFACT,renault_data_pipeline/data/renault_processed/210310/customers.csv
customer,210310,27029901,48.22,3.28,7,false,RECOVERED_FROM_FROZEN_ARTIFACT,renault_data_pipeline/data/renault_processed/210310/customers.csv
customer,210310,27046701,48.24,17.36,9,false,RECOVERED_FROM_FROZEN_ARTIFACT,renault_data_pipeline/data/renault_processed/210310/customers.csv
customer,210310,27095301,49.03,3.37,7,false,RECOVERED_FROM_FROZEN_ARTIFACT,renault_data_pipeline/data/renault_processed/210310/customers.csv
customer,210310,27105201,50.37,3.09,7,false,RECOVERED_FROM_FROZEN_ARTIFACT,renault_data_pipeline/data/renault_processed/210310/customers.csv
customer,210310,27105202,49.02,0.42,5,false,RECOVERED_FROM_FROZEN_ARTIFACT,renault_data_pipeline/data/renault_processed/210310/customers.csv
customer,210310,27105203,46.99,2.24,5,false,RECOVERED_FROM_FROZEN_ARTIFACT,renault_data_pipeline/data/renault_processed/210310/customers.csv
customer,210310,27105204,50.36,3.1,7,false,RECOVERED_FROM_FROZEN_ARTIFACT,renault_data_pipeline/data/renault_processed/210310/customers.csv
customer,210310,27105208,48.72,0.42,5,false,RECOVERED_FROM_FROZEN_ARTIFACT,renault_data_pipeline/data/renault_processed/210310/customers.csv
customer,210310,27105209,49.52,0.92,5,false,RECOVERED_FROM_FROZEN_ARTIFACT,renault_data_pipeline/data/renault_processed/210310/customers.csv
customer,210310,27107002,50.41,14.95,8,false,RECOVERED_FROM_FROZEN_ARTIFACT,renault_data_pipeline/data/renault_processed/210310/customers.csv
customer,210310,27125400,48.37,0.56,5,false,RECOVERED_FROM_FROZEN_ARTIFACT,renault_data_pipeline/data/renault_processed/210310/customers.csv
customer,210310,27125600,47.48,6.78,7,false,RECOVERED_FROM_FROZEN_ARTIFACT,renault_data_pipeline/data/renault_processed/210310/customers.csv
customer,210310,27125700,52.21,20.6,10,false,RECOVERED_FROM_FROZEN_ARTIFACT,renault_data_pipeline/data/renault_processed/210310/customers.csv
customer,210310,27137200,47.51,7.01,7,false,RECOVERED_FROM_FROZEN_ARTIFACT,renault_data_pipeline/data/renault_processed/210310/customers.csv
customer,210310,27157400,48.16,6.46,7,false,RECOVERED_FROM_FROZEN_ARTIFACT,renault_data_pipeline/data/renault_processed/210310/customers.csv
customer,210310,27218001,41.94,-4.5,2,false,RECOVERED_FROM_FROZEN_ARTIFACT,renault_data_pipeline/data/renault_processed/210310/customers.csv
customer,210310,27287200,47.24,16.65,9,false,RECOVERED_FROM_FROZEN_ARTIFACT,renault_data_pipeline/data/renault_processed/210310/customers.csv
customer,210310,27359000,48.25,18.3,9,false,RECOVERED_FROM_FROZEN_ARTIFACT,renault_data_pipeline/data/renault_processed/210310/customers.csv
customer,210310,27365201,48.04,8.78,7,false,RECOVERED_FROM_FROZEN_ARTIFACT,renault_data_pipeline/data/renault_processed/210310/customers.csv
customer,210310,27368600,49.29,15.07,9,false,RECOVERED_FROM_FROZEN_ARTIFACT,renault_data_pipeline/data/renault_processed/210310/customers.csv
customer,210310,27376300,43.4,-3.84,2,false,RECOVERED_FROM_FROZEN_ARTIFACT,renault_data_pipeline/data/renault_processed/210310/customers.csv
customer,210310,27442306,35.72,-5.92,1,false,RECOVERED_FROM_FROZEN_ARTIFACT,renault_data_pipeline/data/renault_processed/210310/customers.csv
customer,210310,27477001,50.04,15.58,10,false,RECOVERED_FROM_FROZEN_ARTIFACT,renault_data_pipeline/data/renault_processed/210310/customers.csv
customer,210310,27559302,51.12,14.19,8,false,RECOVERED_FROM_FROZEN_ARTIFACT,renault_data_pipeline/data/renault_processed/210310/customers.csv
customer,210310,27562001,50.35,19.26,10,false,RECOVERED_FROM_FROZEN_ARTIFACT,renault_data_pipeline/data/renault_processed/210310/customers.csv
customer,210310,27593900,47.27,-1.5,5,false,RECOVERED_FROM_FROZEN_ARTIFACT,renault_data_pipeline/data/renault_processed/210310/customers.csv
customer,210310,27594100,40.65,-3.19,3,false,RECOVERED_FROM_FROZEN_ARTIFACT,renault_data_pipeline/data/renault_processed/210310/customers.csv
customer,210310,27662602,50.83,19.13,10,false,RECOVERED_FROM_FROZEN_ARTIFACT,renault_data_pipeline/data/renault_processed/210310/customers.csv
customer,210310,27690200,45.66,25.61,11,false,RECOVERED_FROM_FROZEN_ARTIFACT,renault_data_pipeline/data/renault_processed/210310/customers.csv
customer,210310,27752300,41.62,25.38,12,true,RECOVERED_FROM_FROZEN_ARTIFACT,renault_data_pipeline/data/renault_processed/210310/customers.csv
customer,210310,27805100,54.91,-1.49,4,false,RECOVERED_FROM_FROZEN_ARTIFACT,renault_data_pipeline/data/renault_processed/210310/customers.csv
customer,210310,27830400,49.24,6.15,7,false,RECOVERED_FROM_FROZEN_ARTIFACT,renault_data_pipeline/data/renault_processed/210310/customers.csv
customer,210310,27830500,49.24,6.15,7,false,RECOVERED_FROM_FROZEN_ARTIFACT,renault_data_pipeline/data/renault_processed/210310/customers.csv
customer,210310,27845100,42.43,25.66,12,false,RECOVERED_FROM_FROZEN_ARTIFACT,renault_data_pipeline/data/renault_processed/210310/customers.csv
customer,210310,27862302,53.77,-1.55,4,false,RECOVERED_FROM_FROZEN_ARTIFACT,renault_data_pipeline/data/renault_processed/210310/customers.csv
customer,210310,27902200,47.55,-0.11,5,false,RECOVERED_FROM_FROZEN_ARTIFACT,renault_data_pipeline/data/renault_processed/210310/customers.csv
customer,210310,27996500,44.79,24.98,11,false,RECOVERED_FROM_FROZEN_ARTIFACT,renault_data_pipeline/data/renault_processed/210310/customers.csv
customer,210310,28018200,48.04,19.79,9,false,RECOVERED_FROM_FROZEN_ARTIFACT,renault_data_pipeline/data/renault_processed/210310/customers.csv
customer,210310,28058401,49.3,4.12,7,false,RECOVERED_FROM_FROZEN_ARTIFACT,renault_data_pipeline/data/renault_processed/210310/customers.csv
customer,210310,28058405,49.28,4.06,7,false,RECOVERED_FROM_FROZEN_ARTIFACT,renault_data_pipeline/data/renault_processed/210310/customers.csv
customer,210310,28064002,51.46,7.62,8,false,RECOVERED_FROM_FROZEN_ARTIFACT,renault_data_pipeline/data/renault_processed/210310/customers.csv
customer,210310,28075900,49.68,13.42,8,false,RECOVERED_FROM_FROZEN_ARTIFACT,renault_data_pipeline/data/renault_processed/210310/customers.csv
customer,210310,28075904,40.5,-3.41,3,false,RECOVERED_FROM_FROZEN_ARTIFACT,renault_data_pipeline/data/renault_processed/210310/customers.csv
customer,210310,28075907,49.29,13.14,8,false,RECOVERED_FROM_FROZEN_ARTIFACT,renault_data_pipeline/data/renault_processed/210310/customers.csv
customer,210310,28075908,51.5,-0.43,4,false,RECOVERED_FROM_FROZEN_ARTIFACT,renault_data_pipeline/data/renault_processed/210310/customers.csv
customer,210310,28128000,46.56,23.84,11,false,RECOVERED_FROM_FROZEN_ARTIFACT,renault_data_pipeline/data/renault_processed/210310/customers.csv
customer,210310,28130500,47.92,19.12,9,false,RECOVERED_FROM_FROZEN_ARTIFACT,renault_data_pipeline/data/renault_processed/210310/customers.csv
customer,210310,28225500,51.66,5.65,7,false,RECOVERED_FROM_FROZEN_ARTIFACT,renault_data_pipeline/data/renault_processed/210310/customers.csv
customer,210310,28237800,54.53,-1.36,4,true,RECOVERED_FROM_FROZEN_ARTIFACT,renault_data_pipeline/data/renault_processed/210310/customers.csv
customer,210310,28253900,43.3,-1.9,2,false,RECOVERED_FROM_FROZEN_ARTIFACT,renault_data_pipeline/data/renault_processed/210310/customers.csv
customer,210310,28279401,51.19,11.06,8,false,RECOVERED_FROM_FROZEN_ARTIFACT,renault_data_pipeline/data/renault_processed/210310/customers.csv
customer,210310,28328400,48.42,17.04,9,false,RECOVERED_FROM_FROZEN_ARTIFACT,renault_data_pipeline/data/renault_processed/210310/customers.csv
customer,210310,28333101,49.84,3.24,7,false,RECOVERED_FROM_FROZEN_ARTIFACT,renault_data_pipeline/data/renault_processed/210310/customers.csv
customer,210310,28350800,44.79,24.98,11,false,RECOVERED_FROM_FROZEN_ARTIFACT,renault_data_pipeline/data/renault_processed/210310/customers.csv
customer,210310,28350801,45.17,24.84,11,false,RECOVERED_FROM_FROZEN_ARTIFACT,renault_data_pipeline/data/renault_processed/210310/customers.csv
customer,210310,28412700,46.38,5.84,7,false,RECOVERED_FROM_FROZEN_ARTIFACT,renault_data_pipeline/data/renault_processed/210310/customers.csv
customer,210310,28458102,43.17,-2.56,2,false,RECOVERED_FROM_FROZEN_ARTIFACT,renault_data_pipeline/data/renault_processed/210310/customers.csv
customer,210310,28472500,41.9,1.71,6,false,RECOVERED_FROM_FROZEN_ARTIFACT,renault_data_pipeline/data/renault_processed/210310/customers.csv
customer,210310,28482700,39.36,-0.45,3,false,RECOVERED_FROM_FROZEN_ARTIFACT,renault_data_pipeline/data/renault_processed/210310/customers.csv
customer,210310,28610400,49.77,1.97,5,false,RECOVERED_FROM_FROZEN_ARTIFACT,renault_data_pipeline/data/renault_processed/210310/customers.csv
customer,210310,28639700,51.79,-3.24,4,false,RECOVERED_FROM_FROZEN_ARTIFACT,renault_data_pipeline/data/renault_processed/210310/customers.csv
customer,210310,28681300,49.39,1.38,5,false,RECOVERED_FROM_FROZEN_ARTIFACT,renault_data_pipeline/data/renault_processed/210310/customers.csv
customer,210310,28775300,52.64,-1.71,4,false,RECOVERED_FROM_FROZEN_ARTIFACT,renault_data_pipeline/data/renault_processed/210310/customers.csv
customer,210310,28879100,45.87,15.09,9,false,RECOVERED_FROM_FROZEN_ARTIFACT,renault_data_pipeline/data/renault_processed/210310/customers.csv
customer,210310,28884600,50.92,5.53,7,false,RECOVERED_FROM_FROZEN_ARTIFACT,renault_data_pipeline/data/renault_processed/210310/customers.csv
customer,210310,28898200,48.73,18.56,9,false,RECOVERED_FROM_FROZEN_ARTIFACT,renault_data_pipeline/data/renault_processed/210310/customers.csv
customer,210310,28989300,53.53,10.03,8,false,RECOVERED_FROM_FROZEN_ARTIFACT,renault_data_pipeline/data/renault_processed/210310/customers.csv
customer,210310,29199101,46.37,15.37,9,false,RECOVERED_FROM_FROZEN_ARTIFACT,renault_data_pipeline/data/renault_processed/210310/customers.csv
customer,210310,29221700,45.38,20.43,9,false,RECOVERED_FROM_FROZEN_ARTIFACT,renault_data_pipeline/data/renault_processed/210310/customers.csv
customer,210310,29249600,49.4,19.48,10,false,RECOVERED_FROM_FROZEN_ARTIFACT,renault_data_pipeline/data/renault_processed/210310/customers.csv
customer,210310,29324200,40.85,-8.48,2,false,RECOVERED_FROM_FROZEN_ARTIFACT,renault_data_pipeline/data/renault_processed/210310/customers.csv
customer,210310,29350201,47.94,-2.38,5,false,RECOVERED_FROM_FROZEN_ARTIFACT,renault_data_pipeline/data/renault_processed/210310/customers.csv
customer,210310,29350204,50.09,3.53,7,false,RECOVERED_FROM_FROZEN_ARTIFACT,renault_data_pipeline/data/renault_processed/210310/customers.csv
customer,210310,29350205,47.29,-2.3,5,false,RECOVERED_FROM_FROZEN_ARTIFACT,renault_data_pipeline/data/renault_processed/210310/customers.csv
customer,210310,29350212,48.6,5.04,7,false,RECOVERED_FROM_FROZEN_ARTIFACT,renault_data_pipeline/data/renault_processed/210310/customers.csv
customer,210310,29350214,47.38,-1.1,5,false,RECOVERED_FROM_FROZEN_ARTIFACT,renault_data_pipeline/data/renault_processed/210310/customers.csv
customer,210310,29352200,40.9,-8.44,2,false,RECOVERED_FROM_FROZEN_ARTIFACT,renault_data_pipeline/data/renault_processed/210310/customers.csv
customer,210310,29352201,40.9,-8.44,2,false,RECOVERED_FROM_FROZEN_ARTIFACT,renault_data_pipeline/data/renault_processed/210310/customers.csv
customer,210310,29382801,45.07,24.81,11,false,RECOVERED_FROM_FROZEN_ARTIFACT,renault_data_pipeline/data/renault_processed/210310/customers.csv
customer,210310,29448401,49.99,4.68,7,false,RECOVERED_FROM_FROZEN_ARTIFACT,renault_data_pipeline/data/renault_processed/210310/customers.csv
customer,210310,29450102,42.78,-4.25,2,false,RECOVERED_FROM_FROZEN_ARTIFACT,renault_data_pipeline/data/renault_processed/210310/customers.csv
customer,210310,29527000,49.51,2.43,5,false,RECOVERED_FROM_FROZEN_ARTIFACT,renault_data_pipeline/data/renault_processed/210310/customers.csv
customer,210310,29673200,50.98,-3.24,5,false,RECOVERED_FROM_FROZEN_ARTIFACT,renault_data_pipeline/data/renault_processed/210310/customers.csv
customer,210310,29685200,51.16,4.79,7,false,RECOVERED_FROM_FROZEN_ARTIFACT,renault_data_pipeline/data/renault_processed/210310/customers.csv
customer,210310,29717101,42.78,-1.38,6,false,RECOVERED_FROM_FROZEN_ARTIFACT,renault_data_pipeline/data/renault_processed/210310/customers.csv
customer,210310,29721000,41.63,2.29,6,false,RECOVERED_FROM_FROZEN_ARTIFACT,renault_data_pipeline/data/renault_processed/210310/customers.csv
customer,210310,29855000,46.18,5.57,7,false,RECOVERED_FROM_FROZEN_ARTIFACT,renault_data_pipeline/data/renault_processed/210310/customers.csv
customer,210310,29937600,42.88,-2.31,2,false,RECOVERED_FROM_FROZEN_ARTIFACT,renault_data_pipeline/data/renault_processed/210310/customers.csv
customer,210310,29969301,40.57,-8.12,2,false,RECOVERED_FROM_FROZEN_ARTIFACT,renault_data_pipeline/data/renault_processed/210310/customers.csv
customer,210310,40084500,47.29,-2.3,5,false,RECOVERED_FROM_FROZEN_ARTIFACT,renault_data_pipeline/data/renault_processed/210310/customers.csv
customer,210310,40145700,41.82,-8.44,2,false,RECOVERED_FROM_FROZEN_ARTIFACT,renault_data_pipeline/data/renault_processed/210310/customers.csv
customer,210310,40168301,46.09,4.76,7,false,RECOVERED_FROM_FROZEN_ARTIFACT,renault_data_pipeline/data/renault_processed/210310/customers.csv
customer,210310,40217101,45.2,7.89,7,false,RECOVERED_FROM_FROZEN_ARTIFACT,renault_data_pipeline/data/renault_processed/210310/customers.csv
customer,210310,40253500,47.69,22.5,10,false,RECOVERED_FROM_FROZEN_ARTIFACT,renault_data_pipeline/data/renault_processed/210310/customers.csv
customer,210310,40317703,39.47,-0.57,3,false,RECOVERED_FROM_FROZEN_ARTIFACT,renault_data_pipeline/data/renault_processed/210310/customers.csv
customer,210310,40475000,49.17,11.01,8,false,RECOVERED_FROM_FROZEN_ARTIFACT,renault_data_pipeline/data/renault_processed/210310/customers.csv
customer,210310,40654000,44.87,24.86,11,false,RECOVERED_FROM_FROZEN_ARTIFACT,renault_data_pipeline/data/renault_processed/210310/customers.csv
customer,210310,40741601,50.49,2.5,7,false,RECOVERED_FROM_FROZEN_ARTIFACT,renault_data_pipeline/data/renault_processed/210310/customers.csv
customer,210310,40741604,50.49,2.68,7,false,RECOVERED_FROM_FROZEN_ARTIFACT,renault_data_pipeline/data/renault_processed/210310/customers.csv
customer,210310,40771302,35.66,-5.67,1,true,RECOVERED_FROM_FROZEN_ARTIFACT,renault_data_pipeline/data/renault_processed/210310/customers.csv
customer,210310,40819100,47.63,18.29,9,false,RECOVERED_FROM_FROZEN_ARTIFACT,renault_data_pipeline/data/renault_processed/210310/customers.csv
customer,210310,40832000,47.08,21.86,9,false,RECOVERED_FROM_FROZEN_ARTIFACT,renault_data_pipeline/data/renault_processed/210310/customers.csv
customer,210310,40906107,48.13,20.78,9,false,RECOVERED_FROM_FROZEN_ARTIFACT,renault_data_pipeline/data/renault_processed/210310/customers.csv
customer,210310,40909900,40.78,-8.59,2,false,RECOVERED_FROM_FROZEN_ARTIFACT,renault_data_pipeline/data/renault_processed/210310/customers.csv
customer,210310,40979700,44.92,24.87,11,false,RECOVERED_FROM_FROZEN_ARTIFACT,renault_data_pipeline/data/renault_processed/210310/customers.csv
customer,210310,41008105,51.04,16.9,10,false,RECOVERED_FROM_FROZEN_ARTIFACT,renault_data_pipeline/data/renault_processed/210310/customers.csv
customer,210310,41099501,47.37,19.12,9,false,RECOVERED_FROM_FROZEN_ARTIFACT,renault_data_pipeline/data/renault_processed/210310/customers.csv
customer,210310,41106800,52.4,-1.55,4,false,RECOVERED_FROM_FROZEN_ARTIFACT,renault_data_pipeline/data/renault_processed/210310/customers.csv
customer,210310,41156800,48.57,18.86,9,false,RECOVERED_FROM_FROZEN_ARTIFACT,renault_data_pipeline/data/renault_processed/210310/customers.csv
customer,210310,41223901,40.58,-8.12,2,false,RECOVERED_FROM_FROZEN_ARTIFACT,renault_data_pipeline/data/renault_processed/210310/customers.csv
customer,210310,41428600,47.11,17.88,9,false,RECOVERED_FROM_FROZEN_ARTIFACT,renault_data_pipeline/data/renault_processed/210310/customers.csv
customer,210310,41448500,48.74,18.23,9,false,RECOVERED_FROM_FROZEN_ARTIFACT,renault_data_pipeline/data/renault_processed/210310/customers.csv
customer,210310,41462100,35.66,-5.67,1,false,RECOVERED_FROM_FROZEN_ARTIFACT,renault_data_pipeline/data/renault_processed/210310/customers.csv
customer,210310,41482900,46.25,1.5,5,false,RECOVERED_FROM_FROZEN_ARTIFACT,renault_data_pipeline/data/renault_processed/210310/customers.csv
customer,210310,41565300,49.47,5.86,7,false,RECOVERED_FROM_FROZEN_ARTIFACT,renault_data_pipeline/data/renault_processed/210310/customers.csv
customer,210310,41570200,44.56,2.24,6,false,RECOVERED_FROM_FROZEN_ARTIFACT,renault_data_pipeline/data/renault_processed/210310/customers.csv
customer,210310,41618900,42.18,24.33,12,false,RECOVERED_FROM_FROZEN_ARTIFACT,renault_data_pipeline/data/renault_processed/210310/customers.csv
customer,210310,41619000,44.41,7.82,7,false,RECOVERED_FROM_FROZEN_ARTIFACT,renault_data_pipeline/data/renault_processed/210310/customers.csv
customer,210310,41647900,34.26,-6.58,1,false,RECOVERED_FROM_FROZEN_ARTIFACT,renault_data_pipeline/data/renault_processed/210310/customers.csv
customer,210310,41681300,35.66,-5.66,1,false,RECOVERED_FROM_FROZEN_ARTIFACT,renault_data_pipeline/data/renault_processed/210310/customers.csv
customer,210310,41747000,52.21,20.56,10,false,RECOVERED_FROM_FROZEN_ARTIFACT,renault_data_pipeline/data/renault_processed/210310/customers.csv
customer,210310,41854501,47.14,20.13,9,false,RECOVERED_FROM_FROZEN_ARTIFACT,renault_data_pipeline/data/renault_processed/210310/customers.csv
customer,210310,42065700,35.76,-5.83,1,false,RECOVERED_FROM_FROZEN_ARTIFACT,renault_data_pipeline/data/renault_processed/210310/customers.csv
customer,210310,42116300,44.63,24.27,11,false,RECOVERED_FROM_FROZEN_ARTIFACT,renault_data_pipeline/data/renault_processed/210310/customers.csv
customer,210310,42126700,35.66,-5.65,1,false,RECOVERED_FROM_FROZEN_ARTIFACT,renault_data_pipeline/data/renault_processed/210310/customers.csv
customer,210310,42143100,48.18,7.01,7,false,RECOVERED_FROM_FROZEN_ARTIFACT,renault_data_pipeline/data/renault_processed/210310/customers.csv
customer,210310,42204601,43.0,1.62,6,false,RECOVERED_FROM_FROZEN_ARTIFACT,renault_data_pipeline/data/renault_processed/210310/customers.csv
customer,210310,42259201,35.72,-5.91,1,false,RECOVERED_FROM_FROZEN_ARTIFACT,renault_data_pipeline/data/renault_processed/210310/customers.csv
customer,210310,42299700,48.16,17.13,9,false,RECOVERED_FROM_FROZEN_ARTIFACT,renault_data_pipeline/data/renault_processed/210310/customers.csv
customer,210310,42319000,43.55,10.48,7,false,RECOVERED_FROM_FROZEN_ARTIFACT,renault_data_pipeline/data/renault_processed/210310/customers.csv
customer,210310,42375705,48.06,-1.7,5,false,RECOVERED_FROM_FROZEN_ARTIFACT,renault_data_pipeline/data/renault_processed/210310/customers.csv
customer,210310,42375800,50.81,12.92,8,false,RECOVERED_FROM_FROZEN_ARTIFACT,renault_data_pipeline/data/renault_processed/210310/customers.csv
customer,210310,42402100,51.13,8.05,8,false,RECOVERED_FROM_FROZEN_ARTIFACT,renault_data_pipeline/data/renault_processed/210310/customers.csv
customer,210310,42402201,47.55,7.92,7,false,RECOVERED_FROM_FROZEN_ARTIFACT,renault_data_pipeline/data/renault_processed/210310/customers.csv
customer,210310,42449301,48.39,8.72,8,false,RECOVERED_FROM_FROZEN_ARTIFACT,renault_data_pipeline/data/renault_processed/210310/customers.csv
customer,210310,42506300,45.87,24.07,11,false,RECOVERED_FROM_FROZEN_ARTIFACT,renault_data_pipeline/data/renault_processed/210310/customers.csv
customer,210310,42529900,41.41,1.99,6,false,RECOVERED_FROM_FROZEN_ARTIFACT,renault_data_pipeline/data/renault_processed/210310/customers.csv
customer,210310,42529903,41.66,1.2,6,false,RECOVERED_FROM_FROZEN_ARTIFACT,renault_data_pipeline/data/renault_processed/210310/customers.csv
customer,210310,42571100,43.93,21.37,11,false,RECOVERED_FROM_FROZEN_ARTIFACT,renault_data_pipeline/data/renault_processed/210310/customers.csv
customer,210310,60317300,48.03,5.32,7,false,RECOVERED_FROM_FROZEN_ARTIFACT,renault_data_pipeline/data/renault_processed/210310/customers.csv
customer,210310,61186900,47.08,21.91,9,false,RECOVERED_FROM_FROZEN_ARTIFACT,renault_data_pipeline/data/renault_processed/210310/customers.csv
customer,210310,61187700,45.22,24.94,11,false,RECOVERED_FROM_FROZEN_ARTIFACT,renault_data_pipeline/data/renault_processed/210310/customers.csv
customer,210310,61198602,44.88,24.86,11,false,RECOVERED_FROM_FROZEN_ARTIFACT,renault_data_pipeline/data/renault_processed/210310/customers.csv
customer,210310,61198605,45.29,25.06,11,false,RECOVERED_FROM_FROZEN_ARTIFACT,renault_data_pipeline/data/renault_processed/210310/customers.csv
customer,210310,61199400,44.88,24.85,11,false,RECOVERED_FROM_FROZEN_ARTIFACT,renault_data_pipeline/data/renault_processed/210310/customers.csv
customer,210310,61200700,47.05,21.97,11,false,RECOVERED_FROM_FROZEN_ARTIFACT,renault_data_pipeline/data/renault_processed/210310/customers.csv
customer,210310,61204301,44.99,24.94,11,false,RECOVERED_FROM_FROZEN_ARTIFACT,renault_data_pipeline/data/renault_processed/210310/customers.csv
customer,210310,61204502,44.98,24.97,11,false,RECOVERED_FROM_FROZEN_ARTIFACT,renault_data_pipeline/data/renault_processed/210310/customers.csv
customer,210310,61205600,45.66,25.54,11,false,RECOVERED_FROM_FROZEN_ARTIFACT,renault_data_pipeline/data/renault_processed/210310/customers.csv
customer,210310,61996300,45.95,15.06,9,false,RECOVERED_FROM_FROZEN_ARTIFACT,renault_data_pipeline/data/renault_processed/210310/customers.csv
customer,210310,62127500,46.34,15.43,9,false,RECOVERED_FROM_FROZEN_ARTIFACT,renault_data_pipeline/data/renault_processed/210310/customers.csv
depot,210310,9624708,45.78,4.88,,false,RECOVERED_FROM_FROZEN_ARTIFACT,renault_data_pipeline/data/renault_processed/210310/depots.csv
depot,210310,90015100,48.98,1.85,,false,RECOVERED_FROM_FROZEN_ARTIFACT,renault_data_pipeline/data/renault_processed/210310/depots.csv
depot,210310,90016100,49.32,1.05,,false,RECOVERED_FROM_FROZEN_ARTIFACT,renault_data_pipeline/data/renault_processed/210310/depots.csv
depot,210310,90016200,50.28,3.91,,false,RECOVERED_FROM_FROZEN_ARTIFACT,renault_data_pipeline/data/renault_processed/210310/depots.csv
depot,210310,90016500,40.67,-8.62,,false,RECOVERED_FROM_FROZEN_ARTIFACT,renault_data_pipeline/data/renault_processed/210310/depots.csv
depot,210310,90016700,45.79,15.18,,false,RECOVERED_FROM_FROZEN_ARTIFACT,renault_data_pipeline/data/renault_processed/210310/depots.csv
depot,210310,90016900,49.17,5.98,,false,RECOVERED_FROM_FROZEN_ARTIFACT,renault_data_pipeline/data/renault_processed/210310/depots.csv
depot,210310,90017100,49.48,0.3,,false,RECOVERED_FROM_FROZEN_ARTIFACT,renault_data_pipeline/data/renault_processed/210310/depots.csv
depot,210310,90018300,49.91,1.09,,false,RECOVERED_FROM_FROZEN_ARTIFACT,renault_data_pipeline/data/renault_processed/210310/depots.csv
depot,210310,90018400,50.47,2.61,,false,RECOVERED_FROM_FROZEN_ARTIFACT,renault_data_pipeline/data/renault_processed/210310/depots.csv
depot,210310,90019100,50.36,3.03,,false,RECOVERED_FROM_FROZEN_ARTIFACT,renault_data_pipeline/data/renault_processed/210310/depots.csv
depot,210310,91017200,41.96,-4.5,,false,RECOVERED_FROM_FROZEN_ARTIFACT,renault_data_pipeline/data/renault_processed/210310/depots.csv
depot,210310,91017300,41.61,-4.73,,false,RECOVERED_FROM_FROZEN_ARTIFACT,renault_data_pipeline/data/renault_processed/210310/depots.csv
depot,210310,91017500,37.43,-5.98,,false,RECOVERED_FROM_FROZEN_ARTIFACT,renault_data_pipeline/data/renault_processed/210310/depots.csv
depot,210310,91017600,41.61,-4.73,,false,RECOVERED_FROM_FROZEN_ARTIFACT,renault_data_pipeline/data/renault_processed/210310/depots.csv
depot,210310,91017700,41.61,-4.73,,false,RECOVERED_FROM_FROZEN_ARTIFACT,renault_data_pipeline/data/renault_processed/210310/depots.csv
customer,210330,37402,49.37,6.22,7,false,RECOVERED_FROM_FROZEN_ARTIFACT,renault_data_pipeline/data/renault_processed/210330/customers.csv
customer,210330,187312,46.84,0.54,5,false,RECOVERED_FROM_FROZEN_ARTIFACT,renault_data_pipeline/data/renault_processed/210330/customers.csv
customer,210330,187313,45.55,3.26,5,false,RECOVERED_FROM_FROZEN_ARTIFACT,renault_data_pipeline/data/renault_processed/210330/customers.csv
customer,210330,201504,48.68,1.54,5,false,RECOVERED_FROM_FROZEN_ARTIFACT,renault_data_pipeline/data/renault_processed/210330/customers.csv
customer,210330,239404,45.14,5.3,7,false,RECOVERED_FROM_FROZEN_ARTIFACT,renault_data_pipeline/data/renault_processed/210330/customers.csv
customer,210330,239406,39.72,-8.93,2,false,RECOVERED_FROM_FROZEN_ARTIFACT,renault_data_pipeline/data/renault_processed/210330/customers.csv
customer,210330,239407,48.39,18.0,9,false,RECOVERED_FROM_FROZEN_ARTIFACT,renault_data_pipeline/data/renault_processed/210330/customers.csv
customer,210330,239412,48.36,0.37,5,false,RECOVERED_FROM_FROZEN_ARTIFACT,renault_data_pipeline/data/renault_processed/210330/customers.csv
customer,210330,239414,48.37,0.56,5,true,RECOVERED_FROM_FROZEN_ARTIFACT,renault_data_pipeline/data/renault_processed/210330/customers.csv
customer,210330,292606,46.79,21.63,9,false,RECOVERED_FROM_FROZEN_ARTIFACT,renault_data_pipeline/data/renault_processed/210330/customers.csv
customer,210330,297201,45.33,1.91,5,false,RECOVERED_FROM_FROZEN_ARTIFACT,renault_data_pipeline/data/renault_processed/210330/customers.csv
customer,210330,322802,48.98,1.89,5,false,RECOVERED_FROM_FROZEN_ARTIFACT,renault_data_pipeline/data/renault_processed/210330/customers.csv
customer,210330,440301,48.08,1.34,5,false,RECOVERED_FROM_FROZEN_ARTIFACT,renault_data_pipeline/data/renault_processed/210330/customers.csv
customer,210330,440381,47.23,2.07,5,false,RECOVERED_FROM_FROZEN_ARTIFACT,renault_data_pipeline/data/renault_processed/210330/customers.csv
customer,210330,440384,47.69,-0.86,5,false,RECOVERED_FROM_FROZEN_ARTIFACT,renault_data_pipeline/data/renault_processed/210330/customers.csv
customer,210330,487216,46.54,3.35,7,false,RECOVERED_FROM_FROZEN_ARTIFACT,renault_data_pipeline/data/renault_processed/210330/customers.csv
customer,210330,487232,48.69,8.12,7,false,RECOVERED_FROM_FROZEN_ARTIFACT,renault_data_pipeline/data/renault_processed/210330/customers.csv
customer,210330,487237,41.62,2.25,6,false,RECOVERED_FROM_FROZEN_ARTIFACT,renault_data_pipeline/data/renault_processed/210330/customers.csv
customer,210330,487247,46.17,23.93,11,false,RECOVERED_FROM_FROZEN_ARTIFACT,renault_data_pipeline/data/renault_processed/210330/customers.csv
customer,210330,487248,41.31,1.63,6,false,RECOVERED_FROM_FROZEN_ARTIFACT,renault_data_pipeline/data/renault_processed/210330/customers.csv
customer,210330,487263,47.59,10.25,8,false,RECOVERED_FROM_FROZEN_ARTIFACT,renault_data_pipeline/data/renault_processed/210330/customers.csv
customer,210330,487282,50.94,5.49,7,false,RECOVERED_FROM_FROZEN_ARTIFACT,renault_data_pipeline/data/renault_processed/210330/customers.csv
customer,210330,631303,48.02,2.72,5,false,RECOVERED_FROM_FROZEN_ARTIFACT,renault_data_pipeline/data/renault_processed/210330/customers.csv
customer,210330,679301,49.46,5.86,7,false,RECOVERED_FROM_FROZEN_ARTIFACT,renault_data_pipeline/data/renault_processed/210330/customers.csv
customer,210330,772511,49.94,2.27,5,false,RECOVERED_FROM_FROZEN_ARTIFACT,renault_data_pipeline/data/renault_processed/210330/customers.csv
customer,210330,772524,50.47,2.6,7,false,RECOVERED_FROM_FROZEN_ARTIFACT,renault_data_pipeline/data/renault_processed/210330/customers.csv
customer,210330,785509,45.87,1.27,5,false,RECOVERED_FROM_FROZEN_ARTIFACT,renault_data_pipeline/data/renault_processed/210330/customers.csv
customer,210330,785512,45.82,1.21,5,false,RECOVERED_FROM_FROZEN_ARTIFACT,renault_data_pipeline/data/renault_processed/210330/customers.csv
customer,210330,796804,49.34,7.35,7,false,RECOVERED_FROM_FROZEN_ARTIFACT,renault_data_pipeline/data/renault_processed/210330/customers.csv
customer,210330,796810,48.04,1.87,5,false,RECOVERED_FROM_FROZEN_ARTIFACT,renault_data_pipeline/data/renault_processed/210330/customers.csv
customer,210330,796817,45.64,25.51,11,false,RECOVERED_FROM_FROZEN_ARTIFACT,renault_data_pipeline/data/renault_processed/210330/customers.csv
customer,210330,796824,49.91,16.6,10,false,RECOVERED_FROM_FROZEN_ARTIFACT,renault_data_pipeline/data/renault_processed/210330/customers.csv
customer,210330,865704,47.98,0.26,5,false,RECOVERED_FROM_FROZEN_ARTIFACT,renault_data_pipeline/data/renault_processed/210330/customers.csv
customer,210330,891401,45.88,3.63,7,false,RECOVERED_FROM_FROZEN_ARTIFACT,renault_data_pipeline/data/renault_processed/210330/customers.csv
customer,210330,891403,46.11,4.12,7,false,RECOVERED_FROM_FROZEN_ARTIFACT,renault_data_pipeline/data/renault_processed/210330/customers.csv
customer,210330,896614,47.23,5.97,7,false,RECOVERED_FROM_FROZEN_ARTIFACT,renault_data_pipeline/data/renault_processed/210330/customers.csv
customer,210330,923601,49.44,1.91,5,false,RECOVERED_FROM_FROZEN_ARTIFACT,renault_data_pipeline/data/renault_processed/210330/customers.csv
customer,210330,923606,44.1,1.1,6,false,RECOVERED_FROM_FROZEN_ARTIFACT,renault_data_pipeline/data/renault_processed/210330/customers.csv
customer,210330,923610,41.54,2.04,6,false,RECOVERED_FROM_FROZEN_ARTIFACT,renault_data_pipeline/data/renault_processed/210330/customers.csv
customer,210330,923613,48.38,18.4,9,false,RECOVERED_FROM_FROZEN_ARTIFACT,renault_data_pipeline/data/renault_processed/210330/customers.csv
customer,210330,923619,44.84,24.89,11,false,RECOVERED_FROM_FROZEN_ARTIFACT,renault_data_pipeline/data/renault_processed/210330/customers.csv
customer,210330,923681,49.44,1.9,5,false,RECOVERED_FROM_FROZEN_ARTIFACT,renault_data_pipeline/data/renault_processed/210330/customers.csv
customer,210330,999301,47.01,-1.19,5,false,RECOVERED_FROM_FROZEN_ARTIFACT,renault_data_pipeline/data/renault_processed/210330/customers.csv
customer,210330,1037000,45.85,3.53,7,false,RECOVERED_FROM_FROZEN_ARTIFACT,renault_data_pipeline/data/renault_processed/210330/customers.csv
customer,210330,1295500,49.22,2.13,5,false,RECOVERED_FROM_FROZEN_ARTIFACT,renault_data_pipeline/data/renault_processed/210330/customers.csv
customer,210330,1295511,50.51,2.47,7,false,RECOVERED_FROM_FROZEN_ARTIFACT,renault_data_pipeline/data/renault_processed/210330/customers.csv
customer,210330,1295538,43.53,16.49,9,false,RECOVERED_FROM_FROZEN_ARTIFACT,renault_data_pipeline/data/renault_processed/210330/customers.csv
customer,210330,1295540,49.22,2.13,5,false,RECOVERED_FROM_FROZEN_ARTIFACT,renault_data_pipeline/data/renault_processed/210330/customers.csv
customer,210330,1295541,49.22,2.13,5,false,RECOVERED_FROM_FROZEN_ARTIFACT,renault_data_pipeline/data/renault_processed/210330/customers.csv
customer,210330,1341000,47.66,-2.71,5,false,RECOVERED_FROM_FROZEN_ARTIFACT,renault_data_pipeline/data/renault_processed/210330/customers.csv
customer,210330,1343400,48.77,1.18,5,false,RECOVERED_FROM_FROZEN_ARTIFACT,renault_data_pipeline/data/renault_processed/210330/customers.csv
customer,210330,1349812,47.99,2.44,5,false,RECOVERED_FROM_FROZEN_ARTIFACT,renault_data_pipeline/data/renault_processed/210330/customers.csv
customer,210330,1349826,44.89,24.84,11,false,RECOVERED_FROM_FROZEN_ARTIFACT,renault_data_pipeline/data/renault_processed/210330/customers.csv
customer,210330,1349831,33.79,-7.16,1,false,RECOVERED_FROM_FROZEN_ARTIFACT,renault_data_pipeline/data/renault_processed/210330/customers.csv
customer,210330,1470709,44.38,4.97,6,false,RECOVERED_FROM_FROZEN_ARTIFACT,renault_data_pipeline/data/renault_processed/210330/customers.csv
customer,210330,1607201,47.97,3.54,7,false,RECOVERED_FROM_FROZEN_ARTIFACT,renault_data_pipeline/data/renault_processed/210330/customers.csv
customer,210330,1650000,48.52,2.63,5,false,RECOVERED_FROM_FROZEN_ARTIFACT,renault_data_pipeline/data/renault_processed/210330/customers.csv
customer,210330,1665700,45.48,4.52,7,false,RECOVERED_FROM_FROZEN_ARTIFACT,renault_data_pipeline/data/renault_processed/210330/customers.csv
customer,210330,1689201,49.29,6.53,7,false,RECOVERED_FROM_FROZEN_ARTIFACT,renault_data_pipeline/data/renault_processed/210330/customers.csv
customer,210330,1746907,49.19,6.7,7,false,RECOVERED_FROM_FROZEN_ARTIFACT,renault_data_pipeline/data/renault_processed/210330/customers.csv
customer,210330,1874801,48.94,7.82,7,false,RECOVERED_FROM_FROZEN_ARTIFACT,renault_data_pipeline/data/renault_processed/210330/customers.csv
customer,210330,1925700,50.54,2.99,7,false,RECOVERED_FROM_FROZEN_ARTIFACT,renault_data_pipeline/data/renault_processed/210330/customers.csv
customer,210330,1925731,41.59,1.63,6,false,RECOVERED_FROM_FROZEN_ARTIFACT,renault_data_pipeline/data/renault_processed/210330/customers.csv
customer,210330,1925732,41.89,-5.06,2,true,RECOVERED_FROM_FROZEN_ARTIFACT,renault_data_pipeline/data/renault_processed/210330/customers.csv
customer,210330,1925734,43.53,16.49,9,false,RECOVERED_FROM_FROZEN_ARTIFACT,renault_data_pipeline/data/renault_processed/210330/customers.csv
customer,210330,1960400,45.89,4.82,7,false,RECOVERED_FROM_FROZEN_ARTIFACT,renault_data_pipeline/data/renault_processed/210330/customers.csv
customer,210330,1994201,47.36,0.9,5,false,RECOVERED_FROM_FROZEN_ARTIFACT,renault_data_pipeline/data/renault_processed/210330/customers.csv
customer,210330,2096306,50.99,10.35,8,false,RECOVERED_FROM_FROZEN_ARTIFACT,renault_data_pipeline/data/renault_processed/210330/customers.csv
customer,210330,2096308,48.88,9.08,8,false,RECOVERED_FROM_FROZEN_ARTIFACT,renault_data_pipeline/data/renault_processed/210330/customers.csv
customer,210330,2096343,46.54,3.35,7,false,RECOVERED_FROM_FROZEN_ARTIFACT,renault_data_pipeline/data/renault_processed/210330/customers.csv
customer,210330,2096364,48.11,20.86,9,false,RECOVERED_FROM_FROZEN_ARTIFACT,renault_data_pipeline/data/renault_processed/210330/customers.csv
customer,210330,2096368,47.65,19.64,9,false,RECOVERED_FROM_FROZEN_ARTIFACT,renault_data_pipeline/data/renault_processed/210330/customers.csv
customer,210330,2096370,51.16,17.15,10,false,RECOVERED_FROM_FROZEN_ARTIFACT,renault_data_pipeline/data/renault_processed/210330/customers.csv
customer,210330,2096372,46.17,23.93,11,false,RECOVERED_FROM_FROZEN_ARTIFACT,renault_data_pipeline/data/renault_processed/210330/customers.csv
customer,210330,2096396,50.94,5.49,7,false,RECOVERED_FROM_FROZEN_ARTIFACT,renault_data_pipeline/data/renault_processed/210330/customers.csv
customer,210330,2115302,50.77,7.94,8,false,RECOVERED_FROM_FROZEN_ARTIFACT,renault_data_pipeline/data/renault_processed/210330/customers.csv
customer,210330,2154104,51.53,7.08,7,false,RECOVERED_FROM_FROZEN_ARTIFACT,renault_data_pipeline/data/renault_processed/210330/customers.csv
customer,210330,2178901,48.07,10.84,8,false,RECOVERED_FROM_FROZEN_ARTIFACT,renault_data_pipeline/data/renault_processed/210330/customers.csv
customer,210330,2369200,47.57,10.67,8,false,RECOVERED_FROM_FROZEN_ARTIFACT,renault_data_pipeline/data/renault_processed/210330/customers.csv
customer,210330,2370600,45.07,7.54,7,false,RECOVERED_FROM_FROZEN_ARTIFACT,renault_data_pipeline/data/renault_processed/210330/customers.csv
customer,210330,2388402,51.82,9.84,8,false,RECOVERED_FROM_FROZEN_ARTIFACT,renault_data_pipeline/data/renault_processed/210330/customers.csv
customer,210330,2395801,49.87,8.79,8,false,RECOVERED_FROM_FROZEN_ARTIFACT,renault_data_pipeline/data/renault_processed/210330/customers.csv
customer,210330,2404102,49.8,11.26,8,false,RECOVERED_FROM_FROZEN_ARTIFACT,renault_data_pipeline/data/renault_processed/210330/customers.csv
customer,210330,2406203,44.55,7.43,7,false,RECOVERED_FROM_FROZEN_ARTIFACT,renault_data_pipeline/data/renault_processed/210330/customers.csv
customer,210330,2406204,44.3,8.46,7,false,RECOVERED_FROM_FROZEN_ARTIFACT,renault_data_pipeline/data/renault_processed/210330/customers.csv
customer,210330,2407003,45.61,9.22,7,false,RECOVERED_FROM_FROZEN_ARTIFACT,renault_data_pipeline/data/renault_processed/210330/customers.csv
customer,210330,2420303,41.78,1.85,6,false,RECOVERED_FROM_FROZEN_ARTIFACT,renault_data_pipeline/data/renault_processed/210330/customers.csv
customer,210330,2425700,40.85,-8.48,2,false,RECOVERED_FROM_FROZEN_ARTIFACT,renault_data_pipeline/data/renault_processed/210330/customers.csv
customer,210330,2471300,51.18,7.19,7,false,RECOVERED_FROM_FROZEN_ARTIFACT,renault_data_pipeline/data/renault_processed/210330/customers.csv
customer,210330,2471600,50.9,7.7,8,false,RECOVERED_FROM_FROZEN_ARTIFACT,renault_data_pipeline/data/renault_processed/210330/customers.csv
customer,210330,2477601,52.46,8.39,8,false,RECOVERED_FROM_FROZEN_ARTIFACT,renault_data_pipeline/data/renault_processed/210330/customers.csv
customer,210330,2487200,41.65,-4.73,2,false,RECOVERED_FROM_FROZEN_ARTIFACT,renault_data_pipeline/data/renault_processed/210330/customers.csv
customer,210330,2488101,43.31,-2.46,2,false,RECOVERED_FROM_FROZEN_ARTIFACT,renault_data_pipeline/data/renault_processed/210330/customers.csv
customer,210330,2488800,42.46,-2.41,2,false,RECOVERED_FROM_FROZEN_ARTIFACT,renault_data_pipeline/data/renault_processed/210330/customers.csv
customer,210330,2488803,35.77,-5.8,1,false,RECOVERED_FROM_FROZEN_ARTIFACT,renault_data_pipeline/data/renault_processed/210330/customers.csv
customer,210330,2488804,42.46,-2.41,2,false,RECOVERED_FROM_FROZEN_ARTIFACT,renault_data_pipeline/data/renault_processed/210330/customers.csv
customer,210330,2496900,43.17,-2.61,2,false,RECOVERED_FROM_FROZEN_ARTIFACT,renault_data_pipeline/data/renault_processed/210330/customers.csv
customer,210330,2504100,41.69,-0.97,6,false,RECOVERED_FROM_FROZEN_ARTIFACT,renault_data_pipeline/data/renault_processed/210330/customers.csv
customer,210330,2509303,42.34,-3.62,2,false,RECOVERED_FROM_FROZEN_ARTIFACT,renault_data_pipeline/data/renault_processed/210330/customers.csv
customer,210330,2519301,42.29,-7.82,2,false,RECOVERED_FROM_FROZEN_ARTIFACT,renault_data_pipeline/data/renault_processed/210330/customers.csv
customer,210330,2519302,41.28,-4.68,2,false,RECOVERED_FROM_FROZEN_ARTIFACT,renault_data_pipeline/data/renault_processed/210330/customers.csv
customer,210330,2519305,40.96,-4.21,3,false,RECOVERED_FROM_FROZEN_ARTIFACT,renault_data_pipeline/data/renault_processed/210330/customers.csv
customer,210330,2555100,43.3,-2.67,2,false,RECOVERED_FROM_FROZEN_ARTIFACT,renault_data_pipeline/data/renault_processed/210330/customers.csv
customer,210330,2555101,43.0,-1.66,2,false,RECOVERED_FROM_FROZEN_ARTIFACT,renault_data_pipeline/data/renault_processed/210330/customers.csv
customer,210330,2555108,43.2,-2.71,2,false,RECOVERED_FROM_FROZEN_ARTIFACT,renault_data_pipeline/data/renault_processed/210330/customers.csv
customer,210330,2555900,39.56,-1.93,3,false,RECOVERED_FROM_FROZEN_ARTIFACT,renault_data_pipeline/data/renault_processed/210330/customers.csv
customer,210330,2555901,39.56,-1.93,3,false,RECOVERED_FROM_FROZEN_ARTIFACT,renault_data_pipeline/data/renault_processed/210330/customers.csv
customer,210330,2562800,40.32,-3.46,3,false,RECOVERED_FROM_FROZEN_ARTIFACT,renault_data_pipeline/data/renault_processed/210330/customers.csv
customer,210330,2565001,40.54,-7.24,2,false,RECOVERED_FROM_FROZEN_ARTIFACT,renault_data_pipeline/data/renault_processed/210330/customers.csv
customer,210330,2567601,41.39,1.15,6,false,RECOVERED_FROM_FROZEN_ARTIFACT,renault_data_pipeline/data/renault_processed/210330/customers.csv
customer,210330,2570801,42.21,-8.76,2,false,RECOVERED_FROM_FROZEN_ARTIFACT,renault_data_pipeline/data/renault_processed/210330/customers.csv
customer,210330,2571500,40.49,-3.41,3,true,RECOVERED_FROM_FROZEN_ARTIFACT,renault_data_pipeline/data/renault_processed/210330/customers.csv
customer,210330,2571501,43.23,-2.13,2,false,RECOVERED_FROM_FROZEN_ARTIFACT,renault_data_pipeline/data/renault_processed/210330/customers.csv
customer,210330,2571703,45.37,7.67,7,false,RECOVERED_FROM_FROZEN_ARTIFACT,renault_data_pipeline/data/renault_processed/210330/customers.csv
customer,210330,2573201,40.12,-3.66,3,false,RECOVERED_FROM_FROZEN_ARTIFACT,renault_data_pipeline/data/renault_processed/210330/customers.csv
customer,210330,2573202,41.83,-4.56,2,false,RECOVERED_FROM_FROZEN_ARTIFACT,renault_data_pipeline/data/renault_processed/210330/customers.csv
customer,210330,2573203,41.96,-8.68,2,false,RECOVERED_FROM_FROZEN_ARTIFACT,renault_data_pipeline/data/renault_processed/210330/customers.csv
customer,210330,2573206,41.78,1.86,6,false,RECOVERED_FROM_FROZEN_ARTIFACT,renault_data_pipeline/data/renault_processed/210330/customers.csv
customer,210330,2573209,40.88,-8.44,2,false,RECOVERED_FROM_FROZEN_ARTIFACT,renault_data_pipeline/data/renault_processed/210330/customers.csv
customer,210330,2573210,42.13,-8.63,2,false,RECOVERED_FROM_FROZEN_ARTIFACT,renault_data_pipeline/data/renault_processed/210330/customers.csv
customer,210330,2573211,38.09,-3.66,3,false,RECOVERED_FROM_FROZEN_ARTIFACT,renault_data_pipeline/data/renault_processed/210330/customers.csv
customer,210330,2573214,47.38,18.19,9,false,RECOVERED_FROM_FROZEN_ARTIFACT,renault_data_pipeline/data/renault_processed/210330/customers.csv
customer,210330,2573215,42.82,-1.7,2,false,RECOVERED_FROM_FROZEN_ARTIFACT,renault_data_pipeline/data/renault_processed/210330/customers.csv
customer,210330,2573216,51.45,10.45,8,false,RECOVERED_FROM_FROZEN_ARTIFACT,renault_data_pipeline/data/renault_processed/210330/customers.csv
customer,210330,2573218,42.75,-1.64,3,false,RECOVERED_FROM_FROZEN_ARTIFACT,renault_data_pipeline/data/renault_processed/210330/customers.csv
customer,210330,2573221,48.73,2.73,5,false,RECOVERED_FROM_FROZEN_ARTIFACT,renault_data_pipeline/data/renault_processed/210330/customers.csv
customer,210330,2573222,48.26,0.69,5,false,RECOVERED_FROM_FROZEN_ARTIFACT,renault_data_pipeline/data/renault_processed/210330/customers.csv
customer,210330,2573223,48.29,2.21,5,false,RECOVERED_FROM_FROZEN_ARTIFACT,renault_data_pipeline/data/renault_processed/210330/customers.csv
customer,210330,2573224,49.54,0.36,5,false,RECOVERED_FROM_FROZEN_ARTIFACT,renault_data_pipeline/data/renault_processed/210330/customers.csv
customer,210330,2573225,50.06,3.14,7,false,RECOVERED_FROM_FROZEN_ARTIFACT,renault_data_pipeline/data/renault_processed/210330/customers.csv
customer,210330,2573227,54.92,-1.51,4,false,RECOVERED_FROM_FROZEN_ARTIFACT,renault_data_pipeline/data/renault_processed/210330/customers.csv
customer,210330,2573228,41.74,-1.19,3,false,RECOVERED_FROM_FROZEN_ARTIFACT,renault_data_pipeline/data/renault_processed/210330/customers.csv
customer,210330,2574200,42.36,-3.65,2,false,RECOVERED_FROM_FROZEN_ARTIFACT,renault_data_pipeline/data/renault_processed/210330/customers.csv
customer,210330,2574800,43.17,-2.61,2,false,RECOVERED_FROM_FROZEN_ARTIFACT,renault_data_pipeline/data/renault_processed/210330/customers.csv
customer,210330,2576707,40.27,-3.74,3,false,RECOVERED_FROM_FROZEN_ARTIFACT,renault_data_pipeline/data/renault_processed/210330/customers.csv
customer,210330,2577101,41.78,-2.48,3,false,RECOVERED_FROM_FROZEN_ARTIFACT,renault_data_pipeline/data/renault_processed/210330/customers.csv
customer,210330,2577103,41.56,1.96,6,false,RECOVERED_FROM_FROZEN_ARTIFACT,renault_data_pipeline/data/renault_processed/210330/customers.csv
customer,210330,2577200,41.56,2.18,6,false,RECOVERED_FROM_FROZEN_ARTIFACT,renault_data_pipeline/data/renault_processed/210330/customers.csv
customer,210330,2578101,41.55,2.26,6,false,RECOVERED_FROM_FROZEN_ARTIFACT,renault_data_pipeline/data/renault_processed/210330/customers.csv
customer,210330,2578107,47.0,3.19,7,false,RECOVERED_FROM_FROZEN_ARTIFACT,renault_data_pipeline/data/renault_processed/210330/customers.csv
customer,210330,2578108,48.87,8.81,8,false,RECOVERED_FROM_FROZEN_ARTIFACT,renault_data_pipeline/data/renault_processed/210330/customers.csv
customer,210330,2578801,39.37,-0.43,3,false,RECOVERED_FROM_FROZEN_ARTIFACT,renault_data_pipeline/data/renault_processed/210330/customers.csv
customer,210330,2578901,42.0,-4.52,2,false,RECOVERED_FROM_FROZEN_ARTIFACT,renault_data_pipeline/data/renault_processed/210330/customers.csv
customer,210330,2579000,41.54,2.04,6,false,RECOVERED_FROM_FROZEN_ARTIFACT,renault_data_pipeline/data/renault_processed/210330/customers.csv
customer,210330,2584804,41.65,1.42,6,false,RECOVERED_FROM_FROZEN_ARTIFACT,renault_data_pipeline/data/renault_processed/210330/customers.csv
customer,210330,2585202,41.89,-1.71,3,false,RECOVERED_FROM_FROZEN_ARTIFACT,renault_data_pipeline/data/renault_processed/210330/customers.csv
customer,210330,2585203,41.83,-1.51,3,false,RECOVERED_FROM_FROZEN_ARTIFACT,renault_data_pipeline/data/renault_processed/210330/customers.csv
customer,210330,2586306,41.47,2.03,6,false,RECOVERED_FROM_FROZEN_ARTIFACT,renault_data_pipeline/data/renault_processed/210330/customers.csv
customer,210330,2586307,42.39,-7.14,2,false,RECOVERED_FROM_FROZEN_ARTIFACT,renault_data_pipeline/data/renault_processed/210330/customers.csv
customer,210330,2588400,43.18,-2.52,2,false,RECOVERED_FROM_FROZEN_ARTIFACT,renault_data_pipeline/data/renault_processed/210330/customers.csv
customer,210330,2588603,41.56,1.96,6,false,RECOVERED_FROM_FROZEN_ARTIFACT,renault_data_pipeline/data/renault_processed/210330/customers.csv
customer,210330,2590301,42.66,-2.0,2,false,RECOVERED_FROM_FROZEN_ARTIFACT,renault_data_pipeline/data/renault_processed/210330/customers.csv
customer,210330,2590706,40.33,-3.74,3,false,RECOVERED_FROM_FROZEN_ARTIFACT,renault_data_pipeline/data/renault_processed/210330/customers.csv
customer,210330,2594900,43.14,-2.49,2,false,RECOVERED_FROM_FROZEN_ARTIFACT,renault_data_pipeline/data/renault_processed/210330/customers.csv
customer,210330,2594901,43.14,-2.49,2,false,RECOVERED_FROM_FROZEN_ARTIFACT,renault_data_pipeline/data/renault_processed/210330/customers.csv
customer,210330,2601104,40.82,-0.87,3,false,RECOVERED_FROM_FROZEN_ARTIFACT,renault_data_pipeline/data/renault_processed/210330/customers.csv
customer,210330,2611301,42.37,-3.73,2,false,RECOVERED_FROM_FROZEN_ARTIFACT,renault_data_pipeline/data/renault_processed/210330/customers.csv
customer,210330,2617600,40.89,-8.48,2,false,RECOVERED_FROM_FROZEN_ARTIFACT,renault_data_pipeline/data/renault_processed/210330/customers.csv
customer,210330,2621400,40.55,-3.27,3,false,RECOVERED_FROM_FROZEN_ARTIFACT,renault_data_pipeline/data/renault_processed/210330/customers.csv
customer,210330,2637703,48.71,8.13,7,false,RECOVERED_FROM_FROZEN_ARTIFACT,renault_data_pipeline/data/renault_processed/210330/customers.csv
customer,210330,2646000,50.07,8.85,8,false,RECOVERED_FROM_FROZEN_ARTIFACT,renault_data_pipeline/data/renault_processed/210330/customers.csv
customer,210330,2671602,45.2,7.89,7,false,RECOVERED_FROM_FROZEN_ARTIFACT,renault_data_pipeline/data/renault_processed/210330/customers.csv
customer,210330,2695000,44.93,7.84,7,false,RECOVERED_FROM_FROZEN_ARTIFACT,renault_data_pipeline/data/renault_processed/210330/customers.csv
customer,210330,2695004,49.67,6.13,7,false,RECOVERED_FROM_FROZEN_ARTIFACT,renault_data_pipeline/data/renault_processed/210330/customers.csv
customer,210330,2705001,41.31,1.63,6,false,RECOVERED_FROM_FROZEN_ARTIFACT,renault_data_pipeline/data/renault_processed/210330/customers.csv
customer,210330,2705012,41.62,2.25,6,false,RECOVERED_FROM_FROZEN_ARTIFACT,renault_data_pipeline/data/renault_processed/210330/customers.csv
customer,210330,2706302,40.63,-4.02,3,false,RECOVERED_FROM_FROZEN_ARTIFACT,renault_data_pipeline/data/renault_processed/210330/customers.csv
customer,210330,2710401,53.44,18.72,10,false,RECOVERED_FROM_FROZEN_ARTIFACT,renault_data_pipeline/data/renault_processed/210330/customers.csv
customer,210330,2717500,51.69,-3.02,4,false,RECOVERED_FROM_FROZEN_ARTIFACT,renault_data_pipeline/data/renault_processed/210330/customers.csv
customer,210330,2727900,41.32,1.65,6,false,RECOVERED_FROM_FROZEN_ARTIFACT,renault_data_pipeline/data/renault_processed/210330/customers.csv
customer,210330,2744201,40.77,0.55,6,false,RECOVERED_FROM_FROZEN_ARTIFACT,renault_data_pipeline/data/renault_processed/210330/customers.csv
customer,210330,2744302,39.48,-8.18,2,false,RECOVERED_FROM_FROZEN_ARTIFACT,renault_data_pipeline/data/renault_processed/210330/customers.csv
customer,210330,2755800,42.56,12.6,9,false,RECOVERED_FROM_FROZEN_ARTIFACT,renault_data_pipeline/data/renault_processed/210330/customers.csv
customer,210330,2756400,38.27,-3.61,3,false,RECOVERED_FROM_FROZEN_ARTIFACT,renault_data_pipeline/data/renault_processed/210330/customers.csv
customer,210330,2773200,51.09,7.04,7,false,RECOVERED_FROM_FROZEN_ARTIFACT,renault_data_pipeline/data/renault_processed/210330/customers.csv
customer,210330,2777900,43.53,16.49,9,false,RECOVERED_FROM_FROZEN_ARTIFACT,renault_data_pipeline/data/renault_processed/210330/customers.csv
customer,210330,2777901,45.81,15.88,9,false,RECOVERED_FROM_FROZEN_ARTIFACT,renault_data_pipeline/data/renault_processed/210330/customers.csv
customer,210330,2782800,41.55,1.68,6,false,RECOVERED_FROM_FROZEN_ARTIFACT,renault_data_pipeline/data/renault_processed/210330/customers.csv
customer,210330,2789501,51.2,7.08,7,false,RECOVERED_FROM_FROZEN_ARTIFACT,renault_data_pipeline/data/renault_processed/210330/customers.csv
customer,210330,2789502,48.25,11.6,8,false,RECOVERED_FROM_FROZEN_ARTIFACT,renault_data_pipeline/data/renault_processed/210330/customers.csv
customer,210330,2794500,41.5,2.17,6,false,RECOVERED_FROM_FROZEN_ARTIFACT,renault_data_pipeline/data/renault_processed/210330/customers.csv
customer,210330,2801802,43.07,-2.51,2,false,RECOVERED_FROM_FROZEN_ARTIFACT,renault_data_pipeline/data/renault_processed/210330/customers.csv
customer,210330,2801804,43.06,-2.49,2,false,RECOVERED_FROM_FROZEN_ARTIFACT,renault_data_pipeline/data/renault_processed/210330/customers.csv
customer,210330,2809400,50.43,15.38,10,false,RECOVERED_FROM_FROZEN_ARTIFACT,renault_data_pipeline/data/renault_processed/210330/customers.csv
customer,210330,2809407,50.62,16.08,10,false,RECOVERED_FROM_FROZEN_ARTIFACT,renault_data_pipeline/data/renault_processed/210330/customers.csv
customer,210330,2809600,41.54,2.16,6,false,RECOVERED_FROM_FROZEN_ARTIFACT,renault_data_pipeline/data/renault_processed/210330/customers.csv
customer,210330,2812100,46.38,15.39,9,false,RECOVERED_FROM_FROZEN_ARTIFACT,renault_data_pipeline/data/renault_processed/210330/customers.csv
customer,210330,2814600,41.57,1.67,6,true,RECOVERED_FROM_FROZEN_ARTIFACT,renault_data_pipeline/data/renault_processed/210330/customers.csv
customer,210330,2814605,41.58,1.65,6,false,RECOVERED_FROM_FROZEN_ARTIFACT,renault_data_pipeline/data/renault_processed/210330/customers.csv
customer,210330,2814606,41.96,-4.49,2,false,RECOVERED_FROM_FROZEN_ARTIFACT,renault_data_pipeline/data/renault_processed/210330/customers.csv
customer,210330,2819800,47.93,10.86,8,false,RECOVERED_FROM_FROZEN_ARTIFACT,renault_data_pipeline/data/renault_processed/210330/customers.csv
customer,210330,2820700,50.69,15.15,8,false,RECOVERED_FROM_FROZEN_ARTIFACT,renault_data_pipeline/data/renault_processed/210330/customers.csv
customer,210330,2822800,49.02,9.32,8,false,RECOVERED_FROM_FROZEN_ARTIFACT,renault_data_pipeline/data/renault_processed/210330/customers.csv
customer,210330,2823500,51.2,7.82,8,false,RECOVERED_FROM_FROZEN_ARTIFACT,renault_data_pipeline/data/renault_processed/210330/customers.csv
customer,210330,2823501,47.75,19.95,9,false,RECOVERED_FROM_FROZEN_ARTIFACT,renault_data_pipeline/data/renault_processed/210330/customers.csv
customer,210330,2834900,47.74,8.95,8,false,RECOVERED_FROM_FROZEN_ARTIFACT,renault_data_pipeline/data/renault_processed/210330/customers.csv
customer,210330,2858500,52.53,-1.77,4,false,RECOVERED_FROM_FROZEN_ARTIFACT,renault_data_pipeline/data/renault_processed/210330/customers.csv
customer,210330,2858600,45.09,7.42,7,false,RECOVERED_FROM_FROZEN_ARTIFACT,renault_data_pipeline/data/renault_processed/210330/customers.csv
customer,210330,2858601,44.92,7.24,7,false,RECOVERED_FROM_FROZEN_ARTIFACT,renault_data_pipeline/data/renault_processed/210330/customers.csv
customer,210330,2860900,48.33,11.31,8,false,RECOVERED_FROM_FROZEN_ARTIFACT,renault_data_pipeline/data/renault_processed/210330/customers.csv
customer,210330,2870302,51.7,-4.13,4,false,RECOVERED_FROM_FROZEN_ARTIFACT,renault_data_pipeline/data/renault_processed/210330/customers.csv
customer,210330,2870304,52.68,-2.04,4,false,RECOVERED_FROM_FROZEN_ARTIFACT,renault_data_pipeline/data/renault_processed/210330/customers.csv
customer,210330,2870900,54.77,-1.37,4,false,RECOVERED_FROM_FROZEN_ARTIFACT,renault_data_pipeline/data/renault_processed/210330/customers.csv
customer,210330,2877204,47.21,18.43,9,false,RECOVERED_FROM_FROZEN_ARTIFACT,renault_data_pipeline/data/renault_processed/210330/customers.csv
customer,210330,2877207,46.06,18.22,9,false,RECOVERED_FROM_FROZEN_ARTIFACT,renault_data_pipeline/data/renault_processed/210330/customers.csv
customer,210330,2878000,41.64,-0.98,6,false,RECOVERED_FROM_FROZEN_ARTIFACT,renault_data_pipeline/data/renault_processed/210330/customers.csv
customer,210330,2884100,43.16,-2.78,2,false,RECOVERED_FROM_FROZEN_ARTIFACT,renault_data_pipeline/data/renault_processed/210330/customers.csv
customer,210330,2884103,42.83,-1.6,3,false,RECOVERED_FROM_FROZEN_ARTIFACT,renault_data_pipeline/data/renault_processed/210330/customers.csv
customer,210330,2888800,41.58,2.25,6,false,RECOVERED_FROM_FROZEN_ARTIFACT,renault_data_pipeline/data/renault_processed/210330/customers.csv
customer,210330,2888802,41.6,-1.27,3,false,RECOVERED_FROM_FROZEN_ARTIFACT,renault_data_pipeline/data/renault_processed/210330/customers.csv
customer,210330,2901101,41.08,-4.73,2,false,RECOVERED_FROM_FROZEN_ARTIFACT,renault_data_pipeline/data/renault_processed/210330/customers.csv
customer,210330,2901107,42.37,-3.73,2,false,RECOVERED_FROM_FROZEN_ARTIFACT,renault_data_pipeline/data/renault_processed/210330/customers.csv
customer,210330,2901110,43.0,-1.66,2,false,RECOVERED_FROM_FROZEN_ARTIFACT,renault_data_pipeline/data/renault_processed/210330/customers.csv
customer,210330,2901122,45.83,8.74,7,false,RECOVERED_FROM_FROZEN_ARTIFACT,renault_data_pipeline/data/renault_processed/210330/customers.csv
customer,210330,2901125,41.93,-4.48,2,false,RECOVERED_FROM_FROZEN_ARTIFACT,renault_data_pipeline/data/renault_processed/210330/customers.csv
customer,210330,2901126,42.35,-3.65,2,false,RECOVERED_FROM_FROZEN_ARTIFACT,renault_data_pipeline/data/renault_processed/210330/customers.csv
customer,210330,2909102,41.32,2.14,6,false,RECOVERED_FROM_FROZEN_ARTIFACT,renault_data_pipeline/data/renault_processed/210330/customers.csv
customer,210330,2926700,44.72,10.56,8,false,RECOVERED_FROM_FROZEN_ARTIFACT,renault_data_pipeline/data/renault_processed/210330/customers.csv
customer,210330,2928900,42.2,-8.76,2,false,RECOVERED_FROM_FROZEN_ARTIFACT,renault_data_pipeline/data/renault_processed/210330/customers.csv
customer,210330,2956702,42.86,-2.66,2,false,RECOVERED_FROM_FROZEN_ARTIFACT,renault_data_pipeline/data/renault_processed/210330/customers.csv
customer,210330,2971803,49.98,19.83,10,false,RECOVERED_FROM_FROZEN_ARTIFACT,renault_data_pipeline/data/renault_processed/210330/customers.csv
customer,210330,2983607,43.25,-4.06,2,false,RECOVERED_FROM_FROZEN_ARTIFACT,renault_data_pipeline/data/renault_processed/210330/customers.csv
customer,210330,2983700,41.24,-8.6,2,false,RECOVERED_FROM_FROZEN_ARTIFACT,renault_data_pipeline/data/renault_processed/210330/customers.csv
customer,210330,2993700,45.35,9.62,7,false,RECOVERED_FROM_FROZEN_ARTIFACT,renault_data_pipeline/data/renault_processed/210330/customers.csv
customer,210330,3014901,50.7,3.21,7,false,RECOVERED_FROM_FROZEN_ARTIFACT,renault_data_pipeline/data/renault_processed/210330/customers.csv
customer,210330,3043100,48.15,7.55,7,false,RECOVERED_FROM_FROZEN_ARTIFACT,renault_data_pipeline/data/renault_processed/210330/customers.csv
customer,210330,3043102,49.6,5.08,7,false,RECOVERED_FROM_FROZEN_ARTIFACT,renault_data_pipeline/data/renault_processed/210330/customers.csv
customer,210330,3043109,50.1,11.38,8,true,RECOVERED_FROM_FROZEN_ARTIFACT,renault_data_pipeline/data/renault_processed/210330/customers.csv
customer,210330,3161400,47.29,5.02,7,false,RECOVERED_FROM_FROZEN_ARTIFACT,renault_data_pipeline/data/renault_processed/210330/customers.csv
customer,210330,3238100,48.96,2.96,7,false,RECOVERED_FROM_FROZEN_ARTIFACT,renault_data_pipeline/data/renault_processed/210330/customers.csv
customer,210330,3300400,46.36,2.6,5,false,RECOVERED_FROM_FROZEN_ARTIFACT,renault_data_pipeline/data/renault_processed/210330/customers.csv
customer,210330,3304502,49.22,2.13,5,false,RECOVERED_FROM_FROZEN_ARTIFACT,renault_data_pipeline/data/renault_processed/210330/customers.csv
customer,210330,3318800,49.1,1.6,5,false,RECOVERED_FROM_FROZEN_ARTIFACT,renault_data_pipeline/data/renault_processed/210330/customers.csv
customer,210330,3385400,46.06,6.57,7,false,RECOVERED_FROM_FROZEN_ARTIFACT,renault_data_pipeline/data/renault_processed/210330/customers.csv
customer,210330,3451803,48.87,7.47,7,false,RECOVERED_FROM_FROZEN_ARTIFACT,renault_data_pipeline/data/renault_processed/210330/customers.csv
customer,210330,3699203,49.87,2.53,7,false,RECOVERED_FROM_FROZEN_ARTIFACT,renault_data_pipeline/data/renault_processed/210330/customers.csv
customer,210330,3699207,50.45,2.83,7,false,RECOVERED_FROM_FROZEN_ARTIFACT,renault_data_pipeline/data/renault_processed/210330/customers.csv
customer,210330,3699209,40.1,-3.63,3,false,RECOVERED_FROM_FROZEN_ARTIFACT,renault_data_pipeline/data/renault_processed/210330/customers.csv
customer,210330,3699213,50.49,3.0,7,false,RECOVERED_FROM_FROZEN_ARTIFACT,renault_data_pipeline/data/renault_processed/210330/customers.csv
customer,210330,3699223,47.77,-0.27,5,false,RECOVERED_FROM_FROZEN_ARTIFACT,renault_data_pipeline/data/renault_processed/210330/customers.csv
customer,210330,3699225,48.85,-0.88,5,false,RECOVERED_FROM_FROZEN_ARTIFACT,renault_data_pipeline/data/renault_processed/210330/customers.csv
customer,210330,3709900,45.74,4.23,7,false,RECOVERED_FROM_FROZEN_ARTIFACT,renault_data_pipeline/data/renault_processed/210330/customers.csv
customer,210330,3782011,49.95,3.47,7,false,RECOVERED_FROM_FROZEN_ARTIFACT,renault_data_pipeline/data/renault_processed/210330/customers.csv
customer,210330,3908401,43.6,1.35,6,false,RECOVERED_FROM_FROZEN_ARTIFACT,renault_data_pipeline/data/renault_processed/210330/customers.csv
customer,210330,3992908,50.05,8.2,8,false,RECOVERED_FROM_FROZEN_ARTIFACT,renault_data_pipeline/data/renault_processed/210330/customers.csv
customer,210330,5046904,48.33,0.52,5,false,RECOVERED_FROM_FROZEN_ARTIFACT,renault_data_pipeline/data/renault_processed/210330/customers.csv
customer,210330,5083600,49.99,1.88,5,false,RECOVERED_FROM_FROZEN_ARTIFACT,renault_data_pipeline/data/renault_processed/210330/customers.csv
customer,210330,5124500,46.64,0.12,5,false,RECOVERED_FROM_FROZEN_ARTIFACT,renault_data_pipeline/data/renault_processed/210330/customers.csv
customer,210330,5134304,47.71,-0.1,5,false,RECOVERED_FROM_FROZEN_ARTIFACT,renault_data_pipeline/data/renault_processed/210330/customers.csv
customer,210330,5248801,52.46,8.38,8,false,RECOVERED_FROM_FROZEN_ARTIFACT,renault_data_pipeline/data/renault_processed/210330/customers.csv
customer,210330,5267109,48.01,0.16,5,false,RECOVERED_FROM_FROZEN_ARTIFACT,renault_data_pipeline/data/renault_processed/210330/customers.csv
customer,210330,5315103,48.31,-0.06,5,false,RECOVERED_FROM_FROZEN_ARTIFACT,renault_data_pipeline/data/renault_processed/210330/customers.csv
customer,210330,5345308,54.76,-1.36,4,false,RECOVERED_FROM_FROZEN_ARTIFACT,renault_data_pipeline/data/renault_processed/210330/customers.csv
customer,210330,5594513,49.77,1.98,5,false,RECOVERED_FROM_FROZEN_ARTIFACT,renault_data_pipeline/data/renault_processed/210330/customers.csv
customer,210330,5898201,47.21,5.9,7,false,RECOVERED_FROM_FROZEN_ARTIFACT,renault_data_pipeline/data/renault_processed/210330/customers.csv
customer,210330,5915200,45.82,4.99,7,false,RECOVERED_FROM_FROZEN_ARTIFACT,renault_data_pipeline/data/renault_processed/210330/customers.csv
customer,210330,5965102,46.19,5.81,7,false,RECOVERED_FROM_FROZEN_ARTIFACT,renault_data_pipeline/data/renault_processed/210330/customers.csv
customer,210330,5965103,44.03,4.98,6,false,RECOVERED_FROM_FROZEN_ARTIFACT,renault_data_pipeline/data/renault_processed/210330/customers.csv
customer,210330,5965105,47.8,7.14,7,false,RECOVERED_FROM_FROZEN_ARTIFACT,renault_data_pipeline/data/renault_processed/210330/customers.csv
customer,210330,5965113,49.49,1.73,5,false,RECOVERED_FROM_FROZEN_ARTIFACT,renault_data_pipeline/data/renault_processed/210330/customers.csv
customer,210330,5965114,45.33,5.05,7,false,RECOVERED_FROM_FROZEN_ARTIFACT,renault_data_pipeline/data/renault_processed/210330/customers.csv
customer,210330,5965115,49.77,2.92,7,false,RECOVERED_FROM_FROZEN_ARTIFACT,renault_data_pipeline/data/renault_processed/210330/customers.csv
customer,210330,5965120,44.03,4.98,6,false,RECOVERED_FROM_FROZEN_ARTIFACT,renault_data_pipeline/data/renault_processed/210330/customers.csv
customer,210330,6002303,49.57,3.02,7,false,RECOVERED_FROM_FROZEN_ARTIFACT,renault_data_pipeline/data/renault_processed/210330/customers.csv
customer,210330,6119305,48.07,-0.81,5,false,RECOVERED_FROM_FROZEN_ARTIFACT,renault_data_pipeline/data/renault_processed/210330/customers.csv
customer,210330,6193205,47.76,7.3,7,false,RECOVERED_FROM_FROZEN_ARTIFACT,renault_data_pipeline/data/renault_processed/210330/customers.csv
customer,210330,6234902,50.4,1.96,5,false,RECOVERED_FROM_FROZEN_ARTIFACT,renault_data_pipeline/data/renault_processed/210330/customers.csv
customer,210330,6487400,43.56,1.39,6,false,RECOVERED_FROM_FROZEN_ARTIFACT,renault_data_pipeline/data/renault_processed/210330/customers.csv
customer,210330,6487405,43.0,1.62,6,false,RECOVERED_FROM_FROZEN_ARTIFACT,renault_data_pipeline/data/renault_processed/210330/customers.csv
customer,210330,6487406,43.17,0.96,6,false,RECOVERED_FROM_FROZEN_ARTIFACT,renault_data_pipeline/data/renault_processed/210330/customers.csv
customer,210330,6665204,47.66,6.47,7,false,RECOVERED_FROM_FROZEN_ARTIFACT,renault_data_pipeline/data/renault_processed/210330/customers.csv
customer,210330,6665215,47.85,2.74,5,false,RECOVERED_FROM_FROZEN_ARTIFACT,renault_data_pipeline/data/renault_processed/210330/customers.csv
customer,210330,6681302,48.82,6.72,7,false,RECOVERED_FROM_FROZEN_ARTIFACT,renault_data_pipeline/data/renault_processed/210330/customers.csv
customer,210330,6701102,49.27,4.01,7,false,RECOVERED_FROM_FROZEN_ARTIFACT,renault_data_pipeline/data/renault_processed/210330/customers.csv
customer,210330,6701103,48.08,-0.75,5,false,RECOVERED_FROM_FROZEN_ARTIFACT,renault_data_pipeline/data/renault_processed/210330/customers.csv
customer,210330,7204704,50.4,2.98,7,false,RECOVERED_FROM_FROZEN_ARTIFACT,renault_data_pipeline/data/renault_processed/210330/customers.csv
customer,210330,7235904,48.82,4.98,7,true,RECOVERED_FROM_FROZEN_ARTIFACT,renault_data_pipeline/data/renault_processed/210330/customers.csv
customer,210330,7235905,48.4,5.16,7,false,RECOVERED_FROM_FROZEN_ARTIFACT,renault_data_pipeline/data/renault_processed/210330/customers.csv
customer,210330,7235980,50.36,3.1,7,false,RECOVERED_FROM_FROZEN_ARTIFACT,renault_data_pipeline/data/renault_processed/210330/customers.csv
customer,210330,7421817,43.49,2.43,6,false,RECOVERED_FROM_FROZEN_ARTIFACT,renault_data_pipeline/data/renault_processed/210330/customers.csv
customer,210330,7562700,48.98,2.64,5,false,RECOVERED_FROM_FROZEN_ARTIFACT,renault_data_pipeline/data/renault_processed/210330/customers.csv
customer,210330,7562710,48.97,2.91,7,false,RECOVERED_FROM_FROZEN_ARTIFACT,renault_data_pipeline/data/renault_processed/210330/customers.csv
customer,210330,7684113,48.15,8.64,7,false,RECOVERED_FROM_FROZEN_ARTIFACT,renault_data_pipeline/data/renault_processed/210330/customers.csv
customer,210330,7768904,48.82,6.72,7,false,RECOVERED_FROM_FROZEN_ARTIFACT,renault_data_pipeline/data/renault_processed/210330/customers.csv
customer,210330,7823700,46.19,6.26,7,false,RECOVERED_FROM_FROZEN_ARTIFACT,renault_data_pipeline/data/renault_processed/210330/customers.csv
customer,210330,7908401,46.54,5.39,7,false,RECOVERED_FROM_FROZEN_ARTIFACT,renault_data_pipeline/data/renault_processed/210330/customers.csv
customer,210330,7908402,45.31,3.37,5,false,RECOVERED_FROM_FROZEN_ARTIFACT,renault_data_pipeline/data/renault_processed/210330/customers.csv
customer,210330,7908404,47.23,5.97,7,false,RECOVERED_FROM_FROZEN_ARTIFACT,renault_data_pipeline/data/renault_processed/210330/customers.csv
customer,210330,7908406,47.52,6.86,7,false,RECOVERED_FROM_FROZEN_ARTIFACT,renault_data_pipeline/data/renault_processed/210330/customers.csv
customer,210330,7908407,48.78,0.29,5,false,RECOVERED_FROM_FROZEN_ARTIFACT,renault_data_pipeline/data/renault_processed/210330/customers.csv
customer,210330,7908409,49.14,0.45,5,false,RECOVERED_FROM_FROZEN_ARTIFACT,renault_data_pipeline/data/renault_processed/210330/customers.csv
customer,210330,7960504,50.25,3.9,7,false,RECOVERED_FROM_FROZEN_ARTIFACT,renault_data_pipeline/data/renault_processed/210330/customers.csv
customer,210330,8010011,45.27,4.8,7,false,RECOVERED_FROM_FROZEN_ARTIFACT,renault_data_pipeline/data/renault_processed/210330/customers.csv
customer,210330,8225005,48.72,4.61,7,false,RECOVERED_FROM_FROZEN_ARTIFACT,renault_data_pipeline/data/renault_processed/210330/customers.csv
customer,210330,8561804,50.41,3.06,7,false,RECOVERED_FROM_FROZEN_ARTIFACT,renault_data_pipeline/data/renault_processed/210330/customers.csv
customer,210330,8906000,47.13,4.96,7,false,RECOVERED_FROM_FROZEN_ARTIFACT,renault_data_pipeline/data/renault_processed/210330/customers.csv
customer,210330,9500103,45.59,5.89,7,false,RECOVERED_FROM_FROZEN_ARTIFACT,renault_data_pipeline/data/renault_processed/210330/customers.csv
customer,210330,9500111,45.79,24.08,11,false,RECOVERED_FROM_FROZEN_ARTIFACT,renault_data_pipeline/data/renault_processed/210330/customers.csv
customer,210330,9500407,47.78,-3.33,5,false,RECOVERED_FROM_FROZEN_ARTIFACT,renault_data_pipeline/data/renault_processed/210330/customers.csv
customer,210330,9516300,40.67,-8.61,2,false,RECOVERED_FROM_FROZEN_ARTIFACT,renault_data_pipeline/data/renault_processed/210330/customers.csv
customer,210330,9624718,47.69,-0.03,5,false,RECOVERED_FROM_FROZEN_ARTIFACT,renault_data_pipeline/data/renault_processed/210330/customers.csv
customer,210330,9639101,47.96,0.13,5,false,RECOVERED_FROM_FROZEN_ARTIFACT,renault_data_pipeline/data/renault_processed/210330/customers.csv
customer,210330,9639103,45.79,24.08,11,false,RECOVERED_FROM_FROZEN_ARTIFACT,renault_data_pipeline/data/renault_processed/210330/customers.csv
customer,210330,11106007,44.87,24.86,11,false,RECOVERED_FROM_FROZEN_ARTIFACT,renault_data_pipeline/data/renault_processed/210330/customers.csv
customer,210330,11106019,44.87,24.86,11,false,RECOVERED_FROM_FROZEN_ARTIFACT,renault_data_pipeline/data/renault_processed/210330/customers.csv
customer,210330,11106022,44.87,24.86,11,false,RECOVERED_FROM_FROZEN_ARTIFACT,renault_data_pipeline/data/renault_processed/210330/customers.csv
customer,210330,11106024,44.87,24.86,11,false,RECOVERED_FROM_FROZEN_ARTIFACT,renault_data_pipeline/data/renault_processed/210330/customers.csv
customer,210330,11109405,41.39,2.13,6,false,RECOVERED_FROM_FROZEN_ARTIFACT,renault_data_pipeline/data/renault_processed/210330/customers.csv
customer,210330,11111100,43.56,10.31,7,false,RECOVERED_FROM_FROZEN_ARTIFACT,renault_data_pipeline/data/renault_processed/210330/customers.csv
customer,210330,11152708,50.28,3.91,7,false,RECOVERED_FROM_FROZEN_ARTIFACT,renault_data_pipeline/data/renault_processed/210330/customers.csv
customer,210330,11152711,41.94,-4.49,2,false,RECOVERED_FROM_FROZEN_ARTIFACT,renault_data_pipeline/data/renault_processed/210330/customers.csv
customer,210330,11152719,41.6,-4.7,2,false,RECOVERED_FROM_FROZEN_ARTIFACT,renault_data_pipeline/data/renault_processed/210330/customers.csv
customer,210330,11152722,45.86,22.92,11,false,RECOVERED_FROM_FROZEN_ARTIFACT,renault_data_pipeline/data/renault_processed/210330/customers.csv
customer,210330,11152724,45.85,15.34,9,false,RECOVERED_FROM_FROZEN_ARTIFACT,renault_data_pipeline/data/renault_processed/210330/customers.csv
customer,210330,11238900,43.25,-2.48,2,false,RECOVERED_FROM_FROZEN_ARTIFACT,renault_data_pipeline/data/renault_processed/210330/customers.csv
customer,210330,11262402,41.3,2.02,6,false,RECOVERED_FROM_FROZEN_ARTIFACT,renault_data_pipeline/data/renault_processed/210330/customers.csv
customer,210330,11262601,45.38,9.75,7,false,RECOVERED_FROM_FROZEN_ARTIFACT,renault_data_pipeline/data/renault_processed/210330/customers.csv
customer,210330,11262808,54.91,-1.49,4,false,RECOVERED_FROM_FROZEN_ARTIFACT,renault_data_pipeline/data/renault_processed/210330/customers.csv
customer,210330,11393900,41.32,1.65,6,false,RECOVERED_FROM_FROZEN_ARTIFACT,renault_data_pipeline/data/renault_processed/210330/customers.csv
customer,210330,11393902,42.0,-4.51,2,false,RECOVERED_FROM_FROZEN_ARTIFACT,renault_data_pipeline/data/renault_processed/210330/customers.csv
customer,210330,11419800,41.22,1.74,6,false,RECOVERED_FROM_FROZEN_ARTIFACT,renault_data_pipeline/data/renault_processed/210330/customers.csv
customer,210330,11425601,50.32,18.61,10,false,RECOVERED_FROM_FROZEN_ARTIFACT,renault_data_pipeline/data/renault_processed/210330/customers.csv
customer,210330,11451605,39.81,-7.53,2,false,RECOVERED_FROM_FROZEN_ARTIFACT,renault_data_pipeline/data/renault_processed/210330/customers.csv
customer,210330,11451700,51.36,0.58,5,false,RECOVERED_FROM_FROZEN_ARTIFACT,renault_data_pipeline/data/renault_processed/210330/customers.csv
customer,210330,11498900,43.1,-2.38,2,false,RECOVERED_FROM_FROZEN_ARTIFACT,renault_data_pipeline/data/renault_processed/210330/customers.csv
customer,210330,11509700,49.68,19.17,10,false,RECOVERED_FROM_FROZEN_ARTIFACT,renault_data_pipeline/data/renault_processed/210330/customers.csv
customer,210330,11509701,49.68,19.17,10,false,RECOVERED_FROM_FROZEN_ARTIFACT,renault_data_pipeline/data/renault_processed/210330/customers.csv
customer,210330,11509703,51.72,19.51,10,false,RECOVERED_FROM_FROZEN_ARTIFACT,renault_data_pipeline/data/renault_processed/210330/customers.csv
customer,210330,11509705,49.83,18.97,10,true,RECOVERED_FROM_FROZEN_ARTIFACT,renault_data_pipeline/data/renault_processed/210330/customers.csv
customer,210330,11509710,51.76,19.51,10,false,RECOVERED_FROM_FROZEN_ARTIFACT,renault_data_pipeline/data/renault_processed/210330/customers.csv
customer,210330,11511902,50.8,19.18,10,false,RECOVERED_FROM_FROZEN_ARTIFACT,renault_data_pipeline/data/renault_processed/210330/customers.csv
customer,210330,11512300,40.61,-7.3,2,false,RECOVERED_FROM_FROZEN_ARTIFACT,renault_data_pipeline/data/renault_processed/210330/customers.csv
customer,210330,11512402,41.66,-0.78,6,false,RECOVERED_FROM_FROZEN_ARTIFACT,renault_data_pipeline/data/renault_processed/210330/customers.csv
customer,210330,11523703,46.56,23.85,11,false,RECOVERED_FROM_FROZEN_ARTIFACT,renault_data_pipeline/data/renault_processed/210330/customers.csv
customer,210330,11533100,50.27,18.7,10,false,RECOVERED_FROM_FROZEN_ARTIFACT,renault_data_pipeline/data/renault_processed/210330/customers.csv
customer,210330,11533701,53.64,-1.79,4,false,RECOVERED_FROM_FROZEN_ARTIFACT,renault_data_pipeline/data/renault_processed/210330/customers.csv
customer,210330,11597100,44.85,24.87,11,false,RECOVERED_FROM_FROZEN_ARTIFACT,renault_data_pipeline/data/renault_processed/210330/customers.csv
customer,210330,11597102,44.85,24.87,11,false,RECOVERED_FROM_FROZEN_ARTIFACT,renault_data_pipeline/data/renault_processed/210330/customers.csv
customer,210330,11618300,41.89,-1.71,3,false,RECOVERED_FROM_FROZEN_ARTIFACT,renault_data_pipeline/data/renault_processed/210330/customers.csv
customer,210330,11635500,44.8,25.08,11,false,RECOVERED_FROM_FROZEN_ARTIFACT,renault_data_pipeline/data/renault_processed/210330/customers.csv
customer,210330,11641500,50.72,12.75,8,false,RECOVERED_FROM_FROZEN_ARTIFACT,renault_data_pipeline/data/renault_processed/210330/customers.csv
customer,210330,11645002,47.81,7.55,7,false,RECOVERED_FROM_FROZEN_ARTIFACT,renault_data_pipeline/data/renault_processed/210330/customers.csv
customer,210330,11677000,44.86,24.86,11,false,RECOVERED_FROM_FROZEN_ARTIFACT,renault_data_pipeline/data/renault_processed/210330/customers.csv
customer,210330,11677001,44.78,25.05,11,false,RECOVERED_FROM_FROZEN_ARTIFACT,renault_data_pipeline/data/renault_processed/210330/customers.csv
customer,210330,11711300,43.14,-2.6,2,false,RECOVERED_FROM_FROZEN_ARTIFACT,renault_data_pipeline/data/renault_processed/210330/customers.csv
customer,210330,11723200,54.91,-1.51,4,false,RECOVERED_FROM_FROZEN_ARTIFACT,renault_data_pipeline/data/renault_processed/210330/customers.csv
customer,210330,11738200,42.16,-8.71,2,false,RECOVERED_FROM_FROZEN_ARTIFACT,renault_data_pipeline/data/renault_processed/210330/customers.csv
customer,210330,11738406,42.37,-3.75,2,false,RECOVERED_FROM_FROZEN_ARTIFACT,renault_data_pipeline/data/renault_processed/210330/customers.csv
customer,210330,11740101,41.54,-4.66,2,false,RECOVERED_FROM_FROZEN_ARTIFACT,renault_data_pipeline/data/renault_processed/210330/customers.csv
customer,210330,11780001,51.63,-3.23,4,false,RECOVERED_FROM_FROZEN_ARTIFACT,renault_data_pipeline/data/renault_processed/210330/customers.csv
customer,210330,11780502,50.8,16.29,10,false,RECOVERED_FROM_FROZEN_ARTIFACT,renault_data_pipeline/data/renault_processed/210330/customers.csv
customer,210330,11780700,44.95,24.93,11,false,RECOVERED_FROM_FROZEN_ARTIFACT,renault_data_pipeline/data/renault_processed/210330/customers.csv
customer,210330,11869201,50.69,15.15,8,false,RECOVERED_FROM_FROZEN_ARTIFACT,renault_data_pipeline/data/renault_processed/210330/customers.csv
customer,210330,11869800,54.94,-1.46,4,false,RECOVERED_FROM_FROZEN_ARTIFACT,renault_data_pipeline/data/renault_processed/210330/customers.csv
customer,210330,11880500,39.26,-7.43,2,false,RECOVERED_FROM_FROZEN_ARTIFACT,renault_data_pipeline/data/renault_processed/210330/customers.csv
customer,210330,11891801,50.1,19.26,10,false,RECOVERED_FROM_FROZEN_ARTIFACT,renault_data_pipeline/data/renault_processed/210330/customers.csv
customer,210330,11895401,49.83,7.68,7,false,RECOVERED_FROM_FROZEN_ARTIFACT,renault_data_pipeline/data/renault_processed/210330/customers.csv
customer,210330,11895402,52.98,11.16,8,false,RECOVERED_FROM_FROZEN_ARTIFACT,renault_data_pipeline/data/renault_processed/210330/customers.csv
customer,210330,11989400,49.53,15.35,9,false,RECOVERED_FROM_FROZEN_ARTIFACT,renault_data_pipeline/data/renault_processed/210330/customers.csv
customer,210330,12008400,42.11,-8.62,2,false,RECOVERED_FROM_FROZEN_ARTIFACT,renault_data_pipeline/data/renault_processed/210330/customers.csv
customer,210330,12036000,41.34,1.69,6,false,RECOVERED_FROM_FROZEN_ARTIFACT,renault_data_pipeline/data/renault_processed/210330/customers.csv
customer,210330,12036001,41.62,-4.71,2,false,RECOVERED_FROM_FROZEN_ARTIFACT,renault_data_pipeline/data/renault_processed/210330/customers.csv
customer,210330,12036002,41.62,-4.71,2,false,RECOVERED_FROM_FROZEN_ARTIFACT,renault_data_pipeline/data/renault_processed/210330/customers.csv
customer,210330,12070900,41.83,-1.53,3,false,RECOVERED_FROM_FROZEN_ARTIFACT,renault_data_pipeline/data/renault_processed/210330/customers.csv
customer,210330,12080401,44.84,24.99,11,false,RECOVERED_FROM_FROZEN_ARTIFACT,renault_data_pipeline/data/renault_processed/210330/customers.csv
customer,210330,21185900,49.91,4.13,7,false,RECOVERED_FROM_FROZEN_ARTIFACT,renault_data_pipeline/data/renault_processed/210330/customers.csv
customer,210330,21207305,45.79,24.09,11,false,RECOVERED_FROM_FROZEN_ARTIFACT,renault_data_pipeline/data/renault_processed/210330/customers.csv
customer,210330,21323400,46.27,5.66,7,false,RECOVERED_FROM_FROZEN_ARTIFACT,renault_data_pipeline/data/renault_processed/210330/customers.csv
customer,210330,21383500,44.51,0.15,6,false,RECOVERED_FROM_FROZEN_ARTIFACT,renault_data_pipeline/data/renault_processed/210330/customers.csv
customer,210330,21448500,50.36,3.53,7,false,RECOVERED_FROM_FROZEN_ARTIFACT,renault_data_pipeline/data/renault_processed/210330/customers.csv
customer,210330,21459101,50.96,1.91,5,false,RECOVERED_FROM_FROZEN_ARTIFACT,renault_data_pipeline/data/renault_processed/210330/customers.csv
customer,210330,21506700,48.05,-0.8,5,false,RECOVERED_FROM_FROZEN_ARTIFACT,renault_data_pipeline/data/renault_processed/210330/customers.csv
customer,210330,21652600,48.7,2.89,7,false,RECOVERED_FROM_FROZEN_ARTIFACT,renault_data_pipeline/data/renault_processed/210330/customers.csv
customer,210330,21660800,47.92,6.66,7,false,RECOVERED_FROM_FROZEN_ARTIFACT,renault_data_pipeline/data/renault_processed/210330/customers.csv
customer,210330,21792905,40.88,-8.63,2,false,RECOVERED_FROM_FROZEN_ARTIFACT,renault_data_pipeline/data/renault_processed/210330/customers.csv
customer,210330,21798202,48.1,-0.73,5,false,RECOVERED_FROM_FROZEN_ARTIFACT,renault_data_pipeline/data/renault_processed/210330/customers.csv
customer,210330,21865310,40.88,-8.63,2,false,RECOVERED_FROM_FROZEN_ARTIFACT,renault_data_pipeline/data/renault_processed/210330/customers.csv
customer,210330,21865316,44.54,25.22,11,false,RECOVERED_FROM_FROZEN_ARTIFACT,renault_data_pipeline/data/renault_processed/210330/customers.csv
customer,210330,21958001,48.72,-0.52,5,false,RECOVERED_FROM_FROZEN_ARTIFACT,renault_data_pipeline/data/renault_processed/210330/customers.csv
customer,210330,22040200,49.27,1.79,5,false,RECOVERED_FROM_FROZEN_ARTIFACT,renault_data_pipeline/data/renault_processed/210330/customers.csv
customer,210330,22060301,49.21,6.21,7,false,RECOVERED_FROM_FROZEN_ARTIFACT,renault_data_pipeline/data/renault_processed/210330/customers.csv
customer,210330,22066702,42.16,-8.62,2,false,RECOVERED_FROM_FROZEN_ARTIFACT,renault_data_pipeline/data/renault_processed/210330/customers.csv
customer,210330,22066707,47.56,19.38,9,false,RECOVERED_FROM_FROZEN_ARTIFACT,renault_data_pipeline/data/renault_processed/210330/customers.csv
customer,210330,22086204,45.47,4.44,7,false,RECOVERED_FROM_FROZEN_ARTIFACT,renault_data_pipeline/data/renault_processed/210330/customers.csv
customer,210330,22091301,50.31,2.95,7,false,RECOVERED_FROM_FROZEN_ARTIFACT,renault_data_pipeline/data/renault_processed/210330/customers.csv
customer,210330,22091700,46.38,5.83,7,false,RECOVERED_FROM_FROZEN_ARTIFACT,renault_data_pipeline/data/renault_processed/210330/customers.csv
customer,210330,22102700,48.11,2.36,5,false,RECOVERED_FROM_FROZEN_ARTIFACT,renault_data_pipeline/data/renault_processed/210330/customers.csv
customer,210330,23207007,48.96,21.27,10,false,RECOVERED_FROM_FROZEN_ARTIFACT,renault_data_pipeline/data/renault_processed/210330/customers.csv
customer,210330,23234500,49.79,18.79,10,false,RECOVERED_FROM_FROZEN_ARTIFACT,renault_data_pipeline/data/renault_processed/210330/customers.csv
customer,210330,23234501,48.76,-0.58,5,false,RECOVERED_FROM_FROZEN_ARTIFACT,renault_data_pipeline/data/renault_processed/210330/customers.csv
customer,210330,23235902,44.66,25.56,11,false,RECOVERED_FROM_FROZEN_ARTIFACT,renault_data_pipeline/data/renault_processed/210330/customers.csv
customer,210330,23342502,44.97,24.93,11,true,RECOVERED_FROM_FROZEN_ARTIFACT,renault_data_pipeline/data/renault_processed/210330/customers.csv
customer,210330,23358607,48.78,8.1,7,false,RECOVERED_FROM_FROZEN_ARTIFACT,renault_data_pipeline/data/renault_processed/210330/customers.csv
customer,210330,23367700,49.84,19.03,10,false,RECOVERED_FROM_FROZEN_ARTIFACT,renault_data_pipeline/data/renault_processed/210330/customers.csv
customer,210330,23376100,42.28,-7.83,2,false,RECOVERED_FROM_FROZEN_ARTIFACT,renault_data_pipeline/data/renault_processed/210330/customers.csv
customer,210330,23536810,43.6,1.36,6,false,RECOVERED_FROM_FROZEN_ARTIFACT,renault_data_pipeline/data/renault_processed/210330/customers.csv
customer,210330,23559601,49.83,19.96,10,false,RECOVERED_FROM_FROZEN_ARTIFACT,renault_data_pipeline/data/renault_processed/210330/customers.csv
customer,210330,23559602,49.83,19.07,10,false,RECOVERED_FROM_FROZEN_ARTIFACT,renault_data_pipeline/data/renault_processed/210330/customers.csv
customer,210330,23559700,53.07,-1.25,4,false,RECOVERED_FROM_FROZEN_ARTIFACT,renault_data_pipeline/data/renault_processed/210330/customers.csv
customer,210330,23579100,40.48,-8.09,2,false,RECOVERED_FROM_FROZEN_ARTIFACT,renault_data_pipeline/data/renault_processed/210330/customers.csv
customer,210330,23632305,45.21,7.89,7,false,RECOVERED_FROM_FROZEN_ARTIFACT,renault_data_pipeline/data/renault_processed/210330/customers.csv
customer,210330,23641200,48.6,-0.37,5,false,RECOVERED_FROM_FROZEN_ARTIFACT,renault_data_pipeline/data/renault_processed/210330/customers.csv
customer,210330,23642903,46.06,14.57,9,false,RECOVERED_FROM_FROZEN_ARTIFACT,renault_data_pipeline/data/renault_processed/210330/customers.csv
customer,210330,23676300,47.47,6.84,7,false,RECOVERED_FROM_FROZEN_ARTIFACT,renault_data_pipeline/data/renault_processed/210330/customers.csv
customer,210330,23676301,49.14,1.97,5,false,RECOVERED_FROM_FROZEN_ARTIFACT,renault_data_pipeline/data/renault_processed/210330/customers.csv
customer,210330,23676305,47.74,7.14,7,false,RECOVERED_FROM_FROZEN_ARTIFACT,renault_data_pipeline/data/renault_processed/210330/customers.csv
customer,210330,23697100,42.89,-2.16,2,false,RECOVERED_FROM_FROZEN_ARTIFACT,renault_data_pipeline/data/renault_processed/210330/customers.csv
customer,210330,23697101,39.83,-0.17,6,false,RECOVERED_FROM_FROZEN_ARTIFACT,renault_data_pipeline/data/renault_processed/210330/customers.csv
customer,210330,23709503,48.89,17.99,9,false,RECOVERED_FROM_FROZEN_ARTIFACT,renault_data_pipeline/data/renault_processed/210330/customers.csv
customer,210330,23779500,38.62,-0.59,3,false,RECOVERED_FROM_FROZEN_ARTIFACT,renault_data_pipeline/data/renault_processed/210330/customers.csv
customer,210330,23850600,48.9,1.4,5,false,RECOVERED_FROM_FROZEN_ARTIFACT,renault_data_pipeline/data/renault_processed/210330/customers.csv
customer,210330,23889418,49.3,20.66,10,false,RECOVERED_FROM_FROZEN_ARTIFACT,renault_data_pipeline/data/renault_processed/210330/customers.csv
customer,210330,23927002,44.88,24.85,11,false,RECOVERED_FROM_FROZEN_ARTIFACT,renault_data_pipeline/data/renault_processed/210330/customers.csv
customer,210330,23927003,44.88,24.85,11,false,RECOVERED_FROM_FROZEN_ARTIFACT,renault_data_pipeline/data/renault_processed/210330/customers.csv
customer,210330,23927200,44.68,11.02,8,false,RECOVERED_FROM_FROZEN_ARTIFACT,renault_data_pipeline/data/renault_processed/210330/customers.csv
customer,210330,23934607,49.98,19.83,10,false,RECOVERED_FROM_FROZEN_ARTIFACT,renault_data_pipeline/data/renault_processed/210330/customers.csv
customer,210330,23961600,46.17,21.27,11,false,RECOVERED_FROM_FROZEN_ARTIFACT,renault_data_pipeline/data/renault_processed/210330/customers.csv
customer,210330,23989200,48.96,2.48,5,false,RECOVERED_FROM_FROZEN_ARTIFACT,renault_data_pipeline/data/renault_processed/210330/customers.csv
customer,210330,24007700,49.89,19.03,10,false,RECOVERED_FROM_FROZEN_ARTIFACT,renault_data_pipeline/data/renault_processed/210330/customers.csv
customer,210330,24031200,48.21,17.41,9,false,RECOVERED_FROM_FROZEN_ARTIFACT,renault_data_pipeline/data/renault_processed/210330/customers.csv
customer,210330,24040300,50.1,13.71,8,false,RECOVERED_FROM_FROZEN_ARTIFACT,renault_data_pipeline/data/renault_processed/210330/customers.csv
customer,210330,24040302,50.1,13.71,8,false,RECOVERED_FROM_FROZEN_ARTIFACT,renault_data_pipeline/data/renault_processed/210330/customers.csv
customer,210330,24052000,48.42,18.66,9,false,RECOVERED_FROM_FROZEN_ARTIFACT,renault_data_pipeline/data/renault_processed/210330/customers.csv
customer,210330,24099000,49.33,14.11,8,false,RECOVERED_FROM_FROZEN_ARTIFACT,renault_data_pipeline/data/renault_processed/210330/customers.csv
customer,210330,24099001,48.97,16.52,9,false,RECOVERED_FROM_FROZEN_ARTIFACT,renault_data_pipeline/data/renault_processed/210330/customers.csv
customer,210330,24123500,47.21,18.43,9,false,RECOVERED_FROM_FROZEN_ARTIFACT,renault_data_pipeline/data/renault_processed/210330/customers.csv
customer,210330,24149200,51.07,5.16,7,false,RECOVERED_FROM_FROZEN_ARTIFACT,renault_data_pipeline/data/renault_processed/210330/customers.csv
customer,210330,24267400,49.23,19.3,10,false,RECOVERED_FROM_FROZEN_ARTIFACT,renault_data_pipeline/data/renault_processed/210330/customers.csv
customer,210330,24267502,41.75,-8.83,2,false,RECOVERED_FROM_FROZEN_ARTIFACT,renault_data_pipeline/data/renault_processed/210330/customers.csv
customer,210330,24303001,42.0,-4.51,2,false,RECOVERED_FROM_FROZEN_ARTIFACT,renault_data_pipeline/data/renault_processed/210330/customers.csv
customer,210330,24303010,42.11,-8.62,2,false,RECOVERED_FROM_FROZEN_ARTIFACT,renault_data_pipeline/data/renault_processed/210330/customers.csv
customer,210330,24351800,41.94,-4.48,2,false,RECOVERED_FROM_FROZEN_ARTIFACT,renault_data_pipeline/data/renault_processed/210330/customers.csv
customer,210330,24405104,48.68,21.23,10,false,RECOVERED_FROM_FROZEN_ARTIFACT,renault_data_pipeline/data/renault_processed/210330/customers.csv
customer,210330,24412300,45.64,4.25,7,false,RECOVERED_FROM_FROZEN_ARTIFACT,renault_data_pipeline/data/renault_processed/210330/customers.csv
customer,210330,24412305,44.94,25.93,11,false,RECOVERED_FROM_FROZEN_ARTIFACT,renault_data_pipeline/data/renault_processed/210330/customers.csv
customer,210330,24421501,45.92,14.89,9,false,RECOVERED_FROM_FROZEN_ARTIFACT,renault_data_pipeline/data/renault_processed/210330/customers.csv
customer,210330,24557900,51.17,16.18,10,false,RECOVERED_FROM_FROZEN_ARTIFACT,renault_data_pipeline/data/renault_processed/210330/customers.csv
customer,210330,24700300,45.8,15.18,9,false,RECOVERED_FROM_FROZEN_ARTIFACT,renault_data_pipeline/data/renault_processed/210330/customers.csv
customer,210330,24700302,45.68,15.28,9,false,RECOVERED_FROM_FROZEN_ARTIFACT,renault_data_pipeline/data/renault_processed/210330/customers.csv
customer,210330,24700303,45.93,14.98,9,false,RECOVERED_FROM_FROZEN_ARTIFACT,renault_data_pipeline/data/renault_processed/210330/customers.csv
customer,210330,24705700,51.17,16.18,10,false,RECOVERED_FROM_FROZEN_ARTIFACT,renault_data_pipeline/data/renault_processed/210330/customers.csv
customer,210330,24771500,44.63,24.27,11,false,RECOVERED_FROM_FROZEN_ARTIFACT,renault_data_pipeline/data/renault_processed/210330/customers.csv
customer,210330,24903901,50.39,13.25,8,false,RECOVERED_FROM_FROZEN_ARTIFACT,renault_data_pipeline/data/renault_processed/210330/customers.csv
customer,210330,24935704,45.79,21.32,11,false,RECOVERED_FROM_FROZEN_ARTIFACT,renault_data_pipeline/data/renault_processed/210330/customers.csv
customer,210330,24936101,49.6,18.17,10,false,RECOVERED_FROM_FROZEN_ARTIFACT,renault_data_pipeline/data/renault_processed/210330/customers.csv
customer,210330,24955000,39.03,-8.97,2,false,RECOVERED_FROM_FROZEN_ARTIFACT,renault_data_pipeline/data/renault_processed/210330/customers.csv
customer,210330,24975302,45.73,21.16,11,false,RECOVERED_FROM_FROZEN_ARTIFACT,renault_data_pipeline/data/renault_processed/210330/customers.csv
customer,210330,24979000,49.1,6.87,7,false,RECOVERED_FROM_FROZEN_ARTIFACT,renault_data_pipeline/data/renault_processed/210330/customers.csv
customer,210330,24979100,50.02,15.68,10,false,RECOVERED_FROM_FROZEN_ARTIFACT,renault_data_pipeline/data/renault_processed/210330/customers.csv
customer,210330,24989702,44.67,24.88,11,false,RECOVERED_FROM_FROZEN_ARTIFACT,renault_data_pipeline/data/renault_processed/210330/customers.csv
customer,210330,24989703,44.8,24.95,11,false,RECOVERED_FROM_FROZEN_ARTIFACT,renault_data_pipeline/data/renault_processed/210330/customers.csv
customer,210330,24993000,47.11,17.87,9,false,RECOVERED_FROM_FROZEN_ARTIFACT,renault_data_pipeline/data/renault_processed/210330/customers.csv
customer,210330,25013801,50.33,18.58,10,false,RECOVERED_FROM_FROZEN_ARTIFACT,renault_data_pipeline/data/renault_processed/210330/customers.csv
customer,210330,25047601,45.29,25.06,11,false,RECOVERED_FROM_FROZEN_ARTIFACT,renault_data_pipeline/data/renault_processed/210330/customers.csv
customer,210330,25047700,49.74,13.6,8,false,RECOVERED_FROM_FROZEN_ARTIFACT,renault_data_pipeline/data/renault_processed/210330/customers.csv
customer,210330,25050301,48.59,19.1,9,false,RECOVERED_FROM_FROZEN_ARTIFACT,renault_data_pipeline/data/renault_processed/210330/customers.csv
customer,210330,25104808,48.77,17.82,9,false,RECOVERED_FROM_FROZEN_ARTIFACT,renault_data_pipeline/data/renault_processed/210330/customers.csv
customer,210330,25116300,51.19,11.06,8,false,RECOVERED_FROM_FROZEN_ARTIFACT,renault_data_pipeline/data/renault_processed/210330/customers.csv
customer,210330,25125900,41.17,-8.44,2,false,RECOVERED_FROM_FROZEN_ARTIFACT,renault_data_pipeline/data/renault_processed/210330/customers.csv
customer,210330,25160200,47.87,1.92,5,false,RECOVERED_FROM_FROZEN_ARTIFACT,renault_data_pipeline/data/renault_processed/210330/customers.csv
customer,210330,25258200,47.73,22.87,11,false,RECOVERED_FROM_FROZEN_ARTIFACT,renault_data_pipeline/data/renault_processed/210330/customers.csv
customer,210330,25315000,33.6,-7.58,1,false,RECOVERED_FROM_FROZEN_ARTIFACT,renault_data_pipeline/data/renault_processed/210330/customers.csv
customer,210330,25344801,48.33,18.05,9,false,RECOVERED_FROM_FROZEN_ARTIFACT,renault_data_pipeline/data/renault_processed/210330/customers.csv
customer,210330,25348700,41.82,-6.72,2,false,RECOVERED_FROM_FROZEN_ARTIFACT,renault_data_pipeline/data/renault_processed/210330/customers.csv
customer,210330,25361700,41.97,-8.69,2,false,RECOVERED_FROM_FROZEN_ARTIFACT,renault_data_pipeline/data/renault_processed/210330/customers.csv
customer,210330,25425000,41.62,-4.7,2,false,RECOVERED_FROM_FROZEN_ARTIFACT,renault_data_pipeline/data/renault_processed/210330/customers.csv
customer,210330,25426800,50.24,15.79,10,false,RECOVERED_FROM_FROZEN_ARTIFACT,renault_data_pipeline/data/renault_processed/210330/customers.csv
customer,210330,25426900,50.37,19.78,10,false,RECOVERED_FROM_FROZEN_ARTIFACT,renault_data_pipeline/data/renault_processed/210330/customers.csv
customer,210330,25432700,51.78,-4.03,4,false,RECOVERED_FROM_FROZEN_ARTIFACT,renault_data_pipeline/data/renault_processed/210330/customers.csv
customer,210330,25445204,48.11,-1.18,5,false,RECOVERED_FROM_FROZEN_ARTIFACT,renault_data_pipeline/data/renault_processed/210330/customers.csv
customer,210330,25531901,47.11,23.9,11,false,RECOVERED_FROM_FROZEN_ARTIFACT,renault_data_pipeline/data/renault_processed/210330/customers.csv
customer,210330,25536100,41.31,1.26,6,false,RECOVERED_FROM_FROZEN_ARTIFACT,renault_data_pipeline/data/renault_processed/210330/customers.csv
customer,210330,25536102,41.31,1.26,6,false,RECOVERED_FROM_FROZEN_ARTIFACT,renault_data_pipeline/data/renault_processed/210330/customers.csv
customer,210330,25544200,44.38,8.28,7,false,RECOVERED_FROM_FROZEN_ARTIFACT,renault_data_pipeline/data/renault_processed/210330/customers.csv
customer,210330,25697802,46.29,5.68,7,false,RECOVERED_FROM_FROZEN_ARTIFACT,renault_data_pipeline/data/renault_processed/210330/customers.csv
customer,210330,25708201,45.84,23.16,11,false,RECOVERED_FROM_FROZEN_ARTIFACT,renault_data_pipeline/data/renault_processed/210330/customers.csv
customer,210330,25725702,43.2,-2.71,2,false,RECOVERED_FROM_FROZEN_ARTIFACT,renault_data_pipeline/data/renault_processed/210330/customers.csv
customer,210330,25734400,44.87,7.73,7,false,RECOVERED_FROM_FROZEN_ARTIFACT,renault_data_pipeline/data/renault_processed/210330/customers.csv
customer,210330,25746700,48.36,17.57,9,false,RECOVERED_FROM_FROZEN_ARTIFACT,renault_data_pipeline/data/renault_processed/210330/customers.csv
customer,210330,25756803,49.16,16.7,9,false,RECOVERED_FROM_FROZEN_ARTIFACT,renault_data_pipeline/data/renault_processed/210330/customers.csv
customer,210330,25767300,42.11,-8.63,2,false,RECOVERED_FROM_FROZEN_ARTIFACT,renault_data_pipeline/data/renault_processed/210330/customers.csv
customer,210330,25769300,43.28,-5.82,2,false,RECOVERED_FROM_FROZEN_ARTIFACT,renault_data_pipeline/data/renault_processed/210330/customers.csv
customer,210330,25792600,47.33,6.02,7,false,RECOVERED_FROM_FROZEN_ARTIFACT,renault_data_pipeline/data/renault_processed/210330/customers.csv
customer,210330,25860700,47.26,-1.5,5,false,RECOVERED_FROM_FROZEN_ARTIFACT,renault_data_pipeline/data/renault_processed/210330/customers.csv
customer,210330,25860702,47.27,-1.51,5,false,RECOVERED_FROM_FROZEN_ARTIFACT,renault_data_pipeline/data/renault_processed/210330/customers.csv
customer,210330,25869800,44.91,8.23,7,false,RECOVERED_FROM_FROZEN_ARTIFACT,renault_data_pipeline/data/renault_processed/210330/customers.csv
customer,210330,25869802,45.39,6.27,7,false,RECOVERED_FROM_FROZEN_ARTIFACT,renault_data_pipeline/data/renault_processed/210330/customers.csv
customer,210330,25877300,47.8,10.86,8,false,RECOVERED_FROM_FROZEN_ARTIFACT,renault_data_pipeline/data/renault_processed/210330/customers.csv
customer,210330,25915001,45.65,25.52,11,false,RECOVERED_FROM_FROZEN_ARTIFACT,renault_data_pipeline/data/renault_processed/210330/customers.csv
customer,210330,25929600,41.85,-1.94,3,false,RECOVERED_FROM_FROZEN_ARTIFACT,renault_data_pipeline/data/renault_processed/210330/customers.csv
customer,210330,25958400,44.94,25.95,11,false,RECOVERED_FROM_FROZEN_ARTIFACT,renault_data_pipeline/data/renault_processed/210330/customers.csv
customer,210330,25964800,48.21,17.41,9,false,RECOVERED_FROM_FROZEN_ARTIFACT,renault_data_pipeline/data/renault_processed/210330/customers.csv
customer,210330,26006000,49.47,17.14,10,false,RECOVERED_FROM_FROZEN_ARTIFACT,renault_data_pipeline/data/renault_processed/210330/customers.csv
customer,210330,26036500,46.36,5.77,7,false,RECOVERED_FROM_FROZEN_ARTIFACT,renault_data_pipeline/data/renault_processed/210330/customers.csv
customer,210330,26064700,49.46,17.13,10,false,RECOVERED_FROM_FROZEN_ARTIFACT,renault_data_pipeline/data/renault_processed/210330/customers.csv
customer,210330,26064702,49.46,17.13,10,false,RECOVERED_FROM_FROZEN_ARTIFACT,renault_data_pipeline/data/renault_processed/210330/customers.csv
customer,210330,26188600,49.29,4.03,7,false,RECOVERED_FROM_FROZEN_ARTIFACT,renault_data_pipeline/data/renault_processed/210330/customers.csv
customer,210330,26212000,44.95,24.93,11,false,RECOVERED_FROM_FROZEN_ARTIFACT,renault_data_pipeline/data/renault_processed/210330/customers.csv
customer,210330,26218801,50.67,13.98,8,false,RECOVERED_FROM_FROZEN_ARTIFACT,renault_data_pipeline/data/renault_processed/210330/customers.csv
customer,210330,26218804,50.68,13.96,8,false,RECOVERED_FROM_FROZEN_ARTIFACT,renault_data_pipeline/data/renault_processed/210330/customers.csv
customer,210330,26242400,46.88,19.62,9,false,RECOVERED_FROM_FROZEN_ARTIFACT,renault_data_pipeline/data/renault_processed/210330/customers.csv
customer,210330,26254901,50.74,11.87,8,false,RECOVERED_FROM_FROZEN_ARTIFACT,renault_data_pipeline/data/renault_processed/210330/customers.csv
customer,210330,26294800,49.39,2.8,7,false,RECOVERED_FROM_FROZEN_ARTIFACT,renault_data_pipeline/data/renault_processed/210330/customers.csv
customer,210330,26310500,49.23,19.3,10,false,RECOVERED_FROM_FROZEN_ARTIFACT,renault_data_pipeline/data/renault_processed/210330/customers.csv
customer,210330,26358500,47.98,18.19,9,false,RECOVERED_FROM_FROZEN_ARTIFACT,renault_data_pipeline/data/renault_processed/210330/customers.csv
customer,210330,26367200,47.86,17.78,9,true,RECOVERED_FROM_FROZEN_ARTIFACT,renault_data_pipeline/data/renault_processed/210330/customers.csv
customer,210330,26367401,48.19,18.61,9,false,RECOVERED_FROM_FROZEN_ARTIFACT,renault_data_pipeline/data/renault_processed/210330/customers.csv
customer,210330,26372000,48.04,19.8,9,false,RECOVERED_FROM_FROZEN_ARTIFACT,renault_data_pipeline/data/renault_processed/210330/customers.csv
customer,210330,26404400,44.97,24.91,11,false,RECOVERED_FROM_FROZEN_ARTIFACT,renault_data_pipeline/data/renault_processed/210330/customers.csv
customer,210330,26404500,47.51,6.86,7,false,RECOVERED_FROM_FROZEN_ARTIFACT,renault_data_pipeline/data/renault_processed/210330/customers.csv
customer,210330,26426200,50.36,13.82,8,false,RECOVERED_FROM_FROZEN_ARTIFACT,renault_data_pipeline/data/renault_processed/210330/customers.csv
customer,210330,26447800,44.66,25.55,11,false,RECOVERED_FROM_FROZEN_ARTIFACT,renault_data_pipeline/data/renault_processed/210330/customers.csv
customer,210330,26448500,47.12,9.5,8,false,RECOVERED_FROM_FROZEN_ARTIFACT,renault_data_pipeline/data/renault_processed/210330/customers.csv
customer,210330,26461201,46.21,21.25,11,false,RECOVERED_FROM_FROZEN_ARTIFACT,renault_data_pipeline/data/renault_processed/210330/customers.csv
customer,210330,26475101,49.16,5.9,7,false,RECOVERED_FROM_FROZEN_ARTIFACT,renault_data_pipeline/data/renault_processed/210330/customers.csv
customer,210330,26522500,46.21,21.26,11,false,RECOVERED_FROM_FROZEN_ARTIFACT,renault_data_pipeline/data/renault_processed/210330/customers.csv
customer,210330,26540200,45.81,21.19,11,false,RECOVERED_FROM_FROZEN_ARTIFACT,renault_data_pipeline/data/renault_processed/210330/customers.csv
customer,210330,26551501,45.3,25.06,11,false,RECOVERED_FROM_FROZEN_ARTIFACT,renault_data_pipeline/data/renault_processed/210330/customers.csv
customer,210330,26585501,38.59,-8.9,1,false,RECOVERED_FROM_FROZEN_ARTIFACT,renault_data_pipeline/data/renault_processed/210330/customers.csv
customer,210330,26610700,49.02,17.65,9,false,RECOVERED_FROM_FROZEN_ARTIFACT,renault_data_pipeline/data/renault_processed/210330/customers.csv
customer,210330,26610800,49.16,1.35,5,false,RECOVERED_FROM_FROZEN_ARTIFACT,renault_data_pipeline/data/renault_processed/210330/customers.csv
customer,210330,26796600,41.6,-1.27,3,false,RECOVERED_FROM_FROZEN_ARTIFACT,renault_data_pipeline/data/renault_processed/210330/customers.csv
customer,210330,26815301,48.03,17.32,9,false,RECOVERED_FROM_FROZEN_ARTIFACT,renault_data_pipeline/data/renault_processed/210330/customers.csv
customer,210330,26851106,41.33,2.13,6,false,RECOVERED_FROM_FROZEN_ARTIFACT,renault_data_pipeline/data/renault_processed/210330/customers.csv
customer,210330,26976600,52.6,14.66,8,false,RECOVERED_FROM_FROZEN_ARTIFACT,renault_data_pipeline/data/renault_processed/210330/customers.csv
customer,210330,26976701,48.55,21.24,10,false,RECOVERED_FROM_FROZEN_ARTIFACT,renault_data_pipeline/data/renault_processed/210330/customers.csv
customer,210330,26992000,51.45,-0.89,4,false,RECOVERED_FROM_FROZEN_ARTIFACT,renault_data_pipeline/data/renault_processed/210330/customers.csv
customer,210330,27003000,52.28,-1.9,4,false,RECOVERED_FROM_FROZEN_ARTIFACT,renault_data_pipeline/data/renault_processed/210330/customers.csv
customer,210330,27029800,50.27,3.33,7,false,RECOVERED_FROM_FROZEN_ARTIFACT,renault_data_pipeline/data/renault_processed/210330/customers.csv
customer,210330,27029901,48.22,3.28,7,false,RECOVERED_FROM_FROZEN_ARTIFACT,renault_data_pipeline/data/renault_processed/210330/customers.csv
customer,210330,27046701,48.24,17.36,9,false,RECOVERED_FROM_FROZEN_ARTIFACT,renault_data_pipeline/data/renault_processed/210330/customers.csv
customer,210330,27076500,46.14,14.4,9,false,RECOVERED_FROM_FROZEN_ARTIFACT,renault_data_pipeline/data/renault_processed/210330/customers.csv
customer,210330,27083201,49.83,19.07,10,false,RECOVERED_FROM_FROZEN_ARTIFACT,renault_data_pipeline/data/renault_processed/210330/customers.csv
customer,210330,27095301,49.03,3.37,7,false,RECOVERED_FROM_FROZEN_ARTIFACT,renault_data_pipeline/data/renault_processed/210330/customers.csv
customer,210330,27105201,50.37,3.09,7,false,RECOVERED_FROM_FROZEN_ARTIFACT,renault_data_pipeline/data/renault_processed/210330/customers.csv
customer,210330,27105202,49.02,0.42,5,false,RECOVERED_FROM_FROZEN_ARTIFACT,renault_data_pipeline/data/renault_processed/210330/customers.csv
customer,210330,27105203,46.99,2.24,5,false,RECOVERED_FROM_FROZEN_ARTIFACT,renault_data_pipeline/data/renault_processed/210330/customers.csv
customer,210330,27105208,48.72,0.42,5,false,RECOVERED_FROM_FROZEN_ARTIFACT,renault_data_pipeline/data/renault_processed/210330/customers.csv
customer,210330,27105209,49.52,0.92,5,false,RECOVERED_FROM_FROZEN_ARTIFACT,renault_data_pipeline/data/renault_processed/210330/customers.csv
customer,210330,27107002,50.41,14.95,8,false,RECOVERED_FROM_FROZEN_ARTIFACT,renault_data_pipeline/data/renault_processed/210330/customers.csv
customer,210330,27125400,48.37,0.56,5,false,RECOVERED_FROM_FROZEN_ARTIFACT,renault_data_pipeline/data/renault_processed/210330/customers.csv
customer,210330,27125600,47.48,6.78,7,false,RECOVERED_FROM_FROZEN_ARTIFACT,renault_data_pipeline/data/renault_processed/210330/customers.csv
customer,210330,27125700,52.21,20.6,10,false,RECOVERED_FROM_FROZEN_ARTIFACT,renault_data_pipeline/data/renault_processed/210330/customers.csv
customer,210330,27137100,41.35,-8.5,2,false,RECOVERED_FROM_FROZEN_ARTIFACT,renault_data_pipeline/data/renault_processed/210330/customers.csv
customer,210330,27137200,47.51,7.01,7,false,RECOVERED_FROM_FROZEN_ARTIFACT,renault_data_pipeline/data/renault_processed/210330/customers.csv
customer,210330,27137300,45.15,1.48,5,false,RECOVERED_FROM_FROZEN_ARTIFACT,renault_data_pipeline/data/renault_processed/210330/customers.csv
customer,210330,27137400,45.95,4.82,7,false,RECOVERED_FROM_FROZEN_ARTIFACT,renault_data_pipeline/data/renault_processed/210330/customers.csv
customer,210330,27157400,48.16,6.46,7,false,RECOVERED_FROM_FROZEN_ARTIFACT,renault_data_pipeline/data/renault_processed/210330/customers.csv
customer,210330,27173601,47.51,6.92,7,false,RECOVERED_FROM_FROZEN_ARTIFACT,renault_data_pipeline/data/renault_processed/210330/customers.csv
customer,210330,27218001,41.94,-4.5,2,false,RECOVERED_FROM_FROZEN_ARTIFACT,renault_data_pipeline/data/renault_processed/210330/customers.csv
customer,210330,27287200,47.24,16.65,9,false,RECOVERED_FROM_FROZEN_ARTIFACT,renault_data_pipeline/data/renault_processed/210330/customers.csv
customer,210330,27330602,45.83,21.28,11,false,RECOVERED_FROM_FROZEN_ARTIFACT,renault_data_pipeline/data/renault_processed/210330/customers.csv
customer,210330,27359000,48.25,18.3,9,false,RECOVERED_FROM_FROZEN_ARTIFACT,renault_data_pipeline/data/renault_processed/210330/customers.csv
customer,210330,27368600,49.29,15.07,9,false,RECOVERED_FROM_FROZEN_ARTIFACT,renault_data_pipeline/data/renault_processed/210330/customers.csv
customer,210330,27369300,45.73,21.27,11,false,RECOVERED_FROM_FROZEN_ARTIFACT,renault_data_pipeline/data/renault_processed/210330/customers.csv
customer,210330,27376300,43.4,-3.84,2,false,RECOVERED_FROM_FROZEN_ARTIFACT,renault_data_pipeline/data/renault_processed/210330/customers.csv
customer,210330,27396000,42.21,-8.75,2,false,RECOVERED_FROM_FROZEN_ARTIFACT,renault_data_pipeline/data/renault_processed/210330/customers.csv
customer,210330,27442306,35.72,-5.92,1,false,RECOVERED_FROM_FROZEN_ARTIFACT,renault_data_pipeline/data/renault_processed/210330/customers.csv
customer,210330,27472709,49.77,16.25,10,false,RECOVERED_FROM_FROZEN_ARTIFACT,renault_data_pipeline/data/renault_processed/210330/customers.csv
customer,210330,27472714,49.5,16.6,10,false,RECOVERED_FROM_FROZEN_ARTIFACT,renault_data_pipeline/data/renault_processed/210330/customers.csv
customer,210330,27477001,50.04,15.58,10,false,RECOVERED_FROM_FROZEN_ARTIFACT,renault_data_pipeline/data/renault_processed/210330/customers.csv
customer,210330,27490404,42.7,-2.92,2,false,RECOVERED_FROM_FROZEN_ARTIFACT,renault_data_pipeline/data/renault_processed/210330/customers.csv
customer,210330,27559302,51.12,14.19,8,false,RECOVERED_FROM_FROZEN_ARTIFACT,renault_data_pipeline/data/renault_processed/210330/customers.csv
customer,210330,27562001,50.35,19.26,10,false,RECOVERED_FROM_FROZEN_ARTIFACT,renault_data_pipeline/data/renault_processed/210330/customers.csv
customer,210330,27593900,47.27,-1.5,5,false,RECOVERED_FROM_FROZEN_ARTIFACT,renault_data_pipeline/data/renault_processed/210330/customers.csv
customer,210330,27594100,40.65,-3.19,3,false,RECOVERED_FROM_FROZEN_ARTIFACT,renault_data_pipeline/data/renault_processed/210330/customers.csv
customer,210330,27662602,50.83,19.13,10,false,RECOVERED_FROM_FROZEN_ARTIFACT,renault_data_pipeline/data/renault_processed/210330/customers.csv
customer,210330,27690200,45.66,25.61,11,false,RECOVERED_FROM_FROZEN_ARTIFACT,renault_data_pipeline/data/renault_processed/210330/customers.csv
customer,210330,27731900,43.13,-2.57,2,false,RECOVERED_FROM_FROZEN_ARTIFACT,renault_data_pipeline/data/renault_processed/210330/customers.csv
customer,210330,27742400,43.4,-3.85,2,false,RECOVERED_FROM_FROZEN_ARTIFACT,renault_data_pipeline/data/renault_processed/210330/customers.csv
customer,210330,27752300,41.62,25.38,12,true,RECOVERED_FROM_FROZEN_ARTIFACT,renault_data_pipeline/data/renault_processed/210330/customers.csv
customer,210330,27805100,54.91,-1.49,4,false,RECOVERED_FROM_FROZEN_ARTIFACT,renault_data_pipeline/data/renault_processed/210330/customers.csv
customer,210330,27830400,49.24,6.15,7,false,RECOVERED_FROM_FROZEN_ARTIFACT,renault_data_pipeline/data/renault_processed/210330/customers.csv
customer,210330,27830500,49.24,6.15,7,false,RECOVERED_FROM_FROZEN_ARTIFACT,renault_data_pipeline/data/renault_processed/210330/customers.csv
customer,210330,27862302,53.77,-1.55,4,false,RECOVERED_FROM_FROZEN_ARTIFACT,renault_data_pipeline/data/renault_processed/210330/customers.csv
customer,210330,27902200,47.55,-0.11,5,false,RECOVERED_FROM_FROZEN_ARTIFACT,renault_data_pipeline/data/renault_processed/210330/customers.csv
customer,210330,27914600,41.16,1.13,6,false,RECOVERED_FROM_FROZEN_ARTIFACT,renault_data_pipeline/data/renault_processed/210330/customers.csv
customer,210330,27988400,41.55,2.03,6,false,RECOVERED_FROM_FROZEN_ARTIFACT,renault_data_pipeline/data/renault_processed/210330/customers.csv
customer,210330,27996500,44.79,24.98,11,false,RECOVERED_FROM_FROZEN_ARTIFACT,renault_data_pipeline/data/renault_processed/210330/customers.csv
customer,210330,28018200,48.04,19.79,9,false,RECOVERED_FROM_FROZEN_ARTIFACT,renault_data_pipeline/data/renault_processed/210330/customers.csv
customer,210330,28058401,49.3,4.12,7,false,RECOVERED_FROM_FROZEN_ARTIFACT,renault_data_pipeline/data/renault_processed/210330/customers.csv
customer,210330,28058405,49.28,4.06,7,false,RECOVERED_FROM_FROZEN_ARTIFACT,renault_data_pipeline/data/renault_processed/210330/customers.csv
customer,210330,28064002,51.46,7.62,8,false,RECOVERED_FROM_FROZEN_ARTIFACT,renault_data_pipeline/data/renault_processed/210330/customers.csv
customer,210330,28075900,49.68,13.42,8,false,RECOVERED_FROM_FROZEN_ARTIFACT,renault_data_pipeline/data/renault_processed/210330/customers.csv
customer,210330,28075902,49.68,13.42,8,false,RECOVERED_FROM_FROZEN_ARTIFACT,renault_data_pipeline/data/renault_processed/210330/customers.csv
customer,210330,28075904,40.5,-3.41,3,false,RECOVERED_FROM_FROZEN_ARTIFACT,renault_data_pipeline/data/renault_processed/210330/customers.csv
customer,210330,28075907,49.29,13.14,8,false,RECOVERED_FROM_FROZEN_ARTIFACT,renault_data_pipeline/data/renault_processed/210330/customers.csv
customer,210330,28075909,43.27,-2.13,2,false,RECOVERED_FROM_FROZEN_ARTIFACT,renault_data_pipeline/data/renault_processed/210330/customers.csv
customer,210330,28130500,47.92,19.12,9,false,RECOVERED_FROM_FROZEN_ARTIFACT,renault_data_pipeline/data/renault_processed/210330/customers.csv
customer,210330,28134700,49.48,17.96,10,false,RECOVERED_FROM_FROZEN_ARTIFACT,renault_data_pipeline/data/renault_processed/210330/customers.csv
customer,210330,28237800,54.53,-1.36,4,true,RECOVERED_FROM_FROZEN_ARTIFACT,renault_data_pipeline/data/renault_processed/210330/customers.csv
customer,210330,28253900,43.3,-1.9,2,false,RECOVERED_FROM_FROZEN_ARTIFACT,renault_data_pipeline/data/renault_processed/210330/customers.csv
customer,210330,28271902,43.53,16.49,9,false,RECOVERED_FROM_FROZEN_ARTIFACT,renault_data_pipeline/data/renault_processed/210330/customers.csv
customer,210330,28279401,51.19,11.06,8,false,RECOVERED_FROM_FROZEN_ARTIFACT,renault_data_pipeline/data/renault_processed/210330/customers.csv
customer,210330,28328400,48.42,17.04,9,false,RECOVERED_FROM_FROZEN_ARTIFACT,renault_data_pipeline/data/renault_processed/210330/customers.csv
customer,210330,28333101,49.84,3.24,7,false,RECOVERED_FROM_FROZEN_ARTIFACT,renault_data_pipeline/data/renault_processed/210330/customers.csv
customer,210330,28341200,48.23,16.98,9,false,RECOVERED_FROM_FROZEN_ARTIFACT,renault_data_pipeline/data/renault_processed/210330/customers.csv
customer,210330,28350800,44.79,24.98,11,false,RECOVERED_FROM_FROZEN_ARTIFACT,renault_data_pipeline/data/renault_processed/210330/customers.csv
customer,210330,28350801,45.17,24.84,11,false,RECOVERED_FROM_FROZEN_ARTIFACT,renault_data_pipeline/data/renault_processed/210330/customers.csv
customer,210330,28396900,50.99,4.04,7,false,RECOVERED_FROM_FROZEN_ARTIFACT,renault_data_pipeline/data/renault_processed/210330/customers.csv
customer,210330,28412700,46.38,5.84,7,false,RECOVERED_FROM_FROZEN_ARTIFACT,renault_data_pipeline/data/renault_processed/210330/customers.csv
customer,210330,28414801,40.85,-8.48,2,false,RECOVERED_FROM_FROZEN_ARTIFACT,renault_data_pipeline/data/renault_processed/210330/customers.csv
customer,210330,28459900,46.48,21.5,11,false,RECOVERED_FROM_FROZEN_ARTIFACT,renault_data_pipeline/data/renault_processed/210330/customers.csv
customer,210330,28472500,41.9,1.71,6,false,RECOVERED_FROM_FROZEN_ARTIFACT,renault_data_pipeline/data/renault_processed/210330/customers.csv
customer,210330,28482700,39.36,-0.45,3,false,RECOVERED_FROM_FROZEN_ARTIFACT,renault_data_pipeline/data/renault_processed/210330/customers.csv
customer,210330,28509401,48.15,8.64,7,false,RECOVERED_FROM_FROZEN_ARTIFACT,renault_data_pipeline/data/renault_processed/210330/customers.csv
customer,210330,28555602,45.8,21.33,11,false,RECOVERED_FROM_FROZEN_ARTIFACT,renault_data_pipeline/data/renault_processed/210330/customers.csv
customer,210330,28567300,47.59,18.36,9,false,RECOVERED_FROM_FROZEN_ARTIFACT,renault_data_pipeline/data/renault_processed/210330/customers.csv
customer,210330,28587300,42.7,-2.88,2,false,RECOVERED_FROM_FROZEN_ARTIFACT,renault_data_pipeline/data/renault_processed/210330/customers.csv
customer,210330,28602303,44.79,24.99,11,false,RECOVERED_FROM_FROZEN_ARTIFACT,renault_data_pipeline/data/renault_processed/210330/customers.csv
customer,210330,28603900,49.09,18.96,10,false,RECOVERED_FROM_FROZEN_ARTIFACT,renault_data_pipeline/data/renault_processed/210330/customers.csv
customer,210330,28610400,49.77,1.97,5,false,RECOVERED_FROM_FROZEN_ARTIFACT,renault_data_pipeline/data/renault_processed/210330/customers.csv
customer,210330,28639700,51.79,-3.24,4,false,RECOVERED_FROM_FROZEN_ARTIFACT,renault_data_pipeline/data/renault_processed/210330/customers.csv
customer,210330,28656302,48.98,17.54,9,false,RECOVERED_FROM_FROZEN_ARTIFACT,renault_data_pipeline/data/renault_processed/210330/customers.csv
customer,210330,28660200,46.98,3.17,7,false,RECOVERED_FROM_FROZEN_ARTIFACT,renault_data_pipeline/data/renault_processed/210330/customers.csv
customer,210330,28681300,49.39,1.38,5,false,RECOVERED_FROM_FROZEN_ARTIFACT,renault_data_pipeline/data/renault_processed/210330/customers.csv
customer,210330,28717500,49.36,7.27,7,false,RECOVERED_FROM_FROZEN_ARTIFACT,renault_data_pipeline/data/renault_processed/210330/customers.csv
customer,210330,28770100,49.6,18.36,10,false,RECOVERED_FROM_FROZEN_ARTIFACT,renault_data_pipeline/data/renault_processed/210330/customers.csv
customer,210330,28775300,52.64,-1.71,4,false,RECOVERED_FROM_FROZEN_ARTIFACT,renault_data_pipeline/data/renault_processed/210330/customers.csv
customer,210330,28786800,54.92,-1.51,4,false,RECOVERED_FROM_FROZEN_ARTIFACT,renault_data_pipeline/data/renault_processed/210330/customers.csv
customer,210330,28787600,52.47,-1.47,4,false,RECOVERED_FROM_FROZEN_ARTIFACT,renault_data_pipeline/data/renault_processed/210330/customers.csv
customer,210330,28867401,45.8,15.18,9,false,RECOVERED_FROM_FROZEN_ARTIFACT,renault_data_pipeline/data/renault_processed/210330/customers.csv
customer,210330,28879100,45.87,15.09,9,false,RECOVERED_FROM_FROZEN_ARTIFACT,renault_data_pipeline/data/renault_processed/210330/customers.csv
customer,210330,28884600,50.92,5.53,7,false,RECOVERED_FROM_FROZEN_ARTIFACT,renault_data_pipeline/data/renault_processed/210330/customers.csv
customer,210330,28893400,51.62,-3.47,4,false,RECOVERED_FROM_FROZEN_ARTIFACT,renault_data_pipeline/data/renault_processed/210330/customers.csv
customer,210330,28898200,48.73,18.56,9,false,RECOVERED_FROM_FROZEN_ARTIFACT,renault_data_pipeline/data/renault_processed/210330/customers.csv
customer,210330,28900500,48.95,8.88,8,false,RECOVERED_FROM_FROZEN_ARTIFACT,renault_data_pipeline/data/renault_processed/210330/customers.csv
customer,210330,28925100,48.77,13.05,8,false,RECOVERED_FROM_FROZEN_ARTIFACT,renault_data_pipeline/data/renault_processed/210330/customers.csv
customer,210330,28950300,54.9,-1.55,4,false,RECOVERED_FROM_FROZEN_ARTIFACT,renault_data_pipeline/data/renault_processed/210330/customers.csv
customer,210330,28989300,53.53,10.03,8,false,RECOVERED_FROM_FROZEN_ARTIFACT,renault_data_pipeline/data/renault_processed/210330/customers.csv
customer,210330,29023200,50.38,13.58,8,false,RECOVERED_FROM_FROZEN_ARTIFACT,renault_data_pipeline/data/renault_processed/210330/customers.csv
customer,210330,29086000,47.55,16.75,9,false,RECOVERED_FROM_FROZEN_ARTIFACT,renault_data_pipeline/data/renault_processed/210330/customers.csv
customer,210330,29135000,44.41,24.4,11,false,RECOVERED_FROM_FROZEN_ARTIFACT,renault_data_pipeline/data/renault_processed/210330/customers.csv
customer,210330,29152501,49.18,17.96,10,false,RECOVERED_FROM_FROZEN_ARTIFACT,renault_data_pipeline/data/renault_processed/210330/customers.csv
customer,210330,29249600,49.4,19.48,10,false,RECOVERED_FROM_FROZEN_ARTIFACT,renault_data_pipeline/data/renault_processed/210330/customers.csv
customer,210330,29324200,40.85,-8.48,2,false,RECOVERED_FROM_FROZEN_ARTIFACT,renault_data_pipeline/data/renault_processed/210330/customers.csv
customer,210330,29330800,47.84,8.97,8,false,RECOVERED_FROM_FROZEN_ARTIFACT,renault_data_pipeline/data/renault_processed/210330/customers.csv
customer,210330,29330900,47.57,9.37,8,false,RECOVERED_FROM_FROZEN_ARTIFACT,renault_data_pipeline/data/renault_processed/210330/customers.csv
customer,210330,29330904,43.3,-1.88,2,false,RECOVERED_FROM_FROZEN_ARTIFACT,renault_data_pipeline/data/renault_processed/210330/customers.csv
customer,210330,29350201,47.94,-2.38,5,false,RECOVERED_FROM_FROZEN_ARTIFACT,renault_data_pipeline/data/renault_processed/210330/customers.csv
customer,210330,29350204,50.09,3.53,7,false,RECOVERED_FROM_FROZEN_ARTIFACT,renault_data_pipeline/data/renault_processed/210330/customers.csv
customer,210330,29350205,47.29,-2.3,5,false,RECOVERED_FROM_FROZEN_ARTIFACT,renault_data_pipeline/data/renault_processed/210330/customers.csv
customer,210330,29350208,49.7,4.02,7,false,RECOVERED_FROM_FROZEN_ARTIFACT,renault_data_pipeline/data/renault_processed/210330/customers.csv
customer,210330,29350210,47.51,6.87,7,false,RECOVERED_FROM_FROZEN_ARTIFACT,renault_data_pipeline/data/renault_processed/210330/customers.csv
customer,210330,29350212,48.6,5.04,7,false,RECOVERED_FROM_FROZEN_ARTIFACT,renault_data_pipeline/data/renault_processed/210330/customers.csv
customer,210330,29352200,40.9,-8.44,2,false,RECOVERED_FROM_FROZEN_ARTIFACT,renault_data_pipeline/data/renault_processed/210330/customers.csv
customer,210330,29352201,40.9,-8.44,2,false,RECOVERED_FROM_FROZEN_ARTIFACT,renault_data_pipeline/data/renault_processed/210330/customers.csv
customer,210330,29369900,43.17,-2.61,2,false,RECOVERED_FROM_FROZEN_ARTIFACT,renault_data_pipeline/data/renault_processed/210330/customers.csv
customer,210330,29382801,45.07,24.81,11,false,RECOVERED_FROM_FROZEN_ARTIFACT,renault_data_pipeline/data/renault_processed/210330/customers.csv
customer,210330,29450102,42.78,-4.25,2,false,RECOVERED_FROM_FROZEN_ARTIFACT,renault_data_pipeline/data/renault_processed/210330/customers.csv
customer,210330,29527000,49.51,2.43,5,false,RECOVERED_FROM_FROZEN_ARTIFACT,renault_data_pipeline/data/renault_processed/210330/customers.csv
customer,210330,29673200,50.98,-3.24,5,false,RECOVERED_FROM_FROZEN_ARTIFACT,renault_data_pipeline/data/renault_processed/210330/customers.csv
customer,210330,29685200,51.16,4.79,7,false,RECOVERED_FROM_FROZEN_ARTIFACT,renault_data_pipeline/data/renault_processed/210330/customers.csv
customer,210330,29691900,51.68,-4.03,4,false,RECOVERED_FROM_FROZEN_ARTIFACT,renault_data_pipeline/data/renault_processed/210330/customers.csv
customer,210330,29717101,42.78,-1.38,6,false,RECOVERED_FROM_FROZEN_ARTIFACT,renault_data_pipeline/data/renault_processed/210330/customers.csv
customer,210330,29807200,43.87,26.04,11,false,RECOVERED_FROM_FROZEN_ARTIFACT,renault_data_pipeline/data/renault_processed/210330/customers.csv
customer,210330,29855000,46.18,5.57,7,false,RECOVERED_FROM_FROZEN_ARTIFACT,renault_data_pipeline/data/renault_processed/210330/customers.csv
customer,210330,29937600,42.88,-2.31,2,false,RECOVERED_FROM_FROZEN_ARTIFACT,renault_data_pipeline/data/renault_processed/210330/customers.csv
customer,210330,29947200,43.21,-2.41,2,false,RECOVERED_FROM_FROZEN_ARTIFACT,renault_data_pipeline/data/renault_processed/210330/customers.csv
customer,210330,29969301,40.57,-8.12,2,false,RECOVERED_FROM_FROZEN_ARTIFACT,renault_data_pipeline/data/renault_processed/210330/customers.csv
customer,210330,40006900,48.4,18.4,9,false,RECOVERED_FROM_FROZEN_ARTIFACT,renault_data_pipeline/data/renault_processed/210330/customers.csv
customer,210330,40084500,47.29,-2.3,5,false,RECOVERED_FROM_FROZEN_ARTIFACT,renault_data_pipeline/data/renault_processed/210330/customers.csv
customer,210330,40145700,41.82,-8.44,2,false,RECOVERED_FROM_FROZEN_ARTIFACT,renault_data_pipeline/data/renault_processed/210330/customers.csv
customer,210330,40163800,46.21,21.26,11,false,RECOVERED_FROM_FROZEN_ARTIFACT,renault_data_pipeline/data/renault_processed/210330/customers.csv
customer,210330,40168301,46.09,4.76,7,false,RECOVERED_FROM_FROZEN_ARTIFACT,renault_data_pipeline/data/renault_processed/210330/customers.csv
customer,210330,40192600,39.31,-0.42,3,false,RECOVERED_FROM_FROZEN_ARTIFACT,renault_data_pipeline/data/renault_processed/210330/customers.csv
customer,210330,40192801,46.07,6.52,7,false,RECOVERED_FROM_FROZEN_ARTIFACT,renault_data_pipeline/data/renault_processed/210330/customers.csv
customer,210330,40193000,46.55,23.86,11,false,RECOVERED_FROM_FROZEN_ARTIFACT,renault_data_pipeline/data/renault_processed/210330/customers.csv
customer,210330,40193102,49.43,11.03,8,false,RECOVERED_FROM_FROZEN_ARTIFACT,renault_data_pipeline/data/renault_processed/210330/customers.csv
customer,210330,40217101,45.2,7.89,7,false,RECOVERED_FROM_FROZEN_ARTIFACT,renault_data_pipeline/data/renault_processed/210330/customers.csv
customer,210330,40253500,47.69,22.5,10,false,RECOVERED_FROM_FROZEN_ARTIFACT,renault_data_pipeline/data/renault_processed/210330/customers.csv
customer,210330,40255800,53.11,9.4,8,false,RECOVERED_FROM_FROZEN_ARTIFACT,renault_data_pipeline/data/renault_processed/210330/customers.csv
customer,210330,40317700,41.65,-0.78,6,false,RECOVERED_FROM_FROZEN_ARTIFACT,renault_data_pipeline/data/renault_processed/210330/customers.csv
customer,210330,40317703,39.47,-0.57,3,false,RECOVERED_FROM_FROZEN_ARTIFACT,renault_data_pipeline/data/renault_processed/210330/customers.csv
customer,210330,40326600,49.08,19.59,10,false,RECOVERED_FROM_FROZEN_ARTIFACT,renault_data_pipeline/data/renault_processed/210330/customers.csv
customer,210330,40366200,49.71,13.43,8,false,RECOVERED_FROM_FROZEN_ARTIFACT,renault_data_pipeline/data/renault_processed/210330/customers.csv
customer,210330,40475000,49.17,11.01,8,false,RECOVERED_FROM_FROZEN_ARTIFACT,renault_data_pipeline/data/renault_processed/210330/customers.csv
customer,210330,40475800,42.75,23.21,12,false,RECOVERED_FROM_FROZEN_ARTIFACT,renault_data_pipeline/data/renault_processed/210330/customers.csv
customer,210330,40654000,44.87,24.86,11,false,RECOVERED_FROM_FROZEN_ARTIFACT,renault_data_pipeline/data/renault_processed/210330/customers.csv
customer,210330,40741601,50.49,2.5,7,false,RECOVERED_FROM_FROZEN_ARTIFACT,renault_data_pipeline/data/renault_processed/210330/customers.csv
customer,210330,40741604,50.49,2.68,7,false,RECOVERED_FROM_FROZEN_ARTIFACT,renault_data_pipeline/data/renault_processed/210330/customers.csv
customer,210330,40755500,48.81,16.62,9,false,RECOVERED_FROM_FROZEN_ARTIFACT,renault_data_pipeline/data/renault_processed/210330/customers.csv
customer,210330,40771302,35.66,-5.67,1,true,RECOVERED_FROM_FROZEN_ARTIFACT,renault_data_pipeline/data/renault_processed/210330/customers.csv
customer,210330,40779102,47.55,16.75,9,false,RECOVERED_FROM_FROZEN_ARTIFACT,renault_data_pipeline/data/renault_processed/210330/customers.csv
customer,210330,40819100,47.63,18.29,9,false,RECOVERED_FROM_FROZEN_ARTIFACT,renault_data_pipeline/data/renault_processed/210330/customers.csv
customer,210330,40832000,47.08,21.86,9,false,RECOVERED_FROM_FROZEN_ARTIFACT,renault_data_pipeline/data/renault_processed/210330/customers.csv
customer,210330,40863701,48.14,11.58,8,false,RECOVERED_FROM_FROZEN_ARTIFACT,renault_data_pipeline/data/renault_processed/210330/customers.csv
customer,210330,40906107,48.13,20.78,9,false,RECOVERED_FROM_FROZEN_ARTIFACT,renault_data_pipeline/data/renault_processed/210330/customers.csv
customer,210330,40909900,40.78,-8.59,2,false,RECOVERED_FROM_FROZEN_ARTIFACT,renault_data_pipeline/data/renault_processed/210330/customers.csv
customer,210330,40952700,49.25,6.9,7,false,RECOVERED_FROM_FROZEN_ARTIFACT,renault_data_pipeline/data/renault_processed/210330/customers.csv
customer,210330,40955700,45.73,21.26,11,false,RECOVERED_FROM_FROZEN_ARTIFACT,renault_data_pipeline/data/renault_processed/210330/customers.csv
customer,210330,40979700,44.92,24.87,11,false,RECOVERED_FROM_FROZEN_ARTIFACT,renault_data_pipeline/data/renault_processed/210330/customers.csv
customer,210330,40998700,46.63,26.86,11,false,RECOVERED_FROM_FROZEN_ARTIFACT,renault_data_pipeline/data/renault_processed/210330/customers.csv
customer,210330,41062600,45.02,24.9,11,false,RECOVERED_FROM_FROZEN_ARTIFACT,renault_data_pipeline/data/renault_processed/210330/customers.csv
customer,210330,41092202,42.38,-3.73,2,false,RECOVERED_FROM_FROZEN_ARTIFACT,renault_data_pipeline/data/renault_processed/210330/customers.csv
customer,210330,41092205,41.63,2.29,6,false,RECOVERED_FROM_FROZEN_ARTIFACT,renault_data_pipeline/data/renault_processed/210330/customers.csv
customer,210330,41099501,47.37,19.12,9,false,RECOVERED_FROM_FROZEN_ARTIFACT,renault_data_pipeline/data/renault_processed/210330/customers.csv
customer,210330,41106800,52.4,-1.55,4,false,RECOVERED_FROM_FROZEN_ARTIFACT,renault_data_pipeline/data/renault_processed/210330/customers.csv
customer,210330,41156800,48.57,18.86,9,false,RECOVERED_FROM_FROZEN_ARTIFACT,renault_data_pipeline/data/renault_processed/210330/customers.csv
customer,210330,41223901,40.58,-8.12,2,false,RECOVERED_FROM_FROZEN_ARTIFACT,renault_data_pipeline/data/renault_processed/210330/customers.csv
customer,210330,41264800,42.12,-8.62,2,false,RECOVERED_FROM_FROZEN_ARTIFACT,renault_data_pipeline/data/renault_processed/210330/customers.csv
customer,210330,41379900,46.14,21.3,11,false,RECOVERED_FROM_FROZEN_ARTIFACT,renault_data_pipeline/data/renault_processed/210330/customers.csv
customer,210330,41397500,42.25,24.88,12,false,RECOVERED_FROM_FROZEN_ARTIFACT,renault_data_pipeline/data/renault_processed/210330/customers.csv
customer,210330,41428600,47.11,17.88,9,false,RECOVERED_FROM_FROZEN_ARTIFACT,renault_data_pipeline/data/renault_processed/210330/customers.csv
customer,210330,41448500,48.74,18.23,9,false,RECOVERED_FROM_FROZEN_ARTIFACT,renault_data_pipeline/data/renault_processed/210330/customers.csv
customer,210330,41462100,35.66,-5.67,1,false,RECOVERED_FROM_FROZEN_ARTIFACT,renault_data_pipeline/data/renault_processed/210330/customers.csv
customer,210330,41482900,46.25,1.5,5,false,RECOVERED_FROM_FROZEN_ARTIFACT,renault_data_pipeline/data/renault_processed/210330/customers.csv
customer,210330,41484500,41.89,-8.55,2,false,RECOVERED_FROM_FROZEN_ARTIFACT,renault_data_pipeline/data/renault_processed/210330/customers.csv
customer,210330,41565300,49.47,5.86,7,false,RECOVERED_FROM_FROZEN_ARTIFACT,renault_data_pipeline/data/renault_processed/210330/customers.csv
customer,210330,41570200,44.56,2.24,6,false,RECOVERED_FROM_FROZEN_ARTIFACT,renault_data_pipeline/data/renault_processed/210330/customers.csv
customer,210330,41618900,42.18,24.33,12,false,RECOVERED_FROM_FROZEN_ARTIFACT,renault_data_pipeline/data/renault_processed/210330/customers.csv
customer,210330,41628700,47.18,18.4,9,false,RECOVERED_FROM_FROZEN_ARTIFACT,renault_data_pipeline/data/renault_processed/210330/customers.csv
customer,210330,41646501,51.53,7.51,8,false,RECOVERED_FROM_FROZEN_ARTIFACT,renault_data_pipeline/data/renault_processed/210330/customers.csv
customer,210330,41647900,34.26,-6.58,1,false,RECOVERED_FROM_FROZEN_ARTIFACT,renault_data_pipeline/data/renault_processed/210330/customers.csv
customer,210330,41681300,35.66,-5.66,1,false,RECOVERED_FROM_FROZEN_ARTIFACT,renault_data_pipeline/data/renault_processed/210330/customers.csv
customer,210330,41747000,52.21,20.56,10,false,RECOVERED_FROM_FROZEN_ARTIFACT,renault_data_pipeline/data/renault_processed/210330/customers.csv
customer,210330,41774800,42.48,-2.41,2,false,RECOVERED_FROM_FROZEN_ARTIFACT,renault_data_pipeline/data/renault_processed/210330/customers.csv
customer,210330,41804600,51.17,16.63,10,false,RECOVERED_FROM_FROZEN_ARTIFACT,renault_data_pipeline/data/renault_processed/210330/customers.csv
customer,210330,41832900,35.78,-5.8,1,false,RECOVERED_FROM_FROZEN_ARTIFACT,renault_data_pipeline/data/renault_processed/210330/customers.csv
customer,210330,41854501,47.14,20.13,9,false,RECOVERED_FROM_FROZEN_ARTIFACT,renault_data_pipeline/data/renault_processed/210330/customers.csv
customer,210330,42061900,51.01,4.46,7,false,RECOVERED_FROM_FROZEN_ARTIFACT,renault_data_pipeline/data/renault_processed/210330/customers.csv
customer,210330,42116300,44.63,24.27,11,false,RECOVERED_FROM_FROZEN_ARTIFACT,renault_data_pipeline/data/renault_processed/210330/customers.csv
customer,210330,42126700,35.66,-5.65,1,false,RECOVERED_FROM_FROZEN_ARTIFACT,renault_data_pipeline/data/renault_processed/210330/customers.csv
customer,210330,42143100,48.18,7.01,7,false,RECOVERED_FROM_FROZEN_ARTIFACT,renault_data_pipeline/data/renault_processed/210330/customers.csv
customer,210330,42162600,49.84,4.78,7,false,RECOVERED_FROM_FROZEN_ARTIFACT,renault_data_pipeline/data/renault_processed/210330/customers.csv
customer,210330,42191400,48.11,-1.73,5,false,RECOVERED_FROM_FROZEN_ARTIFACT,renault_data_pipeline/data/renault_processed/210330/customers.csv
customer,210330,42204601,43.0,1.62,6,false,RECOVERED_FROM_FROZEN_ARTIFACT,renault_data_pipeline/data/renault_processed/210330/customers.csv
customer,210330,42209602,49.01,12.14,8,false,RECOVERED_FROM_FROZEN_ARTIFACT,renault_data_pipeline/data/renault_processed/210330/customers.csv
customer,210330,42254602,41.34,2.11,6,false,RECOVERED_FROM_FROZEN_ARTIFACT,renault_data_pipeline/data/renault_processed/210330/customers.csv
customer,210330,42259201,35.72,-5.91,1,false,RECOVERED_FROM_FROZEN_ARTIFACT,renault_data_pipeline/data/renault_processed/210330/customers.csv
customer,210330,42299700,48.16,17.13,9,false,RECOVERED_FROM_FROZEN_ARTIFACT,renault_data_pipeline/data/renault_processed/210330/customers.csv
customer,210330,42349301,50.56,15.9,10,false,RECOVERED_FROM_FROZEN_ARTIFACT,renault_data_pipeline/data/renault_processed/210330/customers.csv
customer,210330,42375705,48.06,-1.7,5,false,RECOVERED_FROM_FROZEN_ARTIFACT,renault_data_pipeline/data/renault_processed/210330/customers.csv
customer,210330,42375800,50.81,12.92,8,false,RECOVERED_FROM_FROZEN_ARTIFACT,renault_data_pipeline/data/renault_processed/210330/customers.csv
customer,210330,42386800,50.92,5.51,7,false,RECOVERED_FROM_FROZEN_ARTIFACT,renault_data_pipeline/data/renault_processed/210330/customers.csv
customer,210330,42435800,50.9,17.33,10,false,RECOVERED_FROM_FROZEN_ARTIFACT,renault_data_pipeline/data/renault_processed/210330/customers.csv
customer,210330,42460000,46.33,-1.31,5,false,RECOVERED_FROM_FROZEN_ARTIFACT,renault_data_pipeline/data/renault_processed/210330/customers.csv
customer,210330,42529900,41.41,1.99,6,false,RECOVERED_FROM_FROZEN_ARTIFACT,renault_data_pipeline/data/renault_processed/210330/customers.csv
customer,210330,42529903,41.66,1.2,6,false,RECOVERED_FROM_FROZEN_ARTIFACT,renault_data_pipeline/data/renault_processed/210330/customers.csv
customer,210330,42571100,43.93,21.37,11,false,RECOVERED_FROM_FROZEN_ARTIFACT,renault_data_pipeline/data/renault_processed/210330/customers.csv
customer,210330,42583500,43.41,-3.85,2,false,RECOVERED_FROM_FROZEN_ARTIFACT,renault_data_pipeline/data/renault_processed/210330/customers.csv
customer,210330,61186900,47.08,21.91,9,false,RECOVERED_FROM_FROZEN_ARTIFACT,renault_data_pipeline/data/renault_processed/210330/customers.csv
customer,210330,61187700,45.22,24.94,11,false,RECOVERED_FROM_FROZEN_ARTIFACT,renault_data_pipeline/data/renault_processed/210330/customers.csv
customer,210330,61190700,44.8,25.08,11,false,RECOVERED_FROM_FROZEN_ARTIFACT,renault_data_pipeline/data/renault_processed/210330/customers.csv
customer,210330,61190900,45.8,24.18,11,false,RECOVERED_FROM_FROZEN_ARTIFACT,renault_data_pipeline/data/renault_processed/210330/customers.csv
customer,210330,61192100,44.44,24.38,11,false,RECOVERED_FROM_FROZEN_ARTIFACT,renault_data_pipeline/data/renault_processed/210330/customers.csv
customer,210330,61198600,44.88,24.85,11,false,RECOVERED_FROM_FROZEN_ARTIFACT,renault_data_pipeline/data/renault_processed/210330/customers.csv
customer,210330,61198605,45.29,25.06,11,false,RECOVERED_FROM_FROZEN_ARTIFACT,renault_data_pipeline/data/renault_processed/210330/customers.csv
customer,210330,61199400,44.88,24.85,11,false,RECOVERED_FROM_FROZEN_ARTIFACT,renault_data_pipeline/data/renault_processed/210330/customers.csv
customer,210330,61200700,47.05,21.97,11,false,RECOVERED_FROM_FROZEN_ARTIFACT,renault_data_pipeline/data/renault_processed/210330/customers.csv
customer,210330,61203901,45.73,21.17,11,false,RECOVERED_FROM_FROZEN_ARTIFACT,renault_data_pipeline/data/renault_processed/210330/customers.csv
customer,210330,61204301,44.99,24.94,11,false,RECOVERED_FROM_FROZEN_ARTIFACT,renault_data_pipeline/data/renault_processed/210330/customers.csv
customer,210330,61204502,44.98,24.97,11,false,RECOVERED_FROM_FROZEN_ARTIFACT,renault_data_pipeline/data/renault_processed/210330/customers.csv
customer,210330,61205600,45.66,25.54,11,false,RECOVERED_FROM_FROZEN_ARTIFACT,renault_data_pipeline/data/renault_processed/210330/customers.csv
customer,210330,61994202,46.17,14.57,9,false,RECOVERED_FROM_FROZEN_ARTIFACT,renault_data_pipeline/data/renault_processed/210330/customers.csv
customer,210330,61995901,45.94,15.14,9,false,RECOVERED_FROM_FROZEN_ARTIFACT,renault_data_pipeline/data/renault_processed/210330/customers.csv
customer,210330,61996300,45.95,15.06,9,false,RECOVERED_FROM_FROZEN_ARTIFACT,renault_data_pipeline/data/renault_processed/210330/customers.csv
customer,210330,61996402,45.77,14.2,9,false,RECOVERED_FROM_FROZEN_ARTIFACT,renault_data_pipeline/data/renault_processed/210330/customers.csv
customer,210330,61996404,45.93,14.98,9,false,RECOVERED_FROM_FROZEN_ARTIFACT,renault_data_pipeline/data/renault_processed/210330/customers.csv
customer,210330,62127500,46.34,15.43,9,false,RECOVERED_FROM_FROZEN_ARTIFACT,renault_data_pipeline/data/renault_processed/210330/customers.csv
depot,210330,9624708,45.78,4.88,,false,RECOVERED_FROM_FROZEN_ARTIFACT,renault_data_pipeline/data/renault_processed/210330/depots.csv
depot,210330,90015100,48.98,1.85,,false,RECOVERED_FROM_FROZEN_ARTIFACT,renault_data_pipeline/data/renault_processed/210330/depots.csv
depot,210330,90016100,49.32,1.05,,false,RECOVERED_FROM_FROZEN_ARTIFACT,renault_data_pipeline/data/renault_processed/210330/depots.csv
depot,210330,90016200,50.28,3.91,,false,RECOVERED_FROM_FROZEN_ARTIFACT,renault_data_pipeline/data/renault_processed/210330/depots.csv
depot,210330,90016500,40.67,-8.62,,false,RECOVERED_FROM_FROZEN_ARTIFACT,renault_data_pipeline/data/renault_processed/210330/depots.csv
depot,210330,90016700,45.79,15.18,,false,RECOVERED_FROM_FROZEN_ARTIFACT,renault_data_pipeline/data/renault_processed/210330/depots.csv
depot,210330,90016900,49.17,5.98,,false,RECOVERED_FROM_FROZEN_ARTIFACT,renault_data_pipeline/data/renault_processed/210330/depots.csv
depot,210330,90017100,49.48,0.3,,false,RECOVERED_FROM_FROZEN_ARTIFACT,renault_data_pipeline/data/renault_processed/210330/depots.csv
depot,210330,90018300,49.91,1.09,,false,RECOVERED_FROM_FROZEN_ARTIFACT,renault_data_pipeline/data/renault_processed/210330/depots.csv
depot,210330,90018400,50.47,2.61,,false,RECOVERED_FROM_FROZEN_ARTIFACT,renault_data_pipeline/data/renault_processed/210330/depots.csv
depot,210330,90019100,50.36,3.03,,false,RECOVERED_FROM_FROZEN_ARTIFACT,renault_data_pipeline/data/renault_processed/210330/depots.csv
customer,210323,37402,49.37,6.22,7,false,RECOVERED_FROM_FROZEN_ARTIFACT,renault_data_pipeline/data/renault_processed/210323/customers.csv
customer,210323,164601,45.19,5.71,7,false,RECOVERED_FROM_FROZEN_ARTIFACT,renault_data_pipeline/data/renault_processed/210323/customers.csv
customer,210323,187312,46.84,0.54,5,false,RECOVERED_FROM_FROZEN_ARTIFACT,renault_data_pipeline/data/renault_processed/210323/customers.csv
customer,210323,187313,45.55,3.26,5,false,RECOVERED_FROM_FROZEN_ARTIFACT,renault_data_pipeline/data/renault_processed/210323/customers.csv
customer,210323,191507,49.98,1.57,5,false,RECOVERED_FROM_FROZEN_ARTIFACT,renault_data_pipeline/data/renault_processed/210323/customers.csv
customer,210323,191512,47.83,-0.73,5,false,RECOVERED_FROM_FROZEN_ARTIFACT,renault_data_pipeline/data/renault_processed/210323/customers.csv
customer,210323,201504,48.68,1.54,5,false,RECOVERED_FROM_FROZEN_ARTIFACT,renault_data_pipeline/data/renault_processed/210323/customers.csv
customer,210323,239401,46.4,5.79,7,false,RECOVERED_FROM_FROZEN_ARTIFACT,renault_data_pipeline/data/renault_processed/210323/customers.csv
customer,210323,239406,39.72,-8.93,2,false,RECOVERED_FROM_FROZEN_ARTIFACT,renault_data_pipeline/data/renault_processed/210323/customers.csv
customer,210323,239407,48.39,18.0,9,false,RECOVERED_FROM_FROZEN_ARTIFACT,renault_data_pipeline/data/renault_processed/210323/customers.csv
customer,210323,239411,49.94,2.27,5,false,RECOVERED_FROM_FROZEN_ARTIFACT,renault_data_pipeline/data/renault_processed/210323/customers.csv
customer,210323,239412,48.36,0.37,5,false,RECOVERED_FROM_FROZEN_ARTIFACT,renault_data_pipeline/data/renault_processed/210323/customers.csv
customer,210323,239414,48.37,0.56,5,true,RECOVERED_FROM_FROZEN_ARTIFACT,renault_data_pipeline/data/renault_processed/210323/customers.csv
customer,210323,292606,46.79,21.63,9,false,RECOVERED_FROM_FROZEN_ARTIFACT,renault_data_pipeline/data/renault_processed/210323/customers.csv
customer,210323,297201,45.33,1.91,5,false,RECOVERED_FROM_FROZEN_ARTIFACT,renault_data_pipeline/data/renault_processed/210323/customers.csv
customer,210323,322802,48.98,1.89,5,false,RECOVERED_FROM_FROZEN_ARTIFACT,renault_data_pipeline/data/renault_processed/210323/customers.csv
customer,210323,440301,48.08,1.34,5,false,RECOVERED_FROM_FROZEN_ARTIFACT,renault_data_pipeline/data/renault_processed/210323/customers.csv
customer,210323,440381,47.23,2.07,5,false,RECOVERED_FROM_FROZEN_ARTIFACT,renault_data_pipeline/data/renault_processed/210323/customers.csv
customer,210323,440384,47.69,-0.86,5,false,RECOVERED_FROM_FROZEN_ARTIFACT,renault_data_pipeline/data/renault_processed/210323/customers.csv
customer,210323,487216,46.54,3.35,7,false,RECOVERED_FROM_FROZEN_ARTIFACT,renault_data_pipeline/data/renault_processed/210323/customers.csv
customer,210323,487232,48.69,8.12,7,false,RECOVERED_FROM_FROZEN_ARTIFACT,renault_data_pipeline/data/renault_processed/210323/customers.csv
customer,210323,487248,41.31,1.63,6,false,RECOVERED_FROM_FROZEN_ARTIFACT,renault_data_pipeline/data/renault_processed/210323/customers.csv
customer,210323,487282,50.94,5.49,7,false,RECOVERED_FROM_FROZEN_ARTIFACT,renault_data_pipeline/data/renault_processed/210323/customers.csv
customer,210323,631303,48.02,2.72,5,false,RECOVERED_FROM_FROZEN_ARTIFACT,renault_data_pipeline/data/renault_processed/210323/customers.csv
customer,210323,679301,49.46,5.86,7,false,RECOVERED_FROM_FROZEN_ARTIFACT,renault_data_pipeline/data/renault_processed/210323/customers.csv
customer,210323,772511,49.94,2.27,5,false,RECOVERED_FROM_FROZEN_ARTIFACT,renault_data_pipeline/data/renault_processed/210323/customers.csv
customer,210323,772524,50.47,2.6,7,false,RECOVERED_FROM_FROZEN_ARTIFACT,renault_data_pipeline/data/renault_processed/210323/customers.csv
customer,210323,785509,45.87,1.27,5,false,RECOVERED_FROM_FROZEN_ARTIFACT,renault_data_pipeline/data/renault_processed/210323/customers.csv
customer,210323,796803,49.57,10.88,8,false,RECOVERED_FROM_FROZEN_ARTIFACT,renault_data_pipeline/data/renault_processed/210323/customers.csv
customer,210323,796804,49.34,7.35,7,false,RECOVERED_FROM_FROZEN_ARTIFACT,renault_data_pipeline/data/renault_processed/210323/customers.csv
customer,210323,796810,48.04,1.87,5,false,RECOVERED_FROM_FROZEN_ARTIFACT,renault_data_pipeline/data/renault_processed/210323/customers.csv
customer,210323,796817,45.64,25.51,11,false,RECOVERED_FROM_FROZEN_ARTIFACT,renault_data_pipeline/data/renault_processed/210323/customers.csv
customer,210323,796824,49.91,16.6,10,false,RECOVERED_FROM_FROZEN_ARTIFACT,renault_data_pipeline/data/renault_processed/210323/customers.csv
customer,210323,865704,47.98,0.26,5,false,RECOVERED_FROM_FROZEN_ARTIFACT,renault_data_pipeline/data/renault_processed/210323/customers.csv
customer,210323,891403,46.11,4.12,7,false,RECOVERED_FROM_FROZEN_ARTIFACT,renault_data_pipeline/data/renault_processed/210323/customers.csv
customer,210323,896602,49.41,8.65,8,false,RECOVERED_FROM_FROZEN_ARTIFACT,renault_data_pipeline/data/renault_processed/210323/customers.csv
customer,210323,896613,47.0,3.19,7,false,RECOVERED_FROM_FROZEN_ARTIFACT,renault_data_pipeline/data/renault_processed/210323/customers.csv
customer,210323,896614,47.23,5.97,7,false,RECOVERED_FROM_FROZEN_ARTIFACT,renault_data_pipeline/data/renault_processed/210323/customers.csv
customer,210323,923601,49.44,1.91,5,false,RECOVERED_FROM_FROZEN_ARTIFACT,renault_data_pipeline/data/renault_processed/210323/customers.csv
customer,210323,923606,44.1,1.1,6,false,RECOVERED_FROM_FROZEN_ARTIFACT,renault_data_pipeline/data/renault_processed/210323/customers.csv
customer,210323,923610,41.54,2.04,6,false,RECOVERED_FROM_FROZEN_ARTIFACT,renault_data_pipeline/data/renault_processed/210323/customers.csv
customer,210323,923613,48.38,18.4,9,false,RECOVERED_FROM_FROZEN_ARTIFACT,renault_data_pipeline/data/renault_processed/210323/customers.csv
customer,210323,923619,44.84,24.89,11,false,RECOVERED_FROM_FROZEN_ARTIFACT,renault_data_pipeline/data/renault_processed/210323/customers.csv
customer,210323,923681,49.44,1.9,5,false,RECOVERED_FROM_FROZEN_ARTIFACT,renault_data_pipeline/data/renault_processed/210323/customers.csv
customer,210323,999301,47.01,-1.19,5,false,RECOVERED_FROM_FROZEN_ARTIFACT,renault_data_pipeline/data/renault_processed/210323/customers.csv
customer,210323,1156504,45.68,4.93,7,false,RECOVERED_FROM_FROZEN_ARTIFACT,renault_data_pipeline/data/renault_processed/210323/customers.csv
customer,210323,1295500,49.22,2.13,5,false,RECOVERED_FROM_FROZEN_ARTIFACT,renault_data_pipeline/data/renault_processed/210323/customers.csv
customer,210323,1295504,47.69,-2.05,5,false,RECOVERED_FROM_FROZEN_ARTIFACT,renault_data_pipeline/data/renault_processed/210323/customers.csv
customer,210323,1295511,50.51,2.47,7,false,RECOVERED_FROM_FROZEN_ARTIFACT,renault_data_pipeline/data/renault_processed/210323/customers.csv
customer,210323,1295538,43.53,16.49,9,false,RECOVERED_FROM_FROZEN_ARTIFACT,renault_data_pipeline/data/renault_processed/210323/customers.csv
customer,210323,1295541,49.22,2.13,5,false,RECOVERED_FROM_FROZEN_ARTIFACT,renault_data_pipeline/data/renault_processed/210323/customers.csv
customer,210323,1341000,47.66,-2.71,5,false,RECOVERED_FROM_FROZEN_ARTIFACT,renault_data_pipeline/data/renault_processed/210323/customers.csv
customer,210323,1343400,48.77,1.18,5,false,RECOVERED_FROM_FROZEN_ARTIFACT,renault_data_pipeline/data/renault_processed/210323/customers.csv
customer,210323,1349826,44.89,24.84,11,false,RECOVERED_FROM_FROZEN_ARTIFACT,renault_data_pipeline/data/renault_processed/210323/customers.csv
customer,210323,1349831,33.79,-7.16,1,false,RECOVERED_FROM_FROZEN_ARTIFACT,renault_data_pipeline/data/renault_processed/210323/customers.csv
customer,210323,1470709,44.38,4.97,6,false,RECOVERED_FROM_FROZEN_ARTIFACT,renault_data_pipeline/data/renault_processed/210323/customers.csv
customer,210323,1607201,47.97,3.54,7,false,RECOVERED_FROM_FROZEN_ARTIFACT,renault_data_pipeline/data/renault_processed/210323/customers.csv
customer,210323,1650000,48.52,2.63,5,false,RECOVERED_FROM_FROZEN_ARTIFACT,renault_data_pipeline/data/renault_processed/210323/customers.csv
customer,210323,1650004,48.06,-0.82,5,false,RECOVERED_FROM_FROZEN_ARTIFACT,renault_data_pipeline/data/renault_processed/210323/customers.csv
customer,210323,1665700,45.48,4.52,7,false,RECOVERED_FROM_FROZEN_ARTIFACT,renault_data_pipeline/data/renault_processed/210323/customers.csv
customer,210323,1689201,49.29,6.53,7,false,RECOVERED_FROM_FROZEN_ARTIFACT,renault_data_pipeline/data/renault_processed/210323/customers.csv
customer,210323,1746907,49.19,6.7,7,false,RECOVERED_FROM_FROZEN_ARTIFACT,renault_data_pipeline/data/renault_processed/210323/customers.csv
customer,210323,1874801,48.94,7.82,7,false,RECOVERED_FROM_FROZEN_ARTIFACT,renault_data_pipeline/data/renault_processed/210323/customers.csv
customer,210323,1925700,50.54,2.99,7,false,RECOVERED_FROM_FROZEN_ARTIFACT,renault_data_pipeline/data/renault_processed/210323/customers.csv
customer,210323,1925732,41.89,-5.06,2,true,RECOVERED_FROM_FROZEN_ARTIFACT,renault_data_pipeline/data/renault_processed/210323/customers.csv
customer,210323,1925734,43.53,16.49,9,false,RECOVERED_FROM_FROZEN_ARTIFACT,renault_data_pipeline/data/renault_processed/210323/customers.csv
customer,210323,1960400,45.89,4.82,7,false,RECOVERED_FROM_FROZEN_ARTIFACT,renault_data_pipeline/data/renault_processed/210323/customers.csv
customer,210323,1994201,47.36,0.9,5,false,RECOVERED_FROM_FROZEN_ARTIFACT,renault_data_pipeline/data/renault_processed/210323/customers.csv
customer,210323,2096306,50.99,10.35,8,false,RECOVERED_FROM_FROZEN_ARTIFACT,renault_data_pipeline/data/renault_processed/210323/customers.csv
customer,210323,2096343,46.54,3.35,7,false,RECOVERED_FROM_FROZEN_ARTIFACT,renault_data_pipeline/data/renault_processed/210323/customers.csv
customer,210323,2096364,48.11,20.86,9,false,RECOVERED_FROM_FROZEN_ARTIFACT,renault_data_pipeline/data/renault_processed/210323/customers.csv
customer,210323,2096368,47.65,19.64,9,false,RECOVERED_FROM_FROZEN_ARTIFACT,renault_data_pipeline/data/renault_processed/210323/customers.csv
customer,210323,2096370,51.16,17.15,10,false,RECOVERED_FROM_FROZEN_ARTIFACT,renault_data_pipeline/data/renault_processed/210323/customers.csv
customer,210323,2115302,50.77,7.94,8,false,RECOVERED_FROM_FROZEN_ARTIFACT,renault_data_pipeline/data/renault_processed/210323/customers.csv
customer,210323,2152409,51.63,8.34,8,false,RECOVERED_FROM_FROZEN_ARTIFACT,renault_data_pipeline/data/renault_processed/210323/customers.csv
customer,210323,2154104,51.53,7.08,7,false,RECOVERED_FROM_FROZEN_ARTIFACT,renault_data_pipeline/data/renault_processed/210323/customers.csv
customer,210323,2178901,48.07,10.84,8,false,RECOVERED_FROM_FROZEN_ARTIFACT,renault_data_pipeline/data/renault_processed/210323/customers.csv
customer,210323,2192718,52.59,8.34,8,false,RECOVERED_FROM_FROZEN_ARTIFACT,renault_data_pipeline/data/renault_processed/210323/customers.csv
customer,210323,2318600,52.31,5.03,7,false,RECOVERED_FROM_FROZEN_ARTIFACT,renault_data_pipeline/data/renault_processed/210323/customers.csv
customer,210323,2318606,47.14,18.42,9,false,RECOVERED_FROM_FROZEN_ARTIFACT,renault_data_pipeline/data/renault_processed/210323/customers.csv
customer,210323,2325204,50.35,7.49,7,false,RECOVERED_FROM_FROZEN_ARTIFACT,renault_data_pipeline/data/renault_processed/210323/customers.csv
customer,210323,2369200,47.57,10.67,8,false,RECOVERED_FROM_FROZEN_ARTIFACT,renault_data_pipeline/data/renault_processed/210323/customers.csv
customer,210323,2370600,45.07,7.54,7,false,RECOVERED_FROM_FROZEN_ARTIFACT,renault_data_pipeline/data/renault_processed/210323/customers.csv
customer,210323,2388402,51.82,9.84,8,false,RECOVERED_FROM_FROZEN_ARTIFACT,renault_data_pipeline/data/renault_processed/210323/customers.csv
customer,210323,2395801,49.87,8.79,8,false,RECOVERED_FROM_FROZEN_ARTIFACT,renault_data_pipeline/data/renault_processed/210323/customers.csv
customer,210323,2404102,49.8,11.26,8,false,RECOVERED_FROM_FROZEN_ARTIFACT,renault_data_pipeline/data/renault_processed/210323/customers.csv
customer,210323,2406203,44.55,7.43,7,false,RECOVERED_FROM_FROZEN_ARTIFACT,renault_data_pipeline/data/renault_processed/210323/customers.csv
customer,210323,2407003,45.61,9.22,7,false,RECOVERED_FROM_FROZEN_ARTIFACT,renault_data_pipeline/data/renault_processed/210323/customers.csv
customer,210323,2417604,42.73,-1.61,3,false,RECOVERED_FROM_FROZEN_ARTIFACT,renault_data_pipeline/data/renault_processed/210323/customers.csv
customer,210323,2425700,40.85,-8.48,2,false,RECOVERED_FROM_FROZEN_ARTIFACT,renault_data_pipeline/data/renault_processed/210323/customers.csv
customer,210323,2471300,51.18,7.19,7,false,RECOVERED_FROM_FROZEN_ARTIFACT,renault_data_pipeline/data/renault_processed/210323/customers.csv
customer,210323,2471600,50.9,7.7,8,false,RECOVERED_FROM_FROZEN_ARTIFACT,renault_data_pipeline/data/renault_processed/210323/customers.csv
customer,210323,2477601,52.46,8.39,8,false,RECOVERED_FROM_FROZEN_ARTIFACT,renault_data_pipeline/data/renault_processed/210323/customers.csv
customer,210323,2487200,41.65,-4.73,2,false,RECOVERED_FROM_FROZEN_ARTIFACT,renault_data_pipeline/data/renault_processed/210323/customers.csv
customer,210323,2488101,43.31,-2.46,2,false,RECOVERED_FROM_FROZEN_ARTIFACT,renault_data_pipeline/data/renault_processed/210323/customers.csv
customer,210323,2488800,42.46,-2.41,2,false,RECOVERED_FROM_FROZEN_ARTIFACT,renault_data_pipeline/data/renault_processed/210323/customers.csv
customer,210323,2488803,35.77,-5.8,1,false,RECOVERED_FROM_FROZEN_ARTIFACT,renault_data_pipeline/data/renault_processed/210323/customers.csv
customer,210323,2496900,43.17,-2.61,2,false,RECOVERED_FROM_FROZEN_ARTIFACT,renault_data_pipeline/data/renault_processed/210323/customers.csv
customer,210323,2504100,41.69,-0.97,6,false,RECOVERED_FROM_FROZEN_ARTIFACT,renault_data_pipeline/data/renault_processed/210323/customers.csv
customer,210323,2509303,42.34,-3.62,2,false,RECOVERED_FROM_FROZEN_ARTIFACT,renault_data_pipeline/data/renault_processed/210323/customers.csv
customer,210323,2519301,42.29,-7.82,2,false,RECOVERED_FROM_FROZEN_ARTIFACT,renault_data_pipeline/data/renault_processed/210323/customers.csv
customer,210323,2519302,41.28,-4.68,2,false,RECOVERED_FROM_FROZEN_ARTIFACT,renault_data_pipeline/data/renault_processed/210323/customers.csv
customer,210323,2519305,40.96,-4.21,3,false,RECOVERED_FROM_FROZEN_ARTIFACT,renault_data_pipeline/data/renault_processed/210323/customers.csv
customer,210323,2555100,43.3,-2.67,2,false,RECOVERED_FROM_FROZEN_ARTIFACT,renault_data_pipeline/data/renault_processed/210323/customers.csv
customer,210323,2555101,43.0,-1.66,2,false,RECOVERED_FROM_FROZEN_ARTIFACT,renault_data_pipeline/data/renault_processed/210323/customers.csv
customer,210323,2555108,43.2,-2.71,2,false,RECOVERED_FROM_FROZEN_ARTIFACT,renault_data_pipeline/data/renault_processed/210323/customers.csv
customer,210323,2555900,39.56,-1.93,3,false,RECOVERED_FROM_FROZEN_ARTIFACT,renault_data_pipeline/data/renault_processed/210323/customers.csv
customer,210323,2555901,39.56,-1.93,3,false,RECOVERED_FROM_FROZEN_ARTIFACT,renault_data_pipeline/data/renault_processed/210323/customers.csv
customer,210323,2562800,40.32,-3.46,3,false,RECOVERED_FROM_FROZEN_ARTIFACT,renault_data_pipeline/data/renault_processed/210323/customers.csv
customer,210323,2565001,40.54,-7.24,2,false,RECOVERED_FROM_FROZEN_ARTIFACT,renault_data_pipeline/data/renault_processed/210323/customers.csv
customer,210323,2567601,41.39,1.15,6,false,RECOVERED_FROM_FROZEN_ARTIFACT,renault_data_pipeline/data/renault_processed/210323/customers.csv
customer,210323,2570801,42.21,-8.76,2,false,RECOVERED_FROM_FROZEN_ARTIFACT,renault_data_pipeline/data/renault_processed/210323/customers.csv
customer,210323,2571500,40.49,-3.41,3,true,RECOVERED_FROM_FROZEN_ARTIFACT,renault_data_pipeline/data/renault_processed/210323/customers.csv
customer,210323,2571501,43.23,-2.13,2,false,RECOVERED_FROM_FROZEN_ARTIFACT,renault_data_pipeline/data/renault_processed/210323/customers.csv
customer,210323,2571703,45.37,7.67,7,false,RECOVERED_FROM_FROZEN_ARTIFACT,renault_data_pipeline/data/renault_processed/210323/customers.csv
customer,210323,2573201,40.12,-3.66,3,false,RECOVERED_FROM_FROZEN_ARTIFACT,renault_data_pipeline/data/renault_processed/210323/customers.csv
customer,210323,2573202,41.83,-4.56,2,false,RECOVERED_FROM_FROZEN_ARTIFACT,renault_data_pipeline/data/renault_processed/210323/customers.csv
customer,210323,2573203,41.96,-8.68,2,false,RECOVERED_FROM_FROZEN_ARTIFACT,renault_data_pipeline/data/renault_processed/210323/customers.csv
customer,210323,2573206,41.78,1.86,6,false,RECOVERED_FROM_FROZEN_ARTIFACT,renault_data_pipeline/data/renault_processed/210323/customers.csv
customer,210323,2573209,40.88,-8.44,2,false,RECOVERED_FROM_FROZEN_ARTIFACT,renault_data_pipeline/data/renault_processed/210323/customers.csv
customer,210323,2573211,38.09,-3.66,3,false,RECOVERED_FROM_FROZEN_ARTIFACT,renault_data_pipeline/data/renault_processed/210323/customers.csv
customer,210323,2573214,47.38,18.19,9,false,RECOVERED_FROM_FROZEN_ARTIFACT,renault_data_pipeline/data/renault_processed/210323/customers.csv
customer,210323,2573215,42.82,-1.7,2,false,RECOVERED_FROM_FROZEN_ARTIFACT,renault_data_pipeline/data/renault_processed/210323/customers.csv
customer,210323,2573218,42.75,-1.64,3,false,RECOVERED_FROM_FROZEN_ARTIFACT,renault_data_pipeline/data/renault_processed/210323/customers.csv
customer,210323,2573221,48.73,2.73,5,false,RECOVERED_FROM_FROZEN_ARTIFACT,renault_data_pipeline/data/renault_processed/210323/customers.csv
customer,210323,2573222,48.26,0.69,5,false,RECOVERED_FROM_FROZEN_ARTIFACT,renault_data_pipeline/data/renault_processed/210323/customers.csv
customer,210323,2573223,48.29,2.21,5,false,RECOVERED_FROM_FROZEN_ARTIFACT,renault_data_pipeline/data/renault_processed/210323/customers.csv
customer,210323,2573224,49.54,0.36,5,false,RECOVERED_FROM_FROZEN_ARTIFACT,renault_data_pipeline/data/renault_processed/210323/customers.csv
customer,210323,2573225,50.06,3.14,7,false,RECOVERED_FROM_FROZEN_ARTIFACT,renault_data_pipeline/data/renault_processed/210323/customers.csv
customer,210323,2573227,54.92,-1.51,4,false,RECOVERED_FROM_FROZEN_ARTIFACT,renault_data_pipeline/data/renault_processed/210323/customers.csv
customer,210323,2573228,41.74,-1.19,3,false,RECOVERED_FROM_FROZEN_ARTIFACT,renault_data_pipeline/data/renault_processed/210323/customers.csv
customer,210323,2574200,42.36,-3.65,2,false,RECOVERED_FROM_FROZEN_ARTIFACT,renault_data_pipeline/data/renault_processed/210323/customers.csv
customer,210323,2574800,43.17,-2.61,2,false,RECOVERED_FROM_FROZEN_ARTIFACT,renault_data_pipeline/data/renault_processed/210323/customers.csv
customer,210323,2576707,40.27,-3.74,3,false,RECOVERED_FROM_FROZEN_ARTIFACT,renault_data_pipeline/data/renault_processed/210323/customers.csv
customer,210323,2577101,41.78,-2.48,3,false,RECOVERED_FROM_FROZEN_ARTIFACT,renault_data_pipeline/data/renault_processed/210323/customers.csv
customer,210323,2577103,41.56,1.96,6,false,RECOVERED_FROM_FROZEN_ARTIFACT,renault_data_pipeline/data/renault_processed/210323/customers.csv
customer,210323,2577200,41.56,2.18,6,false,RECOVERED_FROM_FROZEN_ARTIFACT,renault_data_pipeline/data/renault_processed/210323/customers.csv
customer,210323,2578101,41.55,2.26,6,false,RECOVERED_FROM_FROZEN_ARTIFACT,renault_data_pipeline/data/renault_processed/210323/customers.csv
customer,210323,2578108,48.87,8.81,8,false,RECOVERED_FROM_FROZEN_ARTIFACT,renault_data_pipeline/data/renault_processed/210323/customers.csv
customer,210323,2578801,39.37,-0.43,3,false,RECOVERED_FROM_FROZEN_ARTIFACT,renault_data_pipeline/data/renault_processed/210323/customers.csv
customer,210323,2578901,42.0,-4.52,2,false,RECOVERED_FROM_FROZEN_ARTIFACT,renault_data_pipeline/data/renault_processed/210323/customers.csv
customer,210323,2579000,41.54,2.04,6,false,RECOVERED_FROM_FROZEN_ARTIFACT,renault_data_pipeline/data/renault_processed/210323/customers.csv
customer,210323,2585202,41.89,-1.71,3,false,RECOVERED_FROM_FROZEN_ARTIFACT,renault_data_pipeline/data/renault_processed/210323/customers.csv
customer,210323,2586307,42.39,-7.14,2,false,RECOVERED_FROM_FROZEN_ARTIFACT,renault_data_pipeline/data/renault_processed/210323/customers.csv
customer,210323,2588400,43.18,-2.52,2,false,RECOVERED_FROM_FROZEN_ARTIFACT,renault_data_pipeline/data/renault_processed/210323/customers.csv
customer,210323,2588603,41.56,1.96,6,false,RECOVERED_FROM_FROZEN_ARTIFACT,renault_data_pipeline/data/renault_processed/210323/customers.csv
customer,210323,2590706,40.33,-3.74,3,false,RECOVERED_FROM_FROZEN_ARTIFACT,renault_data_pipeline/data/renault_processed/210323/customers.csv
customer,210323,2594900,43.14,-2.49,2,false,RECOVERED_FROM_FROZEN_ARTIFACT,renault_data_pipeline/data/renault_processed/210323/customers.csv
customer,210323,2594901,43.14,-2.49,2,false,RECOVERED_FROM_FROZEN_ARTIFACT,renault_data_pipeline/data/renault_processed/210323/customers.csv
customer,210323,2601100,41.41,1.99,6,false,RECOVERED_FROM_FROZEN_ARTIFACT,renault_data_pipeline/data/renault_processed/210323/customers.csv
customer,210323,2611301,42.37,-3.73,2,false,RECOVERED_FROM_FROZEN_ARTIFACT,renault_data_pipeline/data/renault_processed/210323/customers.csv
customer,210323,2618500,40.88,-8.49,2,false,RECOVERED_FROM_FROZEN_ARTIFACT,renault_data_pipeline/data/renault_processed/210323/customers.csv
customer,210323,2621400,40.55,-3.27,3,false,RECOVERED_FROM_FROZEN_ARTIFACT,renault_data_pipeline/data/renault_processed/210323/customers.csv
customer,210323,2671602,45.2,7.89,7,false,RECOVERED_FROM_FROZEN_ARTIFACT,renault_data_pipeline/data/renault_processed/210323/customers.csv
customer,210323,2671805,45.21,7.89,7,false,RECOVERED_FROM_FROZEN_ARTIFACT,renault_data_pipeline/data/renault_processed/210323/customers.csv
customer,210323,2695000,44.93,7.84,7,false,RECOVERED_FROM_FROZEN_ARTIFACT,renault_data_pipeline/data/renault_processed/210323/customers.csv
customer,210323,2695004,49.67,6.13,7,false,RECOVERED_FROM_FROZEN_ARTIFACT,renault_data_pipeline/data/renault_processed/210323/customers.csv
customer,210323,2705001,41.31,1.63,6,false,RECOVERED_FROM_FROZEN_ARTIFACT,renault_data_pipeline/data/renault_processed/210323/customers.csv
customer,210323,2706302,40.63,-4.02,3,false,RECOVERED_FROM_FROZEN_ARTIFACT,renault_data_pipeline/data/renault_processed/210323/customers.csv
customer,210323,2716000,50.31,9.8,8,false,RECOVERED_FROM_FROZEN_ARTIFACT,renault_data_pipeline/data/renault_processed/210323/customers.csv
customer,210323,2727802,51.09,7.67,8,false,RECOVERED_FROM_FROZEN_ARTIFACT,renault_data_pipeline/data/renault_processed/210323/customers.csv
customer,210323,2744302,39.48,-8.18,2,false,RECOVERED_FROM_FROZEN_ARTIFACT,renault_data_pipeline/data/renault_processed/210323/customers.csv
customer,210323,2755800,42.56,12.6,9,false,RECOVERED_FROM_FROZEN_ARTIFACT,renault_data_pipeline/data/renault_processed/210323/customers.csv
customer,210323,2773200,51.09,7.04,7,false,RECOVERED_FROM_FROZEN_ARTIFACT,renault_data_pipeline/data/renault_processed/210323/customers.csv
customer,210323,2777900,43.53,16.49,9,false,RECOVERED_FROM_FROZEN_ARTIFACT,renault_data_pipeline/data/renault_processed/210323/customers.csv
customer,210323,2777901,45.81,15.88,9,false,RECOVERED_FROM_FROZEN_ARTIFACT,renault_data_pipeline/data/renault_processed/210323/customers.csv
customer,210323,2782800,41.55,1.68,6,false,RECOVERED_FROM_FROZEN_ARTIFACT,renault_data_pipeline/data/renault_processed/210323/customers.csv
customer,210323,2794500,41.5,2.17,6,false,RECOVERED_FROM_FROZEN_ARTIFACT,renault_data_pipeline/data/renault_processed/210323/customers.csv
customer,210323,2801802,43.07,-2.51,2,false,RECOVERED_FROM_FROZEN_ARTIFACT,renault_data_pipeline/data/renault_processed/210323/customers.csv
customer,210323,2801804,43.06,-2.49,2,false,RECOVERED_FROM_FROZEN_ARTIFACT,renault_data_pipeline/data/renault_processed/210323/customers.csv
customer,210323,2809400,50.43,15.38,10,false,RECOVERED_FROM_FROZEN_ARTIFACT,renault_data_pipeline/data/renault_processed/210323/customers.csv
customer,210323,2809401,50.18,14.67,8,false,RECOVERED_FROM_FROZEN_ARTIFACT,renault_data_pipeline/data/renault_processed/210323/customers.csv
customer,210323,2809407,50.62,16.08,10,false,RECOVERED_FROM_FROZEN_ARTIFACT,renault_data_pipeline/data/renault_processed/210323/customers.csv
customer,210323,2809600,41.54,2.16,6,false,RECOVERED_FROM_FROZEN_ARTIFACT,renault_data_pipeline/data/renault_processed/210323/customers.csv
customer,210323,2812100,46.38,15.39,9,false,RECOVERED_FROM_FROZEN_ARTIFACT,renault_data_pipeline/data/renault_processed/210323/customers.csv
customer,210323,2814600,41.57,1.67,6,true,RECOVERED_FROM_FROZEN_ARTIFACT,renault_data_pipeline/data/renault_processed/210323/customers.csv
customer,210323,2814605,41.58,1.65,6,false,RECOVERED_FROM_FROZEN_ARTIFACT,renault_data_pipeline/data/renault_processed/210323/customers.csv
customer,210323,2814606,41.96,-4.49,2,false,RECOVERED_FROM_FROZEN_ARTIFACT,renault_data_pipeline/data/renault_processed/210323/customers.csv
customer,210323,2819800,47.93,10.86,8,false,RECOVERED_FROM_FROZEN_ARTIFACT,renault_data_pipeline/data/renault_processed/210323/customers.csv
customer,210323,2820700,50.69,15.15,8,false,RECOVERED_FROM_FROZEN_ARTIFACT,renault_data_pipeline/data/renault_processed/210323/customers.csv
customer,210323,2823500,51.2,7.82,8,false,RECOVERED_FROM_FROZEN_ARTIFACT,renault_data_pipeline/data/renault_processed/210323/customers.csv
customer,210323,2831000,51.24,6.73,7,false,RECOVERED_FROM_FROZEN_ARTIFACT,renault_data_pipeline/data/renault_processed/210323/customers.csv
customer,210323,2852801,48.01,13.91,9,false,RECOVERED_FROM_FROZEN_ARTIFACT,renault_data_pipeline/data/renault_processed/210323/customers.csv
customer,210323,2858500,52.53,-1.77,4,false,RECOVERED_FROM_FROZEN_ARTIFACT,renault_data_pipeline/data/renault_processed/210323/customers.csv
customer,210323,2860900,48.33,11.31,8,false,RECOVERED_FROM_FROZEN_ARTIFACT,renault_data_pipeline/data/renault_processed/210323/customers.csv
customer,210323,2867400,51.41,9.65,8,false,RECOVERED_FROM_FROZEN_ARTIFACT,renault_data_pipeline/data/renault_processed/210323/customers.csv
customer,210323,2870302,51.7,-4.13,4,false,RECOVERED_FROM_FROZEN_ARTIFACT,renault_data_pipeline/data/renault_processed/210323/customers.csv
customer,210323,2870900,54.77,-1.37,4,false,RECOVERED_FROM_FROZEN_ARTIFACT,renault_data_pipeline/data/renault_processed/210323/customers.csv
customer,210323,2878000,41.64,-0.98,6,false,RECOVERED_FROM_FROZEN_ARTIFACT,renault_data_pipeline/data/renault_processed/210323/customers.csv
customer,210323,2884100,43.16,-2.78,2,false,RECOVERED_FROM_FROZEN_ARTIFACT,renault_data_pipeline/data/renault_processed/210323/customers.csv
customer,210323,2884103,42.83,-1.6,3,false,RECOVERED_FROM_FROZEN_ARTIFACT,renault_data_pipeline/data/renault_processed/210323/customers.csv
customer,210323,2884108,43.21,-3.13,2,false,RECOVERED_FROM_FROZEN_ARTIFACT,renault_data_pipeline/data/renault_processed/210323/customers.csv
customer,210323,2888800,41.58,2.25,6,false,RECOVERED_FROM_FROZEN_ARTIFACT,renault_data_pipeline/data/renault_processed/210323/customers.csv
customer,210323,2888802,41.6,-1.27,3,false,RECOVERED_FROM_FROZEN_ARTIFACT,renault_data_pipeline/data/renault_processed/210323/customers.csv
customer,210323,2901101,41.08,-4.73,2,false,RECOVERED_FROM_FROZEN_ARTIFACT,renault_data_pipeline/data/renault_processed/210323/customers.csv
customer,210323,2901110,43.0,-1.66,2,false,RECOVERED_FROM_FROZEN_ARTIFACT,renault_data_pipeline/data/renault_processed/210323/customers.csv
customer,210323,2901122,45.83,8.74,7,false,RECOVERED_FROM_FROZEN_ARTIFACT,renault_data_pipeline/data/renault_processed/210323/customers.csv
customer,210323,2909102,41.32,2.14,6,false,RECOVERED_FROM_FROZEN_ARTIFACT,renault_data_pipeline/data/renault_processed/210323/customers.csv
customer,210323,2926700,44.72,10.56,8,false,RECOVERED_FROM_FROZEN_ARTIFACT,renault_data_pipeline/data/renault_processed/210323/customers.csv
customer,210323,2928900,42.2,-8.76,2,false,RECOVERED_FROM_FROZEN_ARTIFACT,renault_data_pipeline/data/renault_processed/210323/customers.csv
customer,210323,2956702,42.86,-2.66,2,false,RECOVERED_FROM_FROZEN_ARTIFACT,renault_data_pipeline/data/renault_processed/210323/customers.csv
customer,210323,2971803,49.98,19.83,10,false,RECOVERED_FROM_FROZEN_ARTIFACT,renault_data_pipeline/data/renault_processed/210323/customers.csv
customer,210323,2983607,43.25,-4.06,2,false,RECOVERED_FROM_FROZEN_ARTIFACT,renault_data_pipeline/data/renault_processed/210323/customers.csv
customer,210323,3014901,50.7,3.21,7,false,RECOVERED_FROM_FROZEN_ARTIFACT,renault_data_pipeline/data/renault_processed/210323/customers.csv
customer,210323,3043100,48.15,7.55,7,false,RECOVERED_FROM_FROZEN_ARTIFACT,renault_data_pipeline/data/renault_processed/210323/customers.csv
customer,210323,3043102,49.6,5.08,7,false,RECOVERED_FROM_FROZEN_ARTIFACT,renault_data_pipeline/data/renault_processed/210323/customers.csv
customer,210323,3043109,50.1,11.38,8,true,RECOVERED_FROM_FROZEN_ARTIFACT,renault_data_pipeline/data/renault_processed/210323/customers.csv
customer,210323,3127100,49.82,0.91,5,false,RECOVERED_FROM_FROZEN_ARTIFACT,renault_data_pipeline/data/renault_processed/210323/customers.csv
customer,210323,3161400,47.29,5.02,7,false,RECOVERED_FROM_FROZEN_ARTIFACT,renault_data_pipeline/data/renault_processed/210323/customers.csv
customer,210323,3238100,48.96,2.96,7,false,RECOVERED_FROM_FROZEN_ARTIFACT,renault_data_pipeline/data/renault_processed/210323/customers.csv
customer,210323,3304502,49.22,2.13,5,false,RECOVERED_FROM_FROZEN_ARTIFACT,renault_data_pipeline/data/renault_processed/210323/customers.csv
customer,210323,3318800,49.1,1.6,5,false,RECOVERED_FROM_FROZEN_ARTIFACT,renault_data_pipeline/data/renault_processed/210323/customers.csv
customer,210323,3326801,46.08,6.5,7,false,RECOVERED_FROM_FROZEN_ARTIFACT,renault_data_pipeline/data/renault_processed/210323/customers.csv
customer,210323,3385400,46.06,6.57,7,false,RECOVERED_FROM_FROZEN_ARTIFACT,renault_data_pipeline/data/renault_processed/210323/customers.csv
customer,210323,3699203,49.87,2.53,7,false,RECOVERED_FROM_FROZEN_ARTIFACT,renault_data_pipeline/data/renault_processed/210323/customers.csv
customer,210323,3699207,50.45,2.83,7,false,RECOVERED_FROM_FROZEN_ARTIFACT,renault_data_pipeline/data/renault_processed/210323/customers.csv
customer,210323,3699209,40.1,-3.63,3,false,RECOVERED_FROM_FROZEN_ARTIFACT,renault_data_pipeline/data/renault_processed/210323/customers.csv
customer,210323,3699213,50.49,3.0,7,false,RECOVERED_FROM_FROZEN_ARTIFACT,renault_data_pipeline/data/renault_processed/210323/customers.csv
customer,210323,3699223,47.77,-0.27,5,false,RECOVERED_FROM_FROZEN_ARTIFACT,renault_data_pipeline/data/renault_processed/210323/customers.csv
customer,210323,3699225,48.85,-0.88,5,false,RECOVERED_FROM_FROZEN_ARTIFACT,renault_data_pipeline/data/renault_processed/210323/customers.csv
customer,210323,3782011,49.95,3.47,7,false,RECOVERED_FROM_FROZEN_ARTIFACT,renault_data_pipeline/data/renault_processed/210323/customers.csv
customer,210323,3868400,49.31,6.13,7,false,RECOVERED_FROM_FROZEN_ARTIFACT,renault_data_pipeline/data/renault_processed/210323/customers.csv
customer,210323,5029403,47.99,3.74,7,false,RECOVERED_FROM_FROZEN_ARTIFACT,renault_data_pipeline/data/renault_processed/210323/customers.csv
customer,210323,5083600,49.99,1.88,5,false,RECOVERED_FROM_FROZEN_ARTIFACT,renault_data_pipeline/data/renault_processed/210323/customers.csv
customer,210323,5124500,46.64,0.12,5,false,RECOVERED_FROM_FROZEN_ARTIFACT,renault_data_pipeline/data/renault_processed/210323/customers.csv
customer,210323,5134300,47.65,-2.09,5,false,RECOVERED_FROM_FROZEN_ARTIFACT,renault_data_pipeline/data/renault_processed/210323/customers.csv
customer,210323,5134304,47.71,-0.1,5,false,RECOVERED_FROM_FROZEN_ARTIFACT,renault_data_pipeline/data/renault_processed/210323/customers.csv
customer,210323,5248801,52.46,8.38,8,false,RECOVERED_FROM_FROZEN_ARTIFACT,renault_data_pipeline/data/renault_processed/210323/customers.csv
customer,210323,5315103,48.31,-0.06,5,false,RECOVERED_FROM_FROZEN_ARTIFACT,renault_data_pipeline/data/renault_processed/210323/customers.csv
customer,210323,5345308,54.76,-1.36,4,false,RECOVERED_FROM_FROZEN_ARTIFACT,renault_data_pipeline/data/renault_processed/210323/customers.csv
customer,210323,5345312,51.59,5.03,7,false,RECOVERED_FROM_FROZEN_ARTIFACT,renault_data_pipeline/data/renault_processed/210323/customers.csv
customer,210323,5594513,49.77,1.98,5,false,RECOVERED_FROM_FROZEN_ARTIFACT,renault_data_pipeline/data/renault_processed/210323/customers.csv
customer,210323,5898201,47.21,5.9,7,false,RECOVERED_FROM_FROZEN_ARTIFACT,renault_data_pipeline/data/renault_processed/210323/customers.csv
customer,210323,5915200,45.82,4.99,7,false,RECOVERED_FROM_FROZEN_ARTIFACT,renault_data_pipeline/data/renault_processed/210323/customers.csv
customer,210323,5932502,49.3,6.12,7,false,RECOVERED_FROM_FROZEN_ARTIFACT,renault_data_pipeline/data/renault_processed/210323/customers.csv
customer,210323,5965102,46.19,5.81,7,false,RECOVERED_FROM_FROZEN_ARTIFACT,renault_data_pipeline/data/renault_processed/210323/customers.csv
customer,210323,5965103,44.03,4.98,6,false,RECOVERED_FROM_FROZEN_ARTIFACT,renault_data_pipeline/data/renault_processed/210323/customers.csv
customer,210323,5965113,49.49,1.73,5,false,RECOVERED_FROM_FROZEN_ARTIFACT,renault_data_pipeline/data/renault_processed/210323/customers.csv
customer,210323,5965114,45.33,5.05,7,false,RECOVERED_FROM_FROZEN_ARTIFACT,renault_data_pipeline/data/renault_processed/210323/customers.csv
customer,210323,5965115,49.77,2.92,7,false,RECOVERED_FROM_FROZEN_ARTIFACT,renault_data_pipeline/data/renault_processed/210323/customers.csv
customer,210323,5965120,44.03,4.98,6,false,RECOVERED_FROM_FROZEN_ARTIFACT,renault_data_pipeline/data/renault_processed/210323/customers.csv
customer,210323,6002303,49.57,3.02,7,false,RECOVERED_FROM_FROZEN_ARTIFACT,renault_data_pipeline/data/renault_processed/210323/customers.csv
customer,210323,6193200,49.41,2.8,7,false,RECOVERED_FROM_FROZEN_ARTIFACT,renault_data_pipeline/data/renault_processed/210323/customers.csv
customer,210323,6193205,47.76,7.3,7,false,RECOVERED_FROM_FROZEN_ARTIFACT,renault_data_pipeline/data/renault_processed/210323/customers.csv
customer,210323,6234902,50.4,1.96,5,false,RECOVERED_FROM_FROZEN_ARTIFACT,renault_data_pipeline/data/renault_processed/210323/customers.csv
customer,210323,6487400,43.56,1.39,6,false,RECOVERED_FROM_FROZEN_ARTIFACT,renault_data_pipeline/data/renault_processed/210323/customers.csv
customer,210323,6487405,43.0,1.62,6,false,RECOVERED_FROM_FROZEN_ARTIFACT,renault_data_pipeline/data/renault_processed/210323/customers.csv
customer,210323,6487406,43.17,0.96,6,false,RECOVERED_FROM_FROZEN_ARTIFACT,renault_data_pipeline/data/renault_processed/210323/customers.csv
customer,210323,6665215,47.85,2.74,5,false,RECOVERED_FROM_FROZEN_ARTIFACT,renault_data_pipeline/data/renault_processed/210323/customers.csv
customer,210323,6681302,48.82,6.72,7,false,RECOVERED_FROM_FROZEN_ARTIFACT,renault_data_pipeline/data/renault_processed/210323/customers.csv
customer,210323,6701102,49.27,4.01,7,false,RECOVERED_FROM_FROZEN_ARTIFACT,renault_data_pipeline/data/renault_processed/210323/customers.csv
customer,210323,6701103,48.08,-0.75,5,false,RECOVERED_FROM_FROZEN_ARTIFACT,renault_data_pipeline/data/renault_processed/210323/customers.csv
customer,210323,7204704,50.4,2.98,7,false,RECOVERED_FROM_FROZEN_ARTIFACT,renault_data_pipeline/data/renault_processed/210323/customers.csv
customer,210323,7235904,48.82,4.98,7,true,RECOVERED_FROM_FROZEN_ARTIFACT,renault_data_pipeline/data/renault_processed/210323/customers.csv
customer,210323,7235905,48.4,5.16,7,false,RECOVERED_FROM_FROZEN_ARTIFACT,renault_data_pipeline/data/renault_processed/210323/customers.csv
customer,210323,7235980,50.36,3.1,7,false,RECOVERED_FROM_FROZEN_ARTIFACT,renault_data_pipeline/data/renault_processed/210323/customers.csv
customer,210323,7421817,43.49,2.43,6,false,RECOVERED_FROM_FROZEN_ARTIFACT,renault_data_pipeline/data/renault_processed/210323/customers.csv
customer,210323,7562700,48.98,2.64,5,false,RECOVERED_FROM_FROZEN_ARTIFACT,renault_data_pipeline/data/renault_processed/210323/customers.csv
customer,210323,7562704,49.03,3.04,7,false,RECOVERED_FROM_FROZEN_ARTIFACT,renault_data_pipeline/data/renault_processed/210323/customers.csv
customer,210323,7562710,48.97,2.91,7,false,RECOVERED_FROM_FROZEN_ARTIFACT,renault_data_pipeline/data/renault_processed/210323/customers.csv
customer,210323,7684113,48.15,8.64,7,false,RECOVERED_FROM_FROZEN_ARTIFACT,renault_data_pipeline/data/renault_processed/210323/customers.csv
customer,210323,7684118,45.81,21.19,11,false,RECOVERED_FROM_FROZEN_ARTIFACT,renault_data_pipeline/data/renault_processed/210323/customers.csv
customer,210323,7768904,48.82,6.72,7,false,RECOVERED_FROM_FROZEN_ARTIFACT,renault_data_pipeline/data/renault_processed/210323/customers.csv
customer,210323,7823700,46.19,6.26,7,false,RECOVERED_FROM_FROZEN_ARTIFACT,renault_data_pipeline/data/renault_processed/210323/customers.csv
customer,210323,7908401,46.54,5.39,7,false,RECOVERED_FROM_FROZEN_ARTIFACT,renault_data_pipeline/data/renault_processed/210323/customers.csv
customer,210323,7908402,45.31,3.37,5,false,RECOVERED_FROM_FROZEN_ARTIFACT,renault_data_pipeline/data/renault_processed/210323/customers.csv
customer,210323,7908404,47.23,5.97,7,false,RECOVERED_FROM_FROZEN_ARTIFACT,renault_data_pipeline/data/renault_processed/210323/customers.csv
customer,210323,7908406,47.52,6.86,7,false,RECOVERED_FROM_FROZEN_ARTIFACT,renault_data_pipeline/data/renault_processed/210323/customers.csv
customer,210323,7908407,48.78,0.29,5,false,RECOVERED_FROM_FROZEN_ARTIFACT,renault_data_pipeline/data/renault_processed/210323/customers.csv
customer,210323,7908409,49.14,0.45,5,false,RECOVERED_FROM_FROZEN_ARTIFACT,renault_data_pipeline/data/renault_processed/210323/customers.csv
customer,210323,7960504,50.25,3.9,7,false,RECOVERED_FROM_FROZEN_ARTIFACT,renault_data_pipeline/data/renault_processed/210323/customers.csv
customer,210323,8010011,45.27,4.8,7,false,RECOVERED_FROM_FROZEN_ARTIFACT,renault_data_pipeline/data/renault_processed/210323/customers.csv
customer,210323,8225005,48.72,4.61,7,false,RECOVERED_FROM_FROZEN_ARTIFACT,renault_data_pipeline/data/renault_processed/210323/customers.csv
customer,210323,8561804,50.41,3.06,7,false,RECOVERED_FROM_FROZEN_ARTIFACT,renault_data_pipeline/data/renault_processed/210323/customers.csv
customer,210323,8906000,47.13,4.96,7,false,RECOVERED_FROM_FROZEN_ARTIFACT,renault_data_pipeline/data/renault_processed/210323/customers.csv
customer,210323,9500103,45.59,5.89,7,false,RECOVERED_FROM_FROZEN_ARTIFACT,renault_data_pipeline/data/renault_processed/210323/customers.csv
customer,210323,9500111,45.79,24.08,11,false,RECOVERED_FROM_FROZEN_ARTIFACT,renault_data_pipeline/data/renault_processed/210323/customers.csv
customer,210323,9500402,47.21,-0.06,5,false,RECOVERED_FROM_FROZEN_ARTIFACT,renault_data_pipeline/data/renault_processed/210323/customers.csv
customer,210323,9516300,40.67,-8.61,2,false,RECOVERED_FROM_FROZEN_ARTIFACT,renault_data_pipeline/data/renault_processed/210323/customers.csv
customer,210323,9624718,47.69,-0.03,5,false,RECOVERED_FROM_FROZEN_ARTIFACT,renault_data_pipeline/data/renault_processed/210323/customers.csv
customer,210323,9639103,45.79,24.08,11,false,RECOVERED_FROM_FROZEN_ARTIFACT,renault_data_pipeline/data/renault_processed/210323/customers.csv
customer,210323,11106007,44.87,24.86,11,false,RECOVERED_FROM_FROZEN_ARTIFACT,renault_data_pipeline/data/renault_processed/210323/customers.csv
customer,210323,11106018,50.36,3.03,7,false,RECOVERED_FROM_FROZEN_ARTIFACT,renault_data_pipeline/data/renault_processed/210323/customers.csv
customer,210323,11106019,44.87,24.86,11,false,RECOVERED_FROM_FROZEN_ARTIFACT,renault_data_pipeline/data/renault_processed/210323/customers.csv
customer,210323,11106022,44.87,24.86,11,false,RECOVERED_FROM_FROZEN_ARTIFACT,renault_data_pipeline/data/renault_processed/210323/customers.csv
customer,210323,11106024,44.87,24.86,11,false,RECOVERED_FROM_FROZEN_ARTIFACT,renault_data_pipeline/data/renault_processed/210323/customers.csv
customer,210323,11152708,50.28,3.91,7,false,RECOVERED_FROM_FROZEN_ARTIFACT,renault_data_pipeline/data/renault_processed/210323/customers.csv
customer,210323,11152711,41.94,-4.49,2,false,RECOVERED_FROM_FROZEN_ARTIFACT,renault_data_pipeline/data/renault_processed/210323/customers.csv
customer,210323,11152719,41.6,-4.7,2,false,RECOVERED_FROM_FROZEN_ARTIFACT,renault_data_pipeline/data/renault_processed/210323/customers.csv
customer,210323,11152722,45.86,22.92,11,false,RECOVERED_FROM_FROZEN_ARTIFACT,renault_data_pipeline/data/renault_processed/210323/customers.csv
customer,210323,11152724,45.85,15.34,9,false,RECOVERED_FROM_FROZEN_ARTIFACT,renault_data_pipeline/data/renault_processed/210323/customers.csv
customer,210323,11262808,54.91,-1.49,4,false,RECOVERED_FROM_FROZEN_ARTIFACT,renault_data_pipeline/data/renault_processed/210323/customers.csv
customer,210323,11419800,41.22,1.74,6,false,RECOVERED_FROM_FROZEN_ARTIFACT,renault_data_pipeline/data/renault_processed/210323/customers.csv
customer,210323,11425601,50.32,18.61,10,false,RECOVERED_FROM_FROZEN_ARTIFACT,renault_data_pipeline/data/renault_processed/210323/customers.csv
customer,210323,11451605,39.81,-7.53,2,false,RECOVERED_FROM_FROZEN_ARTIFACT,renault_data_pipeline/data/renault_processed/210323/customers.csv
customer,210323,11498900,43.1,-2.38,2,false,RECOVERED_FROM_FROZEN_ARTIFACT,renault_data_pipeline/data/renault_processed/210323/customers.csv
customer,210323,11509700,49.68,19.17,10,false,RECOVERED_FROM_FROZEN_ARTIFACT,renault_data_pipeline/data/renault_processed/210323/customers.csv
customer,210323,11509701,49.68,19.17,10,false,RECOVERED_FROM_FROZEN_ARTIFACT,renault_data_pipeline/data/renault_processed/210323/customers.csv
customer,210323,11509705,49.83,18.97,10,true,RECOVERED_FROM_FROZEN_ARTIFACT,renault_data_pipeline/data/renault_processed/210323/customers.csv
customer,210323,11511902,50.8,19.18,10,false,RECOVERED_FROM_FROZEN_ARTIFACT,renault_data_pipeline/data/renault_processed/210323/customers.csv
customer,210323,11512300,40.61,-7.3,2,false,RECOVERED_FROM_FROZEN_ARTIFACT,renault_data_pipeline/data/renault_processed/210323/customers.csv
customer,210323,11512402,41.66,-0.78,6,false,RECOVERED_FROM_FROZEN_ARTIFACT,renault_data_pipeline/data/renault_processed/210323/customers.csv
customer,210323,11533100,50.27,18.7,10,false,RECOVERED_FROM_FROZEN_ARTIFACT,renault_data_pipeline/data/renault_processed/210323/customers.csv
customer,210323,11537900,51.18,7.97,8,false,RECOVERED_FROM_FROZEN_ARTIFACT,renault_data_pipeline/data/renault_processed/210323/customers.csv
customer,210323,11597100,44.85,24.87,11,false,RECOVERED_FROM_FROZEN_ARTIFACT,renault_data_pipeline/data/renault_processed/210323/customers.csv
customer,210323,11597102,44.85,24.87,11,false,RECOVERED_FROM_FROZEN_ARTIFACT,renault_data_pipeline/data/renault_processed/210323/customers.csv
customer,210323,11618300,41.89,-1.71,3,false,RECOVERED_FROM_FROZEN_ARTIFACT,renault_data_pipeline/data/renault_processed/210323/customers.csv
customer,210323,11635500,44.8,25.08,11,false,RECOVERED_FROM_FROZEN_ARTIFACT,renault_data_pipeline/data/renault_processed/210323/customers.csv
customer,210323,11677000,44.86,24.86,11,false,RECOVERED_FROM_FROZEN_ARTIFACT,renault_data_pipeline/data/renault_processed/210323/customers.csv
customer,210323,11677001,44.78,25.05,11,false,RECOVERED_FROM_FROZEN_ARTIFACT,renault_data_pipeline/data/renault_processed/210323/customers.csv
customer,210323,11711300,43.14,-2.6,2,false,RECOVERED_FROM_FROZEN_ARTIFACT,renault_data_pipeline/data/renault_processed/210323/customers.csv
customer,210323,11723200,54.91,-1.51,4,false,RECOVERED_FROM_FROZEN_ARTIFACT,renault_data_pipeline/data/renault_processed/210323/customers.csv
customer,210323,11738200,42.16,-8.71,2,false,RECOVERED_FROM_FROZEN_ARTIFACT,renault_data_pipeline/data/renault_processed/210323/customers.csv
customer,210323,11740101,41.54,-4.66,2,false,RECOVERED_FROM_FROZEN_ARTIFACT,renault_data_pipeline/data/renault_processed/210323/customers.csv
customer,210323,11780001,51.63,-3.23,4,false,RECOVERED_FROM_FROZEN_ARTIFACT,renault_data_pipeline/data/renault_processed/210323/customers.csv
customer,210323,11780502,50.8,16.29,10,false,RECOVERED_FROM_FROZEN_ARTIFACT,renault_data_pipeline/data/renault_processed/210323/customers.csv
customer,210323,11780700,44.95,24.93,11,false,RECOVERED_FROM_FROZEN_ARTIFACT,renault_data_pipeline/data/renault_processed/210323/customers.csv
customer,210323,11869201,50.69,15.15,8,false,RECOVERED_FROM_FROZEN_ARTIFACT,renault_data_pipeline/data/renault_processed/210323/customers.csv
customer,210323,11869800,54.94,-1.46,4,false,RECOVERED_FROM_FROZEN_ARTIFACT,renault_data_pipeline/data/renault_processed/210323/customers.csv
customer,210323,11880500,39.26,-7.43,2,false,RECOVERED_FROM_FROZEN_ARTIFACT,renault_data_pipeline/data/renault_processed/210323/customers.csv
customer,210323,11895401,49.83,7.68,7,false,RECOVERED_FROM_FROZEN_ARTIFACT,renault_data_pipeline/data/renault_processed/210323/customers.csv
customer,210323,11895402,52.98,11.16,8,false,RECOVERED_FROM_FROZEN_ARTIFACT,renault_data_pipeline/data/renault_processed/210323/customers.csv
customer,210323,11989400,49.53,15.35,9,false,RECOVERED_FROM_FROZEN_ARTIFACT,renault_data_pipeline/data/renault_processed/210323/customers.csv
customer,210323,12008400,42.11,-8.62,2,false,RECOVERED_FROM_FROZEN_ARTIFACT,renault_data_pipeline/data/renault_processed/210323/customers.csv
customer,210323,12036001,41.62,-4.71,2,false,RECOVERED_FROM_FROZEN_ARTIFACT,renault_data_pipeline/data/renault_processed/210323/customers.csv
customer,210323,12036002,41.62,-4.71,2,false,RECOVERED_FROM_FROZEN_ARTIFACT,renault_data_pipeline/data/renault_processed/210323/customers.csv
customer,210323,12080401,44.84,24.99,11,false,RECOVERED_FROM_FROZEN_ARTIFACT,renault_data_pipeline/data/renault_processed/210323/customers.csv
customer,210323,21185900,49.91,4.13,7,false,RECOVERED_FROM_FROZEN_ARTIFACT,renault_data_pipeline/data/renault_processed/210323/customers.csv
customer,210323,21207305,45.79,24.09,11,false,RECOVERED_FROM_FROZEN_ARTIFACT,renault_data_pipeline/data/renault_processed/210323/customers.csv
customer,210323,21323400,46.27,5.66,7,false,RECOVERED_FROM_FROZEN_ARTIFACT,renault_data_pipeline/data/renault_processed/210323/customers.csv
customer,210323,21448500,50.36,3.53,7,false,RECOVERED_FROM_FROZEN_ARTIFACT,renault_data_pipeline/data/renault_processed/210323/customers.csv
customer,210323,21504401,47.78,7.44,7,false,RECOVERED_FROM_FROZEN_ARTIFACT,renault_data_pipeline/data/renault_processed/210323/customers.csv
customer,210323,21506700,48.05,-0.8,5,false,RECOVERED_FROM_FROZEN_ARTIFACT,renault_data_pipeline/data/renault_processed/210323/customers.csv
customer,210323,21652600,48.7,2.89,7,false,RECOVERED_FROM_FROZEN_ARTIFACT,renault_data_pipeline/data/renault_processed/210323/customers.csv
customer,210323,21660800,47.92,6.66,7,false,RECOVERED_FROM_FROZEN_ARTIFACT,renault_data_pipeline/data/renault_processed/210323/customers.csv
customer,210323,21792905,40.88,-8.63,2,false,RECOVERED_FROM_FROZEN_ARTIFACT,renault_data_pipeline/data/renault_processed/210323/customers.csv
customer,210323,21798202,48.1,-0.73,5,false,RECOVERED_FROM_FROZEN_ARTIFACT,renault_data_pipeline/data/renault_processed/210323/customers.csv
customer,210323,21865308,50.36,3.03,7,false,RECOVERED_FROM_FROZEN_ARTIFACT,renault_data_pipeline/data/renault_processed/210323/customers.csv
customer,210323,21865316,44.54,25.22,11,false,RECOVERED_FROM_FROZEN_ARTIFACT,renault_data_pipeline/data/renault_processed/210323/customers.csv
customer,210323,21958001,48.72,-0.52,5,false,RECOVERED_FROM_FROZEN_ARTIFACT,renault_data_pipeline/data/renault_processed/210323/customers.csv
customer,210323,22040200,49.27,1.79,5,false,RECOVERED_FROM_FROZEN_ARTIFACT,renault_data_pipeline/data/renault_processed/210323/customers.csv
customer,210323,22060301,49.21,6.21,7,false,RECOVERED_FROM_FROZEN_ARTIFACT,renault_data_pipeline/data/renault_processed/210323/customers.csv
customer,210323,22066702,42.16,-8.62,2,false,RECOVERED_FROM_FROZEN_ARTIFACT,renault_data_pipeline/data/renault_processed/210323/customers.csv
customer,210323,22086204,45.47,4.44,7,false,RECOVERED_FROM_FROZEN_ARTIFACT,renault_data_pipeline/data/renault_processed/210323/customers.csv
customer,210323,22091301,50.31,2.95,7,false,RECOVERED_FROM_FROZEN_ARTIFACT,renault_data_pipeline/data/renault_processed/210323/customers.csv
customer,210323,22091700,46.38,5.83,7,false,RECOVERED_FROM_FROZEN_ARTIFACT,renault_data_pipeline/data/renault_processed/210323/customers.csv
customer,210323,22100400,45.16,5.71,7,false,RECOVERED_FROM_FROZEN_ARTIFACT,renault_data_pipeline/data/renault_processed/210323/customers.csv
customer,210323,22102700,48.11,2.36,5,false,RECOVERED_FROM_FROZEN_ARTIFACT,renault_data_pipeline/data/renault_processed/210323/customers.csv
customer,210323,23207007,48.96,21.27,10,false,RECOVERED_FROM_FROZEN_ARTIFACT,renault_data_pipeline/data/renault_processed/210323/customers.csv
customer,210323,23235902,44.66,25.56,11,false,RECOVERED_FROM_FROZEN_ARTIFACT,renault_data_pipeline/data/renault_processed/210323/customers.csv
customer,210323,23261013,50.38,13.58,8,false,RECOVERED_FROM_FROZEN_ARTIFACT,renault_data_pipeline/data/renault_processed/210323/customers.csv
customer,210323,23321100,46.58,14.73,9,false,RECOVERED_FROM_FROZEN_ARTIFACT,renault_data_pipeline/data/renault_processed/210323/customers.csv
customer,210323,23342502,44.97,24.93,11,true,RECOVERED_FROM_FROZEN_ARTIFACT,renault_data_pipeline/data/renault_processed/210323/customers.csv
customer,210323,23367700,49.84,19.03,10,false,RECOVERED_FROM_FROZEN_ARTIFACT,renault_data_pipeline/data/renault_processed/210323/customers.csv
customer,210323,23376100,42.28,-7.83,2,false,RECOVERED_FROM_FROZEN_ARTIFACT,renault_data_pipeline/data/renault_processed/210323/customers.csv
customer,210323,23395100,51.06,4.46,7,false,RECOVERED_FROM_FROZEN_ARTIFACT,renault_data_pipeline/data/renault_processed/210323/customers.csv
customer,210323,23536810,43.6,1.36,6,false,RECOVERED_FROM_FROZEN_ARTIFACT,renault_data_pipeline/data/renault_processed/210323/customers.csv
customer,210323,23559601,49.83,19.96,10,false,RECOVERED_FROM_FROZEN_ARTIFACT,renault_data_pipeline/data/renault_processed/210323/customers.csv
customer,210323,23559602,49.83,19.07,10,false,RECOVERED_FROM_FROZEN_ARTIFACT,renault_data_pipeline/data/renault_processed/210323/customers.csv
customer,210323,23559700,53.07,-1.25,4,false,RECOVERED_FROM_FROZEN_ARTIFACT,renault_data_pipeline/data/renault_processed/210323/customers.csv
customer,210323,23579100,40.48,-8.09,2,false,RECOVERED_FROM_FROZEN_ARTIFACT,renault_data_pipeline/data/renault_processed/210323/customers.csv
customer,210323,23632305,45.21,7.89,7,false,RECOVERED_FROM_FROZEN_ARTIFACT,renault_data_pipeline/data/renault_processed/210323/customers.csv
customer,210323,23641200,48.6,-0.37,5,false,RECOVERED_FROM_FROZEN_ARTIFACT,renault_data_pipeline/data/renault_processed/210323/customers.csv
customer,210323,23642903,46.06,14.57,9,false,RECOVERED_FROM_FROZEN_ARTIFACT,renault_data_pipeline/data/renault_processed/210323/customers.csv
customer,210323,23676300,47.47,6.84,7,false,RECOVERED_FROM_FROZEN_ARTIFACT,renault_data_pipeline/data/renault_processed/210323/customers.csv
customer,210323,23676301,49.14,1.97,5,false,RECOVERED_FROM_FROZEN_ARTIFACT,renault_data_pipeline/data/renault_processed/210323/customers.csv
customer,210323,23676305,47.74,7.14,7,false,RECOVERED_FROM_FROZEN_ARTIFACT,renault_data_pipeline/data/renault_processed/210323/customers.csv
customer,210323,23697100,42.89,-2.16,2,false,RECOVERED_FROM_FROZEN_ARTIFACT,renault_data_pipeline/data/renault_processed/210323/customers.csv
customer,210323,23697101,39.83,-0.17,6,false,RECOVERED_FROM_FROZEN_ARTIFACT,renault_data_pipeline/data/renault_processed/210323/customers.csv
customer,210323,23709500,48.72,18.25,9,false,RECOVERED_FROM_FROZEN_ARTIFACT,renault_data_pipeline/data/renault_processed/210323/customers.csv
customer,210323,23779500,38.62,-0.59,3,false,RECOVERED_FROM_FROZEN_ARTIFACT,renault_data_pipeline/data/renault_processed/210323/customers.csv
customer,210323,23836603,45.74,5.07,7,false,RECOVERED_FROM_FROZEN_ARTIFACT,renault_data_pipeline/data/renault_processed/210323/customers.csv
customer,210323,23850600,48.9,1.4,5,false,RECOVERED_FROM_FROZEN_ARTIFACT,renault_data_pipeline/data/renault_processed/210323/customers.csv
customer,210323,23889418,49.3,20.66,10,false,RECOVERED_FROM_FROZEN_ARTIFACT,renault_data_pipeline/data/renault_processed/210323/customers.csv
customer,210323,23927003,44.88,24.85,11,false,RECOVERED_FROM_FROZEN_ARTIFACT,renault_data_pipeline/data/renault_processed/210323/customers.csv
customer,210323,23934607,49.98,19.83,10,false,RECOVERED_FROM_FROZEN_ARTIFACT,renault_data_pipeline/data/renault_processed/210323/customers.csv
customer,210323,23961600,46.17,21.27,11,false,RECOVERED_FROM_FROZEN_ARTIFACT,renault_data_pipeline/data/renault_processed/210323/customers.csv
customer,210323,23989200,48.96,2.48,5,false,RECOVERED_FROM_FROZEN_ARTIFACT,renault_data_pipeline/data/renault_processed/210323/customers.csv
customer,210323,23989201,50.88,20.62,10,false,RECOVERED_FROM_FROZEN_ARTIFACT,renault_data_pipeline/data/renault_processed/210323/customers.csv
customer,210323,24007700,49.89,19.03,10,false,RECOVERED_FROM_FROZEN_ARTIFACT,renault_data_pipeline/data/renault_processed/210323/customers.csv
customer,210323,24099000,49.33,14.11,8,false,RECOVERED_FROM_FROZEN_ARTIFACT,renault_data_pipeline/data/renault_processed/210323/customers.csv
customer,210323,24099001,48.97,16.52,9,false,RECOVERED_FROM_FROZEN_ARTIFACT,renault_data_pipeline/data/renault_processed/210323/customers.csv
customer,210323,24099003,50.41,13.22,8,false,RECOVERED_FROM_FROZEN_ARTIFACT,renault_data_pipeline/data/renault_processed/210323/customers.csv
customer,210323,24123500,47.21,18.43,9,false,RECOVERED_FROM_FROZEN_ARTIFACT,renault_data_pipeline/data/renault_processed/210323/customers.csv
customer,210323,24149200,51.07,5.16,7,false,RECOVERED_FROM_FROZEN_ARTIFACT,renault_data_pipeline/data/renault_processed/210323/customers.csv
customer,210323,24267400,49.23,19.3,10,false,RECOVERED_FROM_FROZEN_ARTIFACT,renault_data_pipeline/data/renault_processed/210323/customers.csv
customer,210323,24267502,41.75,-8.83,2,false,RECOVERED_FROM_FROZEN_ARTIFACT,renault_data_pipeline/data/renault_processed/210323/customers.csv
customer,210323,24279106,45.67,5.1,7,false,RECOVERED_FROM_FROZEN_ARTIFACT,renault_data_pipeline/data/renault_processed/210323/customers.csv
customer,210323,24303001,42.0,-4.51,2,false,RECOVERED_FROM_FROZEN_ARTIFACT,renault_data_pipeline/data/renault_processed/210323/customers.csv
customer,210323,24351800,41.94,-4.48,2,false,RECOVERED_FROM_FROZEN_ARTIFACT,renault_data_pipeline/data/renault_processed/210323/customers.csv
customer,210323,24405104,48.68,21.23,10,false,RECOVERED_FROM_FROZEN_ARTIFACT,renault_data_pipeline/data/renault_processed/210323/customers.csv
customer,210323,24412300,45.64,4.25,7,false,RECOVERED_FROM_FROZEN_ARTIFACT,renault_data_pipeline/data/renault_processed/210323/customers.csv
customer,210323,24412305,44.94,25.93,11,false,RECOVERED_FROM_FROZEN_ARTIFACT,renault_data_pipeline/data/renault_processed/210323/customers.csv
customer,210323,24421501,45.92,14.89,9,false,RECOVERED_FROM_FROZEN_ARTIFACT,renault_data_pipeline/data/renault_processed/210323/customers.csv
customer,210323,24700300,45.8,15.18,9,false,RECOVERED_FROM_FROZEN_ARTIFACT,renault_data_pipeline/data/renault_processed/210323/customers.csv
customer,210323,24700302,45.68,15.28,9,false,RECOVERED_FROM_FROZEN_ARTIFACT,renault_data_pipeline/data/renault_processed/210323/customers.csv
customer,210323,24700303,45.93,14.98,9,false,RECOVERED_FROM_FROZEN_ARTIFACT,renault_data_pipeline/data/renault_processed/210323/customers.csv
customer,210323,24705700,51.17,16.18,10,false,RECOVERED_FROM_FROZEN_ARTIFACT,renault_data_pipeline/data/renault_processed/210323/customers.csv
customer,210323,24771500,44.63,24.27,11,false,RECOVERED_FROM_FROZEN_ARTIFACT,renault_data_pipeline/data/renault_processed/210323/customers.csv
customer,210323,24935704,45.79,21.32,11,false,RECOVERED_FROM_FROZEN_ARTIFACT,renault_data_pipeline/data/renault_processed/210323/customers.csv
customer,210323,24936101,49.6,18.17,10,false,RECOVERED_FROM_FROZEN_ARTIFACT,renault_data_pipeline/data/renault_processed/210323/customers.csv
customer,210323,24975302,45.73,21.16,11,false,RECOVERED_FROM_FROZEN_ARTIFACT,renault_data_pipeline/data/renault_processed/210323/customers.csv
customer,210323,24979000,49.1,6.87,7,false,RECOVERED_FROM_FROZEN_ARTIFACT,renault_data_pipeline/data/renault_processed/210323/customers.csv
customer,210323,24979100,50.02,15.68,10,false,RECOVERED_FROM_FROZEN_ARTIFACT,renault_data_pipeline/data/renault_processed/210323/customers.csv
customer,210323,24989702,44.67,24.88,11,false,RECOVERED_FROM_FROZEN_ARTIFACT,renault_data_pipeline/data/renault_processed/210323/customers.csv
customer,210323,24989703,44.8,24.95,11,false,RECOVERED_FROM_FROZEN_ARTIFACT,renault_data_pipeline/data/renault_processed/210323/customers.csv
customer,210323,24993000,47.11,17.87,9,false,RECOVERED_FROM_FROZEN_ARTIFACT,renault_data_pipeline/data/renault_processed/210323/customers.csv
customer,210323,25047601,45.29,25.06,11,false,RECOVERED_FROM_FROZEN_ARTIFACT,renault_data_pipeline/data/renault_processed/210323/customers.csv
customer,210323,25047700,49.74,13.6,8,false,RECOVERED_FROM_FROZEN_ARTIFACT,renault_data_pipeline/data/renault_processed/210323/customers.csv
customer,210323,25050301,48.59,19.1,9,false,RECOVERED_FROM_FROZEN_ARTIFACT,renault_data_pipeline/data/renault_processed/210323/customers.csv
customer,210323,25104808,48.77,17.82,9,false,RECOVERED_FROM_FROZEN_ARTIFACT,renault_data_pipeline/data/renault_processed/210323/customers.csv
customer,210323,25116300,51.19,11.06,8,false,RECOVERED_FROM_FROZEN_ARTIFACT,renault_data_pipeline/data/renault_processed/210323/customers.csv
customer,210323,25125900,41.17,-8.44,2,false,RECOVERED_FROM_FROZEN_ARTIFACT,renault_data_pipeline/data/renault_processed/210323/customers.csv
customer,210323,25160200,47.87,1.92,5,false,RECOVERED_FROM_FROZEN_ARTIFACT,renault_data_pipeline/data/renault_processed/210323/customers.csv
customer,210323,25166200,45.78,24.19,11,false,RECOVERED_FROM_FROZEN_ARTIFACT,renault_data_pipeline/data/renault_processed/210323/customers.csv
customer,210323,25258200,47.73,22.87,11,false,RECOVERED_FROM_FROZEN_ARTIFACT,renault_data_pipeline/data/renault_processed/210323/customers.csv
customer,210323,25314702,47.38,-1.1,5,false,RECOVERED_FROM_FROZEN_ARTIFACT,renault_data_pipeline/data/renault_processed/210323/customers.csv
customer,210323,25315000,33.6,-7.58,1,false,RECOVERED_FROM_FROZEN_ARTIFACT,renault_data_pipeline/data/renault_processed/210323/customers.csv
customer,210323,25344801,48.33,18.05,9,false,RECOVERED_FROM_FROZEN_ARTIFACT,renault_data_pipeline/data/renault_processed/210323/customers.csv
customer,210323,25348700,41.82,-6.72,2,false,RECOVERED_FROM_FROZEN_ARTIFACT,renault_data_pipeline/data/renault_processed/210323/customers.csv
customer,210323,25361700,41.97,-8.69,2,false,RECOVERED_FROM_FROZEN_ARTIFACT,renault_data_pipeline/data/renault_processed/210323/customers.csv
customer,210323,25411000,46.96,-0.9,5,false,RECOVERED_FROM_FROZEN_ARTIFACT,renault_data_pipeline/data/renault_processed/210323/customers.csv
customer,210323,25425000,41.62,-4.7,2,false,RECOVERED_FROM_FROZEN_ARTIFACT,renault_data_pipeline/data/renault_processed/210323/customers.csv
customer,210323,25426800,50.24,15.79,10,false,RECOVERED_FROM_FROZEN_ARTIFACT,renault_data_pipeline/data/renault_processed/210323/customers.csv
customer,210323,25426900,50.37,19.78,10,false,RECOVERED_FROM_FROZEN_ARTIFACT,renault_data_pipeline/data/renault_processed/210323/customers.csv
customer,210323,25432700,51.78,-4.03,4,false,RECOVERED_FROM_FROZEN_ARTIFACT,renault_data_pipeline/data/renault_processed/210323/customers.csv
customer,210323,25445204,48.11,-1.18,5,false,RECOVERED_FROM_FROZEN_ARTIFACT,renault_data_pipeline/data/renault_processed/210323/customers.csv
customer,210323,25531901,47.11,23.9,11,false,RECOVERED_FROM_FROZEN_ARTIFACT,renault_data_pipeline/data/renault_processed/210323/customers.csv
customer,210323,25536100,41.31,1.26,6,false,RECOVERED_FROM_FROZEN_ARTIFACT,renault_data_pipeline/data/renault_processed/210323/customers.csv
customer,210323,25536102,41.31,1.26,6,false,RECOVERED_FROM_FROZEN_ARTIFACT,renault_data_pipeline/data/renault_processed/210323/customers.csv
customer,210323,25544200,44.38,8.28,7,false,RECOVERED_FROM_FROZEN_ARTIFACT,renault_data_pipeline/data/renault_processed/210323/customers.csv
customer,210323,25725702,43.2,-2.71,2,false,RECOVERED_FROM_FROZEN_ARTIFACT,renault_data_pipeline/data/renault_processed/210323/customers.csv
customer,210323,25734400,44.87,7.73,7,false,RECOVERED_FROM_FROZEN_ARTIFACT,renault_data_pipeline/data/renault_processed/210323/customers.csv
customer,210323,25746700,48.36,17.57,9,false,RECOVERED_FROM_FROZEN_ARTIFACT,renault_data_pipeline/data/renault_processed/210323/customers.csv
customer,210323,25756803,49.16,16.7,9,false,RECOVERED_FROM_FROZEN_ARTIFACT,renault_data_pipeline/data/renault_processed/210323/customers.csv
customer,210323,25767300,42.11,-8.63,2,false,RECOVERED_FROM_FROZEN_ARTIFACT,renault_data_pipeline/data/renault_processed/210323/customers.csv
customer,210323,25767400,42.37,-3.74,2,false,RECOVERED_FROM_FROZEN_ARTIFACT,renault_data_pipeline/data/renault_processed/210323/customers.csv
customer,210323,25769300,43.28,-5.82,2,false,RECOVERED_FROM_FROZEN_ARTIFACT,renault_data_pipeline/data/renault_processed/210323/customers.csv
customer,210323,25831000,50.81,19.17,10,false,RECOVERED_FROM_FROZEN_ARTIFACT,renault_data_pipeline/data/renault_processed/210323/customers.csv
customer,210323,25860700,47.26,-1.5,5,false,RECOVERED_FROM_FROZEN_ARTIFACT,renault_data_pipeline/data/renault_processed/210323/customers.csv
customer,210323,25869800,44.91,8.23,7,false,RECOVERED_FROM_FROZEN_ARTIFACT,renault_data_pipeline/data/renault_processed/210323/customers.csv
customer,210323,25869801,47.66,19.65,9,false,RECOVERED_FROM_FROZEN_ARTIFACT,renault_data_pipeline/data/renault_processed/210323/customers.csv
customer,210323,25869802,45.39,6.27,7,false,RECOVERED_FROM_FROZEN_ARTIFACT,renault_data_pipeline/data/renault_processed/210323/customers.csv
customer,210323,25877300,47.8,10.86,8,false,RECOVERED_FROM_FROZEN_ARTIFACT,renault_data_pipeline/data/renault_processed/210323/customers.csv
customer,210323,25915001,45.65,25.52,11,false,RECOVERED_FROM_FROZEN_ARTIFACT,renault_data_pipeline/data/renault_processed/210323/customers.csv
customer,210323,25929600,41.85,-1.94,3,false,RECOVERED_FROM_FROZEN_ARTIFACT,renault_data_pipeline/data/renault_processed/210323/customers.csv
customer,210323,25958400,44.94,25.95,11,false,RECOVERED_FROM_FROZEN_ARTIFACT,renault_data_pipeline/data/renault_processed/210323/customers.csv
customer,210323,26008300,47.12,17.54,9,false,RECOVERED_FROM_FROZEN_ARTIFACT,renault_data_pipeline/data/renault_processed/210323/customers.csv
customer,210323,26064700,49.46,17.13,10,false,RECOVERED_FROM_FROZEN_ARTIFACT,renault_data_pipeline/data/renault_processed/210323/customers.csv
customer,210323,26064702,49.46,17.13,10,false,RECOVERED_FROM_FROZEN_ARTIFACT,renault_data_pipeline/data/renault_processed/210323/customers.csv
customer,210323,26188600,49.29,4.03,7,false,RECOVERED_FROM_FROZEN_ARTIFACT,renault_data_pipeline/data/renault_processed/210323/customers.csv
customer,210323,26212000,44.95,24.93,11,false,RECOVERED_FROM_FROZEN_ARTIFACT,renault_data_pipeline/data/renault_processed/210323/customers.csv
customer,210323,26218801,50.67,13.98,8,false,RECOVERED_FROM_FROZEN_ARTIFACT,renault_data_pipeline/data/renault_processed/210323/customers.csv
customer,210323,26218804,50.68,13.96,8,false,RECOVERED_FROM_FROZEN_ARTIFACT,renault_data_pipeline/data/renault_processed/210323/customers.csv
customer,210323,26242400,46.88,19.62,9,false,RECOVERED_FROM_FROZEN_ARTIFACT,renault_data_pipeline/data/renault_processed/210323/customers.csv
customer,210323,26254901,50.74,11.87,8,false,RECOVERED_FROM_FROZEN_ARTIFACT,renault_data_pipeline/data/renault_processed/210323/customers.csv
customer,210323,26310500,49.23,19.3,10,false,RECOVERED_FROM_FROZEN_ARTIFACT,renault_data_pipeline/data/renault_processed/210323/customers.csv
customer,210323,26358500,47.98,18.19,9,false,RECOVERED_FROM_FROZEN_ARTIFACT,renault_data_pipeline/data/renault_processed/210323/customers.csv
customer,210323,26367200,47.86,17.78,9,true,RECOVERED_FROM_FROZEN_ARTIFACT,renault_data_pipeline/data/renault_processed/210323/customers.csv
customer,210323,26367401,48.19,18.61,9,false,RECOVERED_FROM_FROZEN_ARTIFACT,renault_data_pipeline/data/renault_processed/210323/customers.csv
customer,210323,26372000,48.04,19.8,9,false,RECOVERED_FROM_FROZEN_ARTIFACT,renault_data_pipeline/data/renault_processed/210323/customers.csv
customer,210323,26404400,44.97,24.91,11,false,RECOVERED_FROM_FROZEN_ARTIFACT,renault_data_pipeline/data/renault_processed/210323/customers.csv
customer,210323,26404500,47.51,6.86,7,false,RECOVERED_FROM_FROZEN_ARTIFACT,renault_data_pipeline/data/renault_processed/210323/customers.csv
customer,210323,26426200,50.36,13.82,8,false,RECOVERED_FROM_FROZEN_ARTIFACT,renault_data_pipeline/data/renault_processed/210323/customers.csv
customer,210323,26447800,44.66,25.55,11,false,RECOVERED_FROM_FROZEN_ARTIFACT,renault_data_pipeline/data/renault_processed/210323/customers.csv
customer,210323,26448500,47.12,9.5,8,false,RECOVERED_FROM_FROZEN_ARTIFACT,renault_data_pipeline/data/renault_processed/210323/customers.csv
customer,210323,26461201,46.21,21.25,11,false,RECOVERED_FROM_FROZEN_ARTIFACT,renault_data_pipeline/data/renault_processed/210323/customers.csv
customer,210323,26475101,49.16,5.9,7,false,RECOVERED_FROM_FROZEN_ARTIFACT,renault_data_pipeline/data/renault_processed/210323/customers.csv
customer,210323,26522500,46.21,21.26,11,false,RECOVERED_FROM_FROZEN_ARTIFACT,renault_data_pipeline/data/renault_processed/210323/customers.csv
customer,210323,26539800,45.15,7.76,7,false,RECOVERED_FROM_FROZEN_ARTIFACT,renault_data_pipeline/data/renault_processed/210323/customers.csv
customer,210323,26540200,45.81,21.19,11,false,RECOVERED_FROM_FROZEN_ARTIFACT,renault_data_pipeline/data/renault_processed/210323/customers.csv
customer,210323,26551501,45.3,25.06,11,false,RECOVERED_FROM_FROZEN_ARTIFACT,renault_data_pipeline/data/renault_processed/210323/customers.csv
customer,210323,26585501,38.59,-8.9,1,false,RECOVERED_FROM_FROZEN_ARTIFACT,renault_data_pipeline/data/renault_processed/210323/customers.csv
customer,210323,26610800,49.16,1.35,5,false,RECOVERED_FROM_FROZEN_ARTIFACT,renault_data_pipeline/data/renault_processed/210323/customers.csv
customer,210323,26743100,51.13,16.95,10,false,RECOVERED_FROM_FROZEN_ARTIFACT,renault_data_pipeline/data/renault_processed/210323/customers.csv
customer,210323,26815301,48.03,17.32,9,false,RECOVERED_FROM_FROZEN_ARTIFACT,renault_data_pipeline/data/renault_processed/210323/customers.csv
customer,210323,26851106,41.33,2.13,6,false,RECOVERED_FROM_FROZEN_ARTIFACT,renault_data_pipeline/data/renault_processed/210323/customers.csv
customer,210323,26976600,52.6,14.66,8,false,RECOVERED_FROM_FROZEN_ARTIFACT,renault_data_pipeline/data/renault_processed/210323/customers.csv
customer,210323,26976701,48.55,21.24,10,false,RECOVERED_FROM_FROZEN_ARTIFACT,renault_data_pipeline/data/renault_processed/210323/customers.csv
customer,210323,26992000,51.45,-0.89,4,false,RECOVERED_FROM_FROZEN_ARTIFACT,renault_data_pipeline/data/renault_processed/210323/customers.csv
customer,210323,27029800,50.27,3.33,7,false,RECOVERED_FROM_FROZEN_ARTIFACT,renault_data_pipeline/data/renault_processed/210323/customers.csv
customer,210323,27029901,48.22,3.28,7,false,RECOVERED_FROM_FROZEN_ARTIFACT,renault_data_pipeline/data/renault_processed/210323/customers.csv
customer,210323,27046701,48.24,17.36,9,false,RECOVERED_FROM_FROZEN_ARTIFACT,renault_data_pipeline/data/renault_processed/210323/customers.csv
customer,210323,27083207,49.84,18.99,10,false,RECOVERED_FROM_FROZEN_ARTIFACT,renault_data_pipeline/data/renault_processed/210323/customers.csv
customer,210323,27095301,49.03,3.37,7,false,RECOVERED_FROM_FROZEN_ARTIFACT,renault_data_pipeline/data/renault_processed/210323/customers.csv
customer,210323,27105201,50.37,3.09,7,false,RECOVERED_FROM_FROZEN_ARTIFACT,renault_data_pipeline/data/renault_processed/210323/customers.csv
customer,210323,27105202,49.02,0.42,5,false,RECOVERED_FROM_FROZEN_ARTIFACT,renault_data_pipeline/data/renault_processed/210323/customers.csv
customer,210323,27105203,46.99,2.24,5,false,RECOVERED_FROM_FROZEN_ARTIFACT,renault_data_pipeline/data/renault_processed/210323/customers.csv
customer,210323,27105208,48.72,0.42,5,false,RECOVERED_FROM_FROZEN_ARTIFACT,renault_data_pipeline/data/renault_processed/210323/customers.csv
customer,210323,27105209,49.52,0.92,5,false,RECOVERED_FROM_FROZEN_ARTIFACT,renault_data_pipeline/data/renault_processed/210323/customers.csv
customer,210323,27107002,50.41,14.95,8,false,RECOVERED_FROM_FROZEN_ARTIFACT,renault_data_pipeline/data/renault_processed/210323/customers.csv
customer,210323,27125400,48.37,0.56,5,false,RECOVERED_FROM_FROZEN_ARTIFACT,renault_data_pipeline/data/renault_processed/210323/customers.csv
customer,210323,27125600,47.48,6.78,7,false,RECOVERED_FROM_FROZEN_ARTIFACT,renault_data_pipeline/data/renault_processed/210323/customers.csv
customer,210323,27125700,52.21,20.6,10,false,RECOVERED_FROM_FROZEN_ARTIFACT,renault_data_pipeline/data/renault_processed/210323/customers.csv
customer,210323,27137200,47.51,7.01,7,false,RECOVERED_FROM_FROZEN_ARTIFACT,renault_data_pipeline/data/renault_processed/210323/customers.csv
customer,210323,27137300,45.15,1.48,5,false,RECOVERED_FROM_FROZEN_ARTIFACT,renault_data_pipeline/data/renault_processed/210323/customers.csv
customer,210323,27137400,45.95,4.82,7,false,RECOVERED_FROM_FROZEN_ARTIFACT,renault_data_pipeline/data/renault_processed/210323/customers.csv
customer,210323,27157400,48.16,6.46,7,false,RECOVERED_FROM_FROZEN_ARTIFACT,renault_data_pipeline/data/renault_processed/210323/customers.csv
customer,210323,27166400,50.65,13.99,8,false,RECOVERED_FROM_FROZEN_ARTIFACT,renault_data_pipeline/data/renault_processed/210323/customers.csv
customer,210323,27218001,41.94,-4.5,2,false,RECOVERED_FROM_FROZEN_ARTIFACT,renault_data_pipeline/data/renault_processed/210323/customers.csv
customer,210323,27256900,52.03,8.39,8,false,RECOVERED_FROM_FROZEN_ARTIFACT,renault_data_pipeline/data/renault_processed/210323/customers.csv
customer,210323,27287200,47.24,16.65,9,false,RECOVERED_FROM_FROZEN_ARTIFACT,renault_data_pipeline/data/renault_processed/210323/customers.csv
customer,210323,27330601,45.8,21.33,11,false,RECOVERED_FROM_FROZEN_ARTIFACT,renault_data_pipeline/data/renault_processed/210323/customers.csv
customer,210323,27330602,45.83,21.28,11,false,RECOVERED_FROM_FROZEN_ARTIFACT,renault_data_pipeline/data/renault_processed/210323/customers.csv
customer,210323,27359000,48.25,18.3,9,false,RECOVERED_FROM_FROZEN_ARTIFACT,renault_data_pipeline/data/renault_processed/210323/customers.csv
customer,210323,27368600,49.29,15.07,9,false,RECOVERED_FROM_FROZEN_ARTIFACT,renault_data_pipeline/data/renault_processed/210323/customers.csv
customer,210323,27369300,45.73,21.27,11,false,RECOVERED_FROM_FROZEN_ARTIFACT,renault_data_pipeline/data/renault_processed/210323/customers.csv
customer,210323,27376300,43.4,-3.84,2,false,RECOVERED_FROM_FROZEN_ARTIFACT,renault_data_pipeline/data/renault_processed/210323/customers.csv
customer,210323,27396000,42.21,-8.75,2,false,RECOVERED_FROM_FROZEN_ARTIFACT,renault_data_pipeline/data/renault_processed/210323/customers.csv
customer,210323,27442306,35.72,-5.92,1,false,RECOVERED_FROM_FROZEN_ARTIFACT,renault_data_pipeline/data/renault_processed/210323/customers.csv
customer,210323,27477001,50.04,15.58,10,false,RECOVERED_FROM_FROZEN_ARTIFACT,renault_data_pipeline/data/renault_processed/210323/customers.csv
customer,210323,27562000,52.45,16.74,10,false,RECOVERED_FROM_FROZEN_ARTIFACT,renault_data_pipeline/data/renault_processed/210323/customers.csv
customer,210323,27562001,50.35,19.26,10,false,RECOVERED_FROM_FROZEN_ARTIFACT,renault_data_pipeline/data/renault_processed/210323/customers.csv
customer,210323,27593900,47.27,-1.5,5,false,RECOVERED_FROM_FROZEN_ARTIFACT,renault_data_pipeline/data/renault_processed/210323/customers.csv
customer,210323,27594100,40.65,-3.19,3,false,RECOVERED_FROM_FROZEN_ARTIFACT,renault_data_pipeline/data/renault_processed/210323/customers.csv
customer,210323,27662602,50.83,19.13,10,false,RECOVERED_FROM_FROZEN_ARTIFACT,renault_data_pipeline/data/renault_processed/210323/customers.csv
customer,210323,27690200,45.66,25.61,11,false,RECOVERED_FROM_FROZEN_ARTIFACT,renault_data_pipeline/data/renault_processed/210323/customers.csv
customer,210323,27731900,43.13,-2.57,2,false,RECOVERED_FROM_FROZEN_ARTIFACT,renault_data_pipeline/data/renault_processed/210323/customers.csv
customer,210323,27752300,41.62,25.38,12,true,RECOVERED_FROM_FROZEN_ARTIFACT,renault_data_pipeline/data/renault_processed/210323/customers.csv
customer,210323,27805100,54.91,-1.49,4,false,RECOVERED_FROM_FROZEN_ARTIFACT,renault_data_pipeline/data/renault_processed/210323/customers.csv
customer,210323,27830400,49.24,6.15,7,false,RECOVERED_FROM_FROZEN_ARTIFACT,renault_data_pipeline/data/renault_processed/210323/customers.csv
customer,210323,27830500,49.24,6.15,7,false,RECOVERED_FROM_FROZEN_ARTIFACT,renault_data_pipeline/data/renault_processed/210323/customers.csv
customer,210323,27845100,42.43,25.66,12,false,RECOVERED_FROM_FROZEN_ARTIFACT,renault_data_pipeline/data/renault_processed/210323/customers.csv
customer,210323,27862302,53.77,-1.55,4,false,RECOVERED_FROM_FROZEN_ARTIFACT,renault_data_pipeline/data/renault_processed/210323/customers.csv
customer,210323,27902200,47.55,-0.11,5,false,RECOVERED_FROM_FROZEN_ARTIFACT,renault_data_pipeline/data/renault_processed/210323/customers.csv
customer,210323,27988400,41.55,2.03,6,false,RECOVERED_FROM_FROZEN_ARTIFACT,renault_data_pipeline/data/renault_processed/210323/customers.csv
customer,210323,27996500,44.79,24.98,11,false,RECOVERED_FROM_FROZEN_ARTIFACT,renault_data_pipeline/data/renault_processed/210323/customers.csv
customer,210323,28018200,48.04,19.79,9,false,RECOVERED_FROM_FROZEN_ARTIFACT,renault_data_pipeline/data/renault_processed/210323/customers.csv
customer,210323,28058401,49.3,4.12,7,false,RECOVERED_FROM_FROZEN_ARTIFACT,renault_data_pipeline/data/renault_processed/210323/customers.csv
customer,210323,28058405,49.28,4.06,7,false,RECOVERED_FROM_FROZEN_ARTIFACT,renault_data_pipeline/data/renault_processed/210323/customers.csv
customer,210323,28064002,51.46,7.62,8,false,RECOVERED_FROM_FROZEN_ARTIFACT,renault_data_pipeline/data/renault_processed/210323/customers.csv
customer,210323,28075900,49.68,13.42,8,false,RECOVERED_FROM_FROZEN_ARTIFACT,renault_data_pipeline/data/renault_processed/210323/customers.csv
customer,210323,28075902,49.68,13.42,8,false,RECOVERED_FROM_FROZEN_ARTIFACT,renault_data_pipeline/data/renault_processed/210323/customers.csv
customer,210323,28075904,40.5,-3.41,3,false,RECOVERED_FROM_FROZEN_ARTIFACT,renault_data_pipeline/data/renault_processed/210323/customers.csv
customer,210323,28075907,49.29,13.14,8,false,RECOVERED_FROM_FROZEN_ARTIFACT,renault_data_pipeline/data/renault_processed/210323/customers.csv
customer,210323,28075908,51.5,-0.43,4,false,RECOVERED_FROM_FROZEN_ARTIFACT,renault_data_pipeline/data/renault_processed/210323/customers.csv
customer,210323,28128000,46.56,23.84,11,false,RECOVERED_FROM_FROZEN_ARTIFACT,renault_data_pipeline/data/renault_processed/210323/customers.csv
customer,210323,28130500,47.92,19.12,9,false,RECOVERED_FROM_FROZEN_ARTIFACT,renault_data_pipeline/data/renault_processed/210323/customers.csv
customer,210323,28166900,44.57,8.95,7,false,RECOVERED_FROM_FROZEN_ARTIFACT,renault_data_pipeline/data/renault_processed/210323/customers.csv
customer,210323,28208500,50.87,12.35,8,false,RECOVERED_FROM_FROZEN_ARTIFACT,renault_data_pipeline/data/renault_processed/210323/customers.csv
customer,210323,28237800,54.53,-1.36,4,true,RECOVERED_FROM_FROZEN_ARTIFACT,renault_data_pipeline/data/renault_processed/210323/customers.csv
customer,210323,28253900,43.3,-1.9,2,false,RECOVERED_FROM_FROZEN_ARTIFACT,renault_data_pipeline/data/renault_processed/210323/customers.csv
customer,210323,28271902,43.53,16.49,9,false,RECOVERED_FROM_FROZEN_ARTIFACT,renault_data_pipeline/data/renault_processed/210323/customers.csv
customer,210323,28279401,51.19,11.06,8,false,RECOVERED_FROM_FROZEN_ARTIFACT,renault_data_pipeline/data/renault_processed/210323/customers.csv
customer,210323,28328400,48.42,17.04,9,false,RECOVERED_FROM_FROZEN_ARTIFACT,renault_data_pipeline/data/renault_processed/210323/customers.csv
customer,210323,28333101,49.84,3.24,7,false,RECOVERED_FROM_FROZEN_ARTIFACT,renault_data_pipeline/data/renault_processed/210323/customers.csv
customer,210323,28341200,48.23,16.98,9,false,RECOVERED_FROM_FROZEN_ARTIFACT,renault_data_pipeline/data/renault_processed/210323/customers.csv
customer,210323,28347200,50.39,14.9,8,false,RECOVERED_FROM_FROZEN_ARTIFACT,renault_data_pipeline/data/renault_processed/210323/customers.csv
customer,210323,28350800,44.79,24.98,11,false,RECOVERED_FROM_FROZEN_ARTIFACT,renault_data_pipeline/data/renault_processed/210323/customers.csv
customer,210323,28350801,45.17,24.84,11,false,RECOVERED_FROM_FROZEN_ARTIFACT,renault_data_pipeline/data/renault_processed/210323/customers.csv
customer,210323,28396900,50.99,4.04,7,false,RECOVERED_FROM_FROZEN_ARTIFACT,renault_data_pipeline/data/renault_processed/210323/customers.csv
customer,210323,28412700,46.38,5.84,7,false,RECOVERED_FROM_FROZEN_ARTIFACT,renault_data_pipeline/data/renault_processed/210323/customers.csv
customer,210323,28458102,43.17,-2.56,2,false,RECOVERED_FROM_FROZEN_ARTIFACT,renault_data_pipeline/data/renault_processed/210323/customers.csv
customer,210323,28459900,46.48,21.5,11,false,RECOVERED_FROM_FROZEN_ARTIFACT,renault_data_pipeline/data/renault_processed/210323/customers.csv
customer,210323,28472500,41.9,1.71,6,false,RECOVERED_FROM_FROZEN_ARTIFACT,renault_data_pipeline/data/renault_processed/210323/customers.csv
customer,210323,28482700,39.36,-0.45,3,false,RECOVERED_FROM_FROZEN_ARTIFACT,renault_data_pipeline/data/renault_processed/210323/customers.csv
customer,210323,28509401,48.15,8.64,7,false,RECOVERED_FROM_FROZEN_ARTIFACT,renault_data_pipeline/data/renault_processed/210323/customers.csv
customer,210323,28555602,45.8,21.33,11,false,RECOVERED_FROM_FROZEN_ARTIFACT,renault_data_pipeline/data/renault_processed/210323/customers.csv
customer,210323,28602303,44.79,24.99,11,false,RECOVERED_FROM_FROZEN_ARTIFACT,renault_data_pipeline/data/renault_processed/210323/customers.csv
customer,210323,28603900,49.09,18.96,10,false,RECOVERED_FROM_FROZEN_ARTIFACT,renault_data_pipeline/data/renault_processed/210323/customers.csv
customer,210323,28610400,49.77,1.97,5,false,RECOVERED_FROM_FROZEN_ARTIFACT,renault_data_pipeline/data/renault_processed/210323/customers.csv
customer,210323,28633900,45.1,7.57,7,false,RECOVERED_FROM_FROZEN_ARTIFACT,renault_data_pipeline/data/renault_processed/210323/customers.csv
customer,210323,28656302,48.98,17.54,9,false,RECOVERED_FROM_FROZEN_ARTIFACT,renault_data_pipeline/data/renault_processed/210323/customers.csv
customer,210323,28660200,46.98,3.17,7,false,RECOVERED_FROM_FROZEN_ARTIFACT,renault_data_pipeline/data/renault_processed/210323/customers.csv
customer,210323,28681300,49.39,1.38,5,false,RECOVERED_FROM_FROZEN_ARTIFACT,renault_data_pipeline/data/renault_processed/210323/customers.csv
customer,210323,28770100,49.6,18.36,10,false,RECOVERED_FROM_FROZEN_ARTIFACT,renault_data_pipeline/data/renault_processed/210323/customers.csv
customer,210323,28775300,52.64,-1.71,4,false,RECOVERED_FROM_FROZEN_ARTIFACT,renault_data_pipeline/data/renault_processed/210323/customers.csv
customer,210323,28786800,54.92,-1.51,4,false,RECOVERED_FROM_FROZEN_ARTIFACT,renault_data_pipeline/data/renault_processed/210323/customers.csv
customer,210323,28867401,45.8,15.18,9,false,RECOVERED_FROM_FROZEN_ARTIFACT,renault_data_pipeline/data/renault_processed/210323/customers.csv
customer,210323,28879100,45.87,15.09,9,false,RECOVERED_FROM_FROZEN_ARTIFACT,renault_data_pipeline/data/renault_processed/210323/customers.csv
customer,210323,28884600,50.92,5.53,7,false,RECOVERED_FROM_FROZEN_ARTIFACT,renault_data_pipeline/data/renault_processed/210323/customers.csv
customer,210323,28898200,48.73,18.56,9,false,RECOVERED_FROM_FROZEN_ARTIFACT,renault_data_pipeline/data/renault_processed/210323/customers.csv
customer,210323,28925100,48.77,13.05,8,false,RECOVERED_FROM_FROZEN_ARTIFACT,renault_data_pipeline/data/renault_processed/210323/customers.csv
customer,210323,29017100,52.5,-2.0,4,false,RECOVERED_FROM_FROZEN_ARTIFACT,renault_data_pipeline/data/renault_processed/210323/customers.csv
customer,210323,29135000,44.41,24.4,11,false,RECOVERED_FROM_FROZEN_ARTIFACT,renault_data_pipeline/data/renault_processed/210323/customers.csv
customer,210323,29221700,45.38,20.43,9,false,RECOVERED_FROM_FROZEN_ARTIFACT,renault_data_pipeline/data/renault_processed/210323/customers.csv
customer,210323,29249600,49.4,19.48,10,false,RECOVERED_FROM_FROZEN_ARTIFACT,renault_data_pipeline/data/renault_processed/210323/customers.csv
customer,210323,29324200,40.85,-8.48,2,false,RECOVERED_FROM_FROZEN_ARTIFACT,renault_data_pipeline/data/renault_processed/210323/customers.csv
customer,210323,29330903,45.72,4.99,7,false,RECOVERED_FROM_FROZEN_ARTIFACT,renault_data_pipeline/data/renault_processed/210323/customers.csv
customer,210323,29330904,43.3,-1.88,2,false,RECOVERED_FROM_FROZEN_ARTIFACT,renault_data_pipeline/data/renault_processed/210323/customers.csv
customer,210323,29350201,47.94,-2.38,5,false,RECOVERED_FROM_FROZEN_ARTIFACT,renault_data_pipeline/data/renault_processed/210323/customers.csv
customer,210323,29350204,50.09,3.53,7,false,RECOVERED_FROM_FROZEN_ARTIFACT,renault_data_pipeline/data/renault_processed/210323/customers.csv
customer,210323,29350205,47.29,-2.3,5,false,RECOVERED_FROM_FROZEN_ARTIFACT,renault_data_pipeline/data/renault_processed/210323/customers.csv
customer,210323,29350208,49.7,4.02,7,false,RECOVERED_FROM_FROZEN_ARTIFACT,renault_data_pipeline/data/renault_processed/210323/customers.csv
customer,210323,29350210,47.51,6.87,7,false,RECOVERED_FROM_FROZEN_ARTIFACT,renault_data_pipeline/data/renault_processed/210323/customers.csv
customer,210323,29350212,48.6,5.04,7,false,RECOVERED_FROM_FROZEN_ARTIFACT,renault_data_pipeline/data/renault_processed/210323/customers.csv
customer,210323,29350214,47.38,-1.1,5,false,RECOVERED_FROM_FROZEN_ARTIFACT,renault_data_pipeline/data/renault_processed/210323/customers.csv
customer,210323,29352201,40.9,-8.44,2,false,RECOVERED_FROM_FROZEN_ARTIFACT,renault_data_pipeline/data/renault_processed/210323/customers.csv
customer,210323,29369900,43.17,-2.61,2,false,RECOVERED_FROM_FROZEN_ARTIFACT,renault_data_pipeline/data/renault_processed/210323/customers.csv
customer,210323,29382801,45.07,24.81,11,false,RECOVERED_FROM_FROZEN_ARTIFACT,renault_data_pipeline/data/renault_processed/210323/customers.csv
customer,210323,29450102,42.78,-4.25,2,false,RECOVERED_FROM_FROZEN_ARTIFACT,renault_data_pipeline/data/renault_processed/210323/customers.csv
customer,210323,29527000,49.51,2.43,5,false,RECOVERED_FROM_FROZEN_ARTIFACT,renault_data_pipeline/data/renault_processed/210323/customers.csv
customer,210323,29685200,51.16,4.79,7,false,RECOVERED_FROM_FROZEN_ARTIFACT,renault_data_pipeline/data/renault_processed/210323/customers.csv
customer,210323,29685201,49.56,15.96,10,false,RECOVERED_FROM_FROZEN_ARTIFACT,renault_data_pipeline/data/renault_processed/210323/customers.csv
customer,210323,29685206,47.46,-0.62,5,false,RECOVERED_FROM_FROZEN_ARTIFACT,renault_data_pipeline/data/renault_processed/210323/customers.csv
customer,210323,29695700,52.44,-2.01,4,false,RECOVERED_FROM_FROZEN_ARTIFACT,renault_data_pipeline/data/renault_processed/210323/customers.csv
customer,210323,29717101,42.78,-1.38,6,false,RECOVERED_FROM_FROZEN_ARTIFACT,renault_data_pipeline/data/renault_processed/210323/customers.csv
customer,210323,29807200,43.87,26.04,11,false,RECOVERED_FROM_FROZEN_ARTIFACT,renault_data_pipeline/data/renault_processed/210323/customers.csv
customer,210323,29855000,46.18,5.57,7,false,RECOVERED_FROM_FROZEN_ARTIFACT,renault_data_pipeline/data/renault_processed/210323/customers.csv
customer,210323,29937600,42.88,-2.31,2,false,RECOVERED_FROM_FROZEN_ARTIFACT,renault_data_pipeline/data/renault_processed/210323/customers.csv
customer,210323,29969301,40.57,-8.12,2,false,RECOVERED_FROM_FROZEN_ARTIFACT,renault_data_pipeline/data/renault_processed/210323/customers.csv
customer,210323,40006900,48.4,18.4,9,false,RECOVERED_FROM_FROZEN_ARTIFACT,renault_data_pipeline/data/renault_processed/210323/customers.csv
customer,210323,40084500,47.29,-2.3,5,false,RECOVERED_FROM_FROZEN_ARTIFACT,renault_data_pipeline/data/renault_processed/210323/customers.csv
customer,210323,40145700,41.82,-8.44,2,false,RECOVERED_FROM_FROZEN_ARTIFACT,renault_data_pipeline/data/renault_processed/210323/customers.csv
customer,210323,40184300,47.94,8.86,8,false,RECOVERED_FROM_FROZEN_ARTIFACT,renault_data_pipeline/data/renault_processed/210323/customers.csv
customer,210323,40192600,39.31,-0.42,3,false,RECOVERED_FROM_FROZEN_ARTIFACT,renault_data_pipeline/data/renault_processed/210323/customers.csv
customer,210323,40192801,46.07,6.52,7,false,RECOVERED_FROM_FROZEN_ARTIFACT,renault_data_pipeline/data/renault_processed/210323/customers.csv
customer,210323,40193000,46.55,23.86,11,false,RECOVERED_FROM_FROZEN_ARTIFACT,renault_data_pipeline/data/renault_processed/210323/customers.csv
customer,210323,40217101,45.2,7.89,7,false,RECOVERED_FROM_FROZEN_ARTIFACT,renault_data_pipeline/data/renault_processed/210323/customers.csv
customer,210323,40253500,47.69,22.5,10,false,RECOVERED_FROM_FROZEN_ARTIFACT,renault_data_pipeline/data/renault_processed/210323/customers.csv
customer,210323,40303901,47.74,18.08,9,false,RECOVERED_FROM_FROZEN_ARTIFACT,renault_data_pipeline/data/renault_processed/210323/customers.csv
customer,210323,40317700,41.65,-0.78,6,false,RECOVERED_FROM_FROZEN_ARTIFACT,renault_data_pipeline/data/renault_processed/210323/customers.csv
customer,210323,40317703,39.47,-0.57,3,false,RECOVERED_FROM_FROZEN_ARTIFACT,renault_data_pipeline/data/renault_processed/210323/customers.csv
customer,210323,40475800,42.75,23.21,12,false,RECOVERED_FROM_FROZEN_ARTIFACT,renault_data_pipeline/data/renault_processed/210323/customers.csv
customer,210323,40654000,44.87,24.86,11,false,RECOVERED_FROM_FROZEN_ARTIFACT,renault_data_pipeline/data/renault_processed/210323/customers.csv
customer,210323,40702700,50.23,2.13,5,false,RECOVERED_FROM_FROZEN_ARTIFACT,renault_data_pipeline/data/renault_processed/210323/customers.csv
customer,210323,40741601,50.49,2.5,7,false,RECOVERED_FROM_FROZEN_ARTIFACT,renault_data_pipeline/data/renault_processed/210323/customers.csv
customer,210323,40741604,50.49,2.68,7,false,RECOVERED_FROM_FROZEN_ARTIFACT,renault_data_pipeline/data/renault_processed/210323/customers.csv
customer,210323,40771302,35.66,-5.67,1,true,RECOVERED_FROM_FROZEN_ARTIFACT,renault_data_pipeline/data/renault_processed/210323/customers.csv
customer,210323,40832000,47.08,21.86,9,false,RECOVERED_FROM_FROZEN_ARTIFACT,renault_data_pipeline/data/renault_processed/210323/customers.csv
customer,210323,40852000,49.22,18.57,10,false,RECOVERED_FROM_FROZEN_ARTIFACT,renault_data_pipeline/data/renault_processed/210323/customers.csv
customer,210323,40863701,48.14,11.58,8,false,RECOVERED_FROM_FROZEN_ARTIFACT,renault_data_pipeline/data/renault_processed/210323/customers.csv
customer,210323,40906107,48.13,20.78,9,false,RECOVERED_FROM_FROZEN_ARTIFACT,renault_data_pipeline/data/renault_processed/210323/customers.csv
customer,210323,40909900,40.78,-8.59,2,false,RECOVERED_FROM_FROZEN_ARTIFACT,renault_data_pipeline/data/renault_processed/210323/customers.csv
customer,210323,40955700,45.73,21.26,11,false,RECOVERED_FROM_FROZEN_ARTIFACT,renault_data_pipeline/data/renault_processed/210323/customers.csv
customer,210323,40979700,44.92,24.87,11,false,RECOVERED_FROM_FROZEN_ARTIFACT,renault_data_pipeline/data/renault_processed/210323/customers.csv
customer,210323,40998700,46.63,26.86,11,false,RECOVERED_FROM_FROZEN_ARTIFACT,renault_data_pipeline/data/renault_processed/210323/customers.csv
customer,210323,41062600,45.02,24.9,11,false,RECOVERED_FROM_FROZEN_ARTIFACT,renault_data_pipeline/data/renault_processed/210323/customers.csv
customer,210323,41092202,42.38,-3.73,2,false,RECOVERED_FROM_FROZEN_ARTIFACT,renault_data_pipeline/data/renault_processed/210323/customers.csv
customer,210323,41099501,47.37,19.12,9,false,RECOVERED_FROM_FROZEN_ARTIFACT,renault_data_pipeline/data/renault_processed/210323/customers.csv
customer,210323,41106800,52.4,-1.55,4,false,RECOVERED_FROM_FROZEN_ARTIFACT,renault_data_pipeline/data/renault_processed/210323/customers.csv
customer,210323,41156800,48.57,18.86,9,false,RECOVERED_FROM_FROZEN_ARTIFACT,renault_data_pipeline/data/renault_processed/210323/customers.csv
customer,210323,41223901,40.58,-8.12,2,false,RECOVERED_FROM_FROZEN_ARTIFACT,renault_data_pipeline/data/renault_processed/210323/customers.csv
customer,210323,41264800,42.12,-8.62,2,false,RECOVERED_FROM_FROZEN_ARTIFACT,renault_data_pipeline/data/renault_processed/210323/customers.csv
customer,210323,41379900,46.14,21.3,11,false,RECOVERED_FROM_FROZEN_ARTIFACT,renault_data_pipeline/data/renault_processed/210323/customers.csv
customer,210323,41397500,42.25,24.88,12,false,RECOVERED_FROM_FROZEN_ARTIFACT,renault_data_pipeline/data/renault_processed/210323/customers.csv
customer,210323,41428600,47.11,17.88,9,false,RECOVERED_FROM_FROZEN_ARTIFACT,renault_data_pipeline/data/renault_processed/210323/customers.csv
customer,210323,41448500,48.74,18.23,9,false,RECOVERED_FROM_FROZEN_ARTIFACT,renault_data_pipeline/data/renault_processed/210323/customers.csv
customer,210323,41462100,35.66,-5.67,1,false,RECOVERED_FROM_FROZEN_ARTIFACT,renault_data_pipeline/data/renault_processed/210323/customers.csv
customer,210323,41482900,46.25,1.5,5,false,RECOVERED_FROM_FROZEN_ARTIFACT,renault_data_pipeline/data/renault_processed/210323/customers.csv
customer,210323,41484500,41.89,-8.55,2,false,RECOVERED_FROM_FROZEN_ARTIFACT,renault_data_pipeline/data/renault_processed/210323/customers.csv
customer,210323,41565300,49.47,5.86,7,false,RECOVERED_FROM_FROZEN_ARTIFACT,renault_data_pipeline/data/renault_processed/210323/customers.csv
customer,210323,41570200,44.56,2.24,6,false,RECOVERED_FROM_FROZEN_ARTIFACT,renault_data_pipeline/data/renault_processed/210323/customers.csv
customer,210323,41570201,41.33,1.65,6,false,RECOVERED_FROM_FROZEN_ARTIFACT,renault_data_pipeline/data/renault_processed/210323/customers.csv
customer,210323,41618900,42.18,24.33,12,false,RECOVERED_FROM_FROZEN_ARTIFACT,renault_data_pipeline/data/renault_processed/210323/customers.csv
customer,210323,41628700,47.18,18.4,9,false,RECOVERED_FROM_FROZEN_ARTIFACT,renault_data_pipeline/data/renault_processed/210323/customers.csv
customer,210323,41647900,34.26,-6.58,1,false,RECOVERED_FROM_FROZEN_ARTIFACT,renault_data_pipeline/data/renault_processed/210323/customers.csv
customer,210323,41681300,35.66,-5.66,1,false,RECOVERED_FROM_FROZEN_ARTIFACT,renault_data_pipeline/data/renault_processed/210323/customers.csv
customer,210323,41774800,42.48,-2.41,2,false,RECOVERED_FROM_FROZEN_ARTIFACT,renault_data_pipeline/data/renault_processed/210323/customers.csv
customer,210323,41804600,51.17,16.63,10,false,RECOVERED_FROM_FROZEN_ARTIFACT,renault_data_pipeline/data/renault_processed/210323/customers.csv
customer,210323,42061900,51.01,4.46,7,false,RECOVERED_FROM_FROZEN_ARTIFACT,renault_data_pipeline/data/renault_processed/210323/customers.csv
customer,210323,42065700,35.76,-5.83,1,false,RECOVERED_FROM_FROZEN_ARTIFACT,renault_data_pipeline/data/renault_processed/210323/customers.csv
customer,210323,42116300,44.63,24.27,11,false,RECOVERED_FROM_FROZEN_ARTIFACT,renault_data_pipeline/data/renault_processed/210323/customers.csv
customer,210323,42126700,35.66,-5.65,1,false,RECOVERED_FROM_FROZEN_ARTIFACT,renault_data_pipeline/data/renault_processed/210323/customers.csv
customer,210323,42143100,48.18,7.01,7,false,RECOVERED_FROM_FROZEN_ARTIFACT,renault_data_pipeline/data/renault_processed/210323/customers.csv
customer,210323,42162600,49.84,4.78,7,false,RECOVERED_FROM_FROZEN_ARTIFACT,renault_data_pipeline/data/renault_processed/210323/customers.csv
customer,210323,42204601,43.0,1.62,6,false,RECOVERED_FROM_FROZEN_ARTIFACT,renault_data_pipeline/data/renault_processed/210323/customers.csv
customer,210323,42209602,49.01,12.14,8,false,RECOVERED_FROM_FROZEN_ARTIFACT,renault_data_pipeline/data/renault_processed/210323/customers.csv
customer,210323,42259201,35.72,-5.91,1,false,RECOVERED_FROM_FROZEN_ARTIFACT,renault_data_pipeline/data/renault_processed/210323/customers.csv
customer,210323,42319000,43.55,10.48,7,false,RECOVERED_FROM_FROZEN_ARTIFACT,renault_data_pipeline/data/renault_processed/210323/customers.csv
customer,210323,42375705,48.06,-1.7,5,false,RECOVERED_FROM_FROZEN_ARTIFACT,renault_data_pipeline/data/renault_processed/210323/customers.csv
customer,210323,42435800,50.9,17.33,10,false,RECOVERED_FROM_FROZEN_ARTIFACT,renault_data_pipeline/data/renault_processed/210323/customers.csv
customer,210323,42454200,53.29,14.97,8,false,RECOVERED_FROM_FROZEN_ARTIFACT,renault_data_pipeline/data/renault_processed/210323/customers.csv
customer,210323,42506300,45.87,24.07,11,false,RECOVERED_FROM_FROZEN_ARTIFACT,renault_data_pipeline/data/renault_processed/210323/customers.csv
customer,210323,42529900,41.41,1.99,6,false,RECOVERED_FROM_FROZEN_ARTIFACT,renault_data_pipeline/data/renault_processed/210323/customers.csv
customer,210323,42529903,41.66,1.2,6,false,RECOVERED_FROM_FROZEN_ARTIFACT,renault_data_pipeline/data/renault_processed/210323/customers.csv
customer,210323,42571100,43.93,21.37,11,false,RECOVERED_FROM_FROZEN_ARTIFACT,renault_data_pipeline/data/renault_processed/210323/customers.csv
customer,210323,42583500,43.41,-3.85,2,false,RECOVERED_FROM_FROZEN_ARTIFACT,renault_data_pipeline/data/renault_processed/210323/customers.csv
customer,210323,60317300,48.03,5.32,7,false,RECOVERED_FROM_FROZEN_ARTIFACT,renault_data_pipeline/data/renault_processed/210323/customers.csv
customer,210323,60580903,45.84,8.79,7,false,RECOVERED_FROM_FROZEN_ARTIFACT,renault_data_pipeline/data/renault_processed/210323/customers.csv
customer,210323,61186900,47.08,21.91,9,false,RECOVERED_FROM_FROZEN_ARTIFACT,renault_data_pipeline/data/renault_processed/210323/customers.csv
customer,210323,61187700,45.22,24.94,11,false,RECOVERED_FROM_FROZEN_ARTIFACT,renault_data_pipeline/data/renault_processed/210323/customers.csv
customer,210323,61190700,44.8,25.08,11,false,RECOVERED_FROM_FROZEN_ARTIFACT,renault_data_pipeline/data/renault_processed/210323/customers.csv
customer,210323,61190900,45.8,24.18,11,false,RECOVERED_FROM_FROZEN_ARTIFACT,renault_data_pipeline/data/renault_processed/210323/customers.csv
customer,210323,61192100,44.44,24.38,11,false,RECOVERED_FROM_FROZEN_ARTIFACT,renault_data_pipeline/data/renault_processed/210323/customers.csv
customer,210323,61198602,44.88,24.86,11,false,RECOVERED_FROM_FROZEN_ARTIFACT,renault_data_pipeline/data/renault_processed/210323/customers.csv
customer,210323,61198605,45.29,25.06,11,false,RECOVERED_FROM_FROZEN_ARTIFACT,renault_data_pipeline/data/renault_processed/210323/customers.csv
customer,210323,61199400,44.88,24.85,11,false,RECOVERED_FROM_FROZEN_ARTIFACT,renault_data_pipeline/data/renault_processed/210323/customers.csv
customer,210323,61200700,47.05,21.97,11,false,RECOVERED_FROM_FROZEN_ARTIFACT,renault_data_pipeline/data/renault_processed/210323/customers.csv
customer,210323,61203901,45.73,21.17,11,false,RECOVERED_FROM_FROZEN_ARTIFACT,renault_data_pipeline/data/renault_processed/210323/customers.csv
customer,210323,61204301,44.99,24.94,11,false,RECOVERED_FROM_FROZEN_ARTIFACT,renault_data_pipeline/data/renault_processed/210323/customers.csv
customer,210323,61204502,44.98,24.97,11,false,RECOVERED_FROM_FROZEN_ARTIFACT,renault_data_pipeline/data/renault_processed/210323/customers.csv
customer,210323,61205600,45.66,25.54,11,false,RECOVERED_FROM_FROZEN_ARTIFACT,renault_data_pipeline/data/renault_processed/210323/customers.csv
customer,210323,61994202,46.17,14.57,9,false,RECOVERED_FROM_FROZEN_ARTIFACT,renault_data_pipeline/data/renault_processed/210323/customers.csv
customer,210323,61995901,45.94,15.14,9,false,RECOVERED_FROM_FROZEN_ARTIFACT,renault_data_pipeline/data/renault_processed/210323/customers.csv
customer,210323,61996300,45.95,15.06,9,false,RECOVERED_FROM_FROZEN_ARTIFACT,renault_data_pipeline/data/renault_processed/210323/customers.csv
customer,210323,61996400,45.8,15.18,9,false,RECOVERED_FROM_FROZEN_ARTIFACT,renault_data_pipeline/data/renault_processed/210323/customers.csv
customer,210323,61996402,45.77,14.2,9,false,RECOVERED_FROM_FROZEN_ARTIFACT,renault_data_pipeline/data/renault_processed/210323/customers.csv
customer,210323,61996404,45.93,14.98,9,false,RECOVERED_FROM_FROZEN_ARTIFACT,renault_data_pipeline/data/renault_processed/210323/customers.csv
customer,210323,62127500,46.34,15.43,9,false,RECOVERED_FROM_FROZEN_ARTIFACT,renault_data_pipeline/data/renault_processed/210323/customers.csv
depot,210323,9624708,45.78,4.88,,false,RECOVERED_FROM_FROZEN_ARTIFACT,renault_data_pipeline/data/renault_processed/210323/depots.csv
depot,210323,90016100,49.32,1.05,,false,RECOVERED_FROM_FROZEN_ARTIFACT,renault_data_pipeline/data/renault_processed/210323/depots.csv
depot,210323,90016200,50.28,3.91,,false,RECOVERED_FROM_FROZEN_ARTIFACT,renault_data_pipeline/data/renault_processed/210323/depots.csv
depot,210323,90016500,40.67,-8.62,,false,RECOVERED_FROM_FROZEN_ARTIFACT,renault_data_pipeline/data/renault_processed/210323/depots.csv
depot,210323,90016700,45.79,15.18,,false,RECOVERED_FROM_FROZEN_ARTIFACT,renault_data_pipeline/data/renault_processed/210323/depots.csv
depot,210323,90016900,49.17,5.98,,false,RECOVERED_FROM_FROZEN_ARTIFACT,renault_data_pipeline/data/renault_processed/210323/depots.csv
depot,210323,90017100,49.48,0.3,,false,RECOVERED_FROM_FROZEN_ARTIFACT,renault_data_pipeline/data/renault_processed/210323/depots.csv
depot,210323,90018300,49.91,1.09,,false,RECOVERED_FROM_FROZEN_ARTIFACT,renault_data_pipeline/data/renault_processed/210323/depots.csv
depot,210323,90019100,50.36,3.03,,false,RECOVERED_FROM_FROZEN_ARTIFACT,renault_data_pipeline/data/renault_processed/210323/depots.csv
depot,210323,91017300,41.61,-4.73,,false,RECOVERED_FROM_FROZEN_ARTIFACT,renault_data_pipeline/data/renault_processed/210323/depots.csv
depot,210323,91017500,37.43,-5.98,,false,RECOVERED_FROM_FROZEN_ARTIFACT,renault_data_pipeline/data/renault_processed/210323/depots.csv
depot,210323,91017600,41.61,-4.73,,false,RECOVERED_FROM_FROZEN_ARTIFACT,renault_data_pipeline/data/renault_processed/210323/depots.csv
depot,210323,91017700,41.61,-4.73,,false,RECOVERED_FROM_FROZEN_ARTIFACT,renault_data_pipeline/data/renault_processed/210323/depots.csv
customer,210428,37402,49.37,6.22,7,false,RECOVERED_FROM_FROZEN_ARTIFACT,renault_data_pipeline/data/renault_processed/210428/customers.csv
customer,210428,187312,46.84,0.54,5,false,RECOVERED_FROM_FROZEN_ARTIFACT,renault_data_pipeline/data/renault_processed/210428/customers.csv
customer,210428,187313,45.55,3.26,5,false,RECOVERED_FROM_FROZEN_ARTIFACT,renault_data_pipeline/data/renault_processed/210428/customers.csv
customer,210428,201504,48.68,1.54,5,false,RECOVERED_FROM_FROZEN_ARTIFACT,renault_data_pipeline/data/renault_processed/210428/customers.csv
customer,210428,239406,39.72,-8.93,2,false,RECOVERED_FROM_FROZEN_ARTIFACT,renault_data_pipeline/data/renault_processed/210428/customers.csv
customer,210428,239407,48.39,18.0,9,false,RECOVERED_FROM_FROZEN_ARTIFACT,renault_data_pipeline/data/renault_processed/210428/customers.csv
customer,210428,239412,48.36,0.37,5,false,RECOVERED_FROM_FROZEN_ARTIFACT,renault_data_pipeline/data/renault_processed/210428/customers.csv
customer,210428,239414,48.37,0.56,5,true,RECOVERED_FROM_FROZEN_ARTIFACT,renault_data_pipeline/data/renault_processed/210428/customers.csv
customer,210428,292606,46.79,21.63,9,false,RECOVERED_FROM_FROZEN_ARTIFACT,renault_data_pipeline/data/renault_processed/210428/customers.csv
customer,210428,322800,47.42,0.97,5,false,RECOVERED_FROM_FROZEN_ARTIFACT,renault_data_pipeline/data/renault_processed/210428/customers.csv
customer,210428,322802,48.98,1.89,5,false,RECOVERED_FROM_FROZEN_ARTIFACT,renault_data_pipeline/data/renault_processed/210428/customers.csv
customer,210428,440301,48.08,1.34,5,false,RECOVERED_FROM_FROZEN_ARTIFACT,renault_data_pipeline/data/renault_processed/210428/customers.csv
customer,210428,440384,47.69,-0.86,5,false,RECOVERED_FROM_FROZEN_ARTIFACT,renault_data_pipeline/data/renault_processed/210428/customers.csv
customer,210428,487216,46.54,3.35,7,false,RECOVERED_FROM_FROZEN_ARTIFACT,renault_data_pipeline/data/renault_processed/210428/customers.csv
customer,210428,487232,48.69,8.12,7,false,RECOVERED_FROM_FROZEN_ARTIFACT,renault_data_pipeline/data/renault_processed/210428/customers.csv
customer,210428,487248,41.31,1.63,6,false,RECOVERED_FROM_FROZEN_ARTIFACT,renault_data_pipeline/data/renault_processed/210428/customers.csv
customer,210428,487282,50.94,5.49,7,false,RECOVERED_FROM_FROZEN_ARTIFACT,renault_data_pipeline/data/renault_processed/210428/customers.csv
customer,210428,631303,48.02,2.72,5,false,RECOVERED_FROM_FROZEN_ARTIFACT,renault_data_pipeline/data/renault_processed/210428/customers.csv
customer,210428,679301,49.46,5.86,7,false,RECOVERED_FROM_FROZEN_ARTIFACT,renault_data_pipeline/data/renault_processed/210428/customers.csv
customer,210428,772511,49.94,2.27,5,false,RECOVERED_FROM_FROZEN_ARTIFACT,renault_data_pipeline/data/renault_processed/210428/customers.csv
customer,210428,785509,45.87,1.27,5,false,RECOVERED_FROM_FROZEN_ARTIFACT,renault_data_pipeline/data/renault_processed/210428/customers.csv
customer,210428,796810,48.04,1.87,5,false,RECOVERED_FROM_FROZEN_ARTIFACT,renault_data_pipeline/data/renault_processed/210428/customers.csv
customer,210428,865704,47.98,0.26,5,false,RECOVERED_FROM_FROZEN_ARTIFACT,renault_data_pipeline/data/renault_processed/210428/customers.csv
customer,210428,923601,49.44,1.91,5,false,RECOVERED_FROM_FROZEN_ARTIFACT,renault_data_pipeline/data/renault_processed/210428/customers.csv
customer,210428,923606,44.1,1.1,6,false,RECOVERED_FROM_FROZEN_ARTIFACT,renault_data_pipeline/data/renault_processed/210428/customers.csv
customer,210428,923610,41.54,2.04,6,false,RECOVERED_FROM_FROZEN_ARTIFACT,renault_data_pipeline/data/renault_processed/210428/customers.csv
customer,210428,923613,48.38,18.4,9,false,RECOVERED_FROM_FROZEN_ARTIFACT,renault_data_pipeline/data/renault_processed/210428/customers.csv
customer,210428,923619,44.84,24.89,11,false,RECOVERED_FROM_FROZEN_ARTIFACT,renault_data_pipeline/data/renault_processed/210428/customers.csv
customer,210428,923681,49.44,1.9,5,false,RECOVERED_FROM_FROZEN_ARTIFACT,renault_data_pipeline/data/renault_processed/210428/customers.csv
customer,210428,1295500,49.22,2.13,5,false,RECOVERED_FROM_FROZEN_ARTIFACT,renault_data_pipeline/data/renault_processed/210428/customers.csv
customer,210428,1295511,50.51,2.47,7,false,RECOVERED_FROM_FROZEN_ARTIFACT,renault_data_pipeline/data/renault_processed/210428/customers.csv
customer,210428,1295538,43.53,16.49,9,false,RECOVERED_FROM_FROZEN_ARTIFACT,renault_data_pipeline/data/renault_processed/210428/customers.csv
customer,210428,1295540,49.22,2.13,5,false,RECOVERED_FROM_FROZEN_ARTIFACT,renault_data_pipeline/data/renault_processed/210428/customers.csv
customer,210428,1295541,49.22,2.13,5,false,RECOVERED_FROM_FROZEN_ARTIFACT,renault_data_pipeline/data/renault_processed/210428/customers.csv
customer,210428,1341000,47.66,-2.71,5,false,RECOVERED_FROM_FROZEN_ARTIFACT,renault_data_pipeline/data/renault_processed/210428/customers.csv
customer,210428,1343400,48.77,1.18,5,false,RECOVERED_FROM_FROZEN_ARTIFACT,renault_data_pipeline/data/renault_processed/210428/customers.csv
customer,210428,1349826,44.89,24.84,11,false,RECOVERED_FROM_FROZEN_ARTIFACT,renault_data_pipeline/data/renault_processed/210428/customers.csv
customer,210428,1349831,33.79,-7.16,1,false,RECOVERED_FROM_FROZEN_ARTIFACT,renault_data_pipeline/data/renault_processed/210428/customers.csv
customer,210428,1470709,44.38,4.97,6,false,RECOVERED_FROM_FROZEN_ARTIFACT,renault_data_pipeline/data/renault_processed/210428/customers.csv
customer,210428,1607201,47.97,3.54,7,false,RECOVERED_FROM_FROZEN_ARTIFACT,renault_data_pipeline/data/renault_processed/210428/customers.csv
customer,210428,1650000,48.52,2.63,5,false,RECOVERED_FROM_FROZEN_ARTIFACT,renault_data_pipeline/data/renault_processed/210428/customers.csv
customer,210428,1665700,45.48,4.52,7,false,RECOVERED_FROM_FROZEN_ARTIFACT,renault_data_pipeline/data/renault_processed/210428/customers.csv
customer,210428,1689201,49.29,6.53,7,false,RECOVERED_FROM_FROZEN_ARTIFACT,renault_data_pipeline/data/renault_processed/210428/customers.csv
customer,210428,1746907,49.19,6.7,7,false,RECOVERED_FROM_FROZEN_ARTIFACT,renault_data_pipeline/data/renault_processed/210428/customers.csv
customer,210428,1834600,46.07,6.4,7,false,RECOVERED_FROM_FROZEN_ARTIFACT,renault_data_pipeline/data/renault_processed/210428/customers.csv
customer,210428,1925700,50.54,2.99,7,false,RECOVERED_FROM_FROZEN_ARTIFACT,renault_data_pipeline/data/renault_processed/210428/customers.csv
customer,210428,1925732,41.89,-5.06,2,true,RECOVERED_FROM_FROZEN_ARTIFACT,renault_data_pipeline/data/renault_processed/210428/customers.csv
customer,210428,1925734,43.53,16.49,9,false,RECOVERED_FROM_FROZEN_ARTIFACT,renault_data_pipeline/data/renault_processed/210428/customers.csv
customer,210428,1955904,48.88,2.47,5,false,RECOVERED_FROM_FROZEN_ARTIFACT,renault_data_pipeline/data/renault_processed/210428/customers.csv
customer,210428,1960400,45.89,4.82,7,false,RECOVERED_FROM_FROZEN_ARTIFACT,renault_data_pipeline/data/renault_processed/210428/customers.csv
customer,210428,1994200,49.21,0.71,5,false,RECOVERED_FROM_FROZEN_ARTIFACT,renault_data_pipeline/data/renault_processed/210428/customers.csv
customer,210428,1994201,47.36,0.9,5,false,RECOVERED_FROM_FROZEN_ARTIFACT,renault_data_pipeline/data/renault_processed/210428/customers.csv
customer,210428,2096306,50.99,10.35,8,false,RECOVERED_FROM_FROZEN_ARTIFACT,renault_data_pipeline/data/renault_processed/210428/customers.csv
customer,210428,2096343,46.54,3.35,7,false,RECOVERED_FROM_FROZEN_ARTIFACT,renault_data_pipeline/data/renault_processed/210428/customers.csv
customer,210428,2096394,48.93,9.12,8,false,RECOVERED_FROM_FROZEN_ARTIFACT,renault_data_pipeline/data/renault_processed/210428/customers.csv
customer,210428,2115302,50.77,7.94,8,false,RECOVERED_FROM_FROZEN_ARTIFACT,renault_data_pipeline/data/renault_processed/210428/customers.csv
customer,210428,2154104,51.53,7.08,7,false,RECOVERED_FROM_FROZEN_ARTIFACT,renault_data_pipeline/data/renault_processed/210428/customers.csv
customer,210428,2192718,52.59,8.34,8,false,RECOVERED_FROM_FROZEN_ARTIFACT,renault_data_pipeline/data/renault_processed/210428/customers.csv
customer,210428,2318606,47.14,18.42,9,false,RECOVERED_FROM_FROZEN_ARTIFACT,renault_data_pipeline/data/renault_processed/210428/customers.csv
customer,210428,2325204,50.35,7.49,7,false,RECOVERED_FROM_FROZEN_ARTIFACT,renault_data_pipeline/data/renault_processed/210428/customers.csv
customer,210428,2370600,45.07,7.54,7,false,RECOVERED_FROM_FROZEN_ARTIFACT,renault_data_pipeline/data/renault_processed/210428/customers.csv
customer,210428,2395801,49.87,8.79,8,false,RECOVERED_FROM_FROZEN_ARTIFACT,renault_data_pipeline/data/renault_processed/210428/customers.csv
customer,210428,2407003,45.61,9.22,7,false,RECOVERED_FROM_FROZEN_ARTIFACT,renault_data_pipeline/data/renault_processed/210428/customers.csv
customer,210428,2417604,42.73,-1.61,3,false,RECOVERED_FROM_FROZEN_ARTIFACT,renault_data_pipeline/data/renault_processed/210428/customers.csv
customer,210428,2425700,40.85,-8.48,2,false,RECOVERED_FROM_FROZEN_ARTIFACT,renault_data_pipeline/data/renault_processed/210428/customers.csv
customer,210428,2477601,52.46,8.39,8,false,RECOVERED_FROM_FROZEN_ARTIFACT,renault_data_pipeline/data/renault_processed/210428/customers.csv
customer,210428,2487200,41.65,-4.73,2,false,RECOVERED_FROM_FROZEN_ARTIFACT,renault_data_pipeline/data/renault_processed/210428/customers.csv
customer,210428,2488101,43.31,-2.46,2,false,RECOVERED_FROM_FROZEN_ARTIFACT,renault_data_pipeline/data/renault_processed/210428/customers.csv
customer,210428,2488800,42.46,-2.41,2,false,RECOVERED_FROM_FROZEN_ARTIFACT,renault_data_pipeline/data/renault_processed/210428/customers.csv
customer,210428,2488803,35.77,-5.8,1,false,RECOVERED_FROM_FROZEN_ARTIFACT,renault_data_pipeline/data/renault_processed/210428/customers.csv
customer,210428,2488804,42.46,-2.41,2,false,RECOVERED_FROM_FROZEN_ARTIFACT,renault_data_pipeline/data/renault_processed/210428/customers.csv
customer,210428,2496900,43.17,-2.61,2,false,RECOVERED_FROM_FROZEN_ARTIFACT,renault_data_pipeline/data/renault_processed/210428/customers.csv
customer,210428,2504100,41.69,-0.97,6,false,RECOVERED_FROM_FROZEN_ARTIFACT,renault_data_pipeline/data/renault_processed/210428/customers.csv
customer,210428,2509303,42.34,-3.62,2,false,RECOVERED_FROM_FROZEN_ARTIFACT,renault_data_pipeline/data/renault_processed/210428/customers.csv
customer,210428,2515600,41.2,-8.61,2,false,RECOVERED_FROM_FROZEN_ARTIFACT,renault_data_pipeline/data/renault_processed/210428/customers.csv
customer,210428,2519301,42.29,-7.82,2,false,RECOVERED_FROM_FROZEN_ARTIFACT,renault_data_pipeline/data/renault_processed/210428/customers.csv
customer,210428,2519302,41.28,-4.68,2,false,RECOVERED_FROM_FROZEN_ARTIFACT,renault_data_pipeline/data/renault_processed/210428/customers.csv
customer,210428,2519305,40.96,-4.21,3,false,RECOVERED_FROM_FROZEN_ARTIFACT,renault_data_pipeline/data/renault_processed/210428/customers.csv
customer,210428,2555100,43.3,-2.67,2,false,RECOVERED_FROM_FROZEN_ARTIFACT,renault_data_pipeline/data/renault_processed/210428/customers.csv
customer,210428,2555101,43.0,-1.66,2,false,RECOVERED_FROM_FROZEN_ARTIFACT,renault_data_pipeline/data/renault_processed/210428/customers.csv
customer,210428,2555108,43.2,-2.71,2,false,RECOVERED_FROM_FROZEN_ARTIFACT,renault_data_pipeline/data/renault_processed/210428/customers.csv
customer,210428,2555900,39.56,-1.93,3,false,RECOVERED_FROM_FROZEN_ARTIFACT,renault_data_pipeline/data/renault_processed/210428/customers.csv
customer,210428,2555901,39.56,-1.93,3,false,RECOVERED_FROM_FROZEN_ARTIFACT,renault_data_pipeline/data/renault_processed/210428/customers.csv
customer,210428,2562800,40.32,-3.46,3,false,RECOVERED_FROM_FROZEN_ARTIFACT,renault_data_pipeline/data/renault_processed/210428/customers.csv
customer,210428,2565001,40.54,-7.24,2,false,RECOVERED_FROM_FROZEN_ARTIFACT,renault_data_pipeline/data/renault_processed/210428/customers.csv
customer,210428,2567601,41.39,1.15,6,false,RECOVERED_FROM_FROZEN_ARTIFACT,renault_data_pipeline/data/renault_processed/210428/customers.csv
customer,210428,2570801,42.21,-8.76,2,false,RECOVERED_FROM_FROZEN_ARTIFACT,renault_data_pipeline/data/renault_processed/210428/customers.csv
customer,210428,2571500,40.49,-3.41,3,true,RECOVERED_FROM_FROZEN_ARTIFACT,renault_data_pipeline/data/renault_processed/210428/customers.csv
customer,210428,2571703,45.37,7.67,7,false,RECOVERED_FROM_FROZEN_ARTIFACT,renault_data_pipeline/data/renault_processed/210428/customers.csv
customer,210428,2573201,40.12,-3.66,3,false,RECOVERED_FROM_FROZEN_ARTIFACT,renault_data_pipeline/data/renault_processed/210428/customers.csv
customer,210428,2573202,41.83,-4.56,2,false,RECOVERED_FROM_FROZEN_ARTIFACT,renault_data_pipeline/data/renault_processed/210428/customers.csv
customer,210428,2573203,41.96,-8.68,2,false,RECOVERED_FROM_FROZEN_ARTIFACT,renault_data_pipeline/data/renault_processed/210428/customers.csv
customer,210428,2573206,41.78,1.86,6,false,RECOVERED_FROM_FROZEN_ARTIFACT,renault_data_pipeline/data/renault_processed/210428/customers.csv
customer,210428,2573209,40.88,-8.44,2,false,RECOVERED_FROM_FROZEN_ARTIFACT,renault_data_pipeline/data/renault_processed/210428/customers.csv
customer,210428,2573210,42.13,-8.63,2,false,RECOVERED_FROM_FROZEN_ARTIFACT,renault_data_pipeline/data/renault_processed/210428/customers.csv
customer,210428,2573211,38.09,-3.66,3,false,RECOVERED_FROM_FROZEN_ARTIFACT,renault_data_pipeline/data/renault_processed/210428/customers.csv
customer,210428,2573214,47.38,18.19,9,false,RECOVERED_FROM_FROZEN_ARTIFACT,renault_data_pipeline/data/renault_processed/210428/customers.csv
customer,210428,2573215,42.82,-1.7,2,false,RECOVERED_FROM_FROZEN_ARTIFACT,renault_data_pipeline/data/renault_processed/210428/customers.csv
customer,210428,2573218,42.75,-1.64,3,false,RECOVERED_FROM_FROZEN_ARTIFACT,renault_data_pipeline/data/renault_processed/210428/customers.csv
customer,210428,2573220,48.73,2.73,5,false,RECOVERED_FROM_FROZEN_ARTIFACT,renault_data_pipeline/data/renault_processed/210428/customers.csv
customer,210428,2573221,48.73,2.73,5,false,RECOVERED_FROM_FROZEN_ARTIFACT,renault_data_pipeline/data/renault_processed/210428/customers.csv
customer,210428,2573222,48.26,0.69,5,false,RECOVERED_FROM_FROZEN_ARTIFACT,renault_data_pipeline/data/renault_processed/210428/customers.csv
customer,210428,2573223,48.29,2.21,5,false,RECOVERED_FROM_FROZEN_ARTIFACT,renault_data_pipeline/data/renault_processed/210428/customers.csv
customer,210428,2573224,49.54,0.36,5,false,RECOVERED_FROM_FROZEN_ARTIFACT,renault_data_pipeline/data/renault_processed/210428/customers.csv
customer,210428,2573225,50.06,3.14,7,false,RECOVERED_FROM_FROZEN_ARTIFACT,renault_data_pipeline/data/renault_processed/210428/customers.csv
customer,210428,2573227,54.92,-1.51,4,false,RECOVERED_FROM_FROZEN_ARTIFACT,renault_data_pipeline/data/renault_processed/210428/customers.csv
customer,210428,2573228,41.74,-1.19,3,false,RECOVERED_FROM_FROZEN_ARTIFACT,renault_data_pipeline/data/renault_processed/210428/customers.csv
customer,210428,2574200,42.36,-3.65,2,false,RECOVERED_FROM_FROZEN_ARTIFACT,renault_data_pipeline/data/renault_processed/210428/customers.csv
customer,210428,2576707,40.27,-3.74,3,false,RECOVERED_FROM_FROZEN_ARTIFACT,renault_data_pipeline/data/renault_processed/210428/customers.csv
customer,210428,2577101,41.78,-2.48,3,false,RECOVERED_FROM_FROZEN_ARTIFACT,renault_data_pipeline/data/renault_processed/210428/customers.csv
customer,210428,2577103,41.56,1.96,6,false,RECOVERED_FROM_FROZEN_ARTIFACT,renault_data_pipeline/data/renault_processed/210428/customers.csv
customer,210428,2578801,39.37,-0.43,3,false,RECOVERED_FROM_FROZEN_ARTIFACT,renault_data_pipeline/data/renault_processed/210428/customers.csv
customer,210428,2578901,42.0,-4.52,2,false,RECOVERED_FROM_FROZEN_ARTIFACT,renault_data_pipeline/data/renault_processed/210428/customers.csv
customer,210428,2579000,41.54,2.04,6,false,RECOVERED_FROM_FROZEN_ARTIFACT,renault_data_pipeline/data/renault_processed/210428/customers.csv
customer,210428,2585202,41.89,-1.71,3,false,RECOVERED_FROM_FROZEN_ARTIFACT,renault_data_pipeline/data/renault_processed/210428/customers.csv
customer,210428,2586306,41.47,2.03,6,false,RECOVERED_FROM_FROZEN_ARTIFACT,renault_data_pipeline/data/renault_processed/210428/customers.csv
customer,210428,2586307,42.39,-7.14,2,false,RECOVERED_FROM_FROZEN_ARTIFACT,renault_data_pipeline/data/renault_processed/210428/customers.csv
customer,210428,2588400,43.18,-2.52,2,false,RECOVERED_FROM_FROZEN_ARTIFACT,renault_data_pipeline/data/renault_processed/210428/customers.csv
customer,210428,2588603,41.56,1.96,6,false,RECOVERED_FROM_FROZEN_ARTIFACT,renault_data_pipeline/data/renault_processed/210428/customers.csv
customer,210428,2590706,40.33,-3.74,3,false,RECOVERED_FROM_FROZEN_ARTIFACT,renault_data_pipeline/data/renault_processed/210428/customers.csv
customer,210428,2594900,43.14,-2.49,2,false,RECOVERED_FROM_FROZEN_ARTIFACT,renault_data_pipeline/data/renault_processed/210428/customers.csv
customer,210428,2594901,43.14,-2.49,2,false,RECOVERED_FROM_FROZEN_ARTIFACT,renault_data_pipeline/data/renault_processed/210428/customers.csv
customer,210428,2617600,40.89,-8.48,2,false,RECOVERED_FROM_FROZEN_ARTIFACT,renault_data_pipeline/data/renault_processed/210428/customers.csv
customer,210428,2618500,40.88,-8.49,2,false,RECOVERED_FROM_FROZEN_ARTIFACT,renault_data_pipeline/data/renault_processed/210428/customers.csv
customer,210428,2621400,40.55,-3.27,3,false,RECOVERED_FROM_FROZEN_ARTIFACT,renault_data_pipeline/data/renault_processed/210428/customers.csv
customer,210428,2671602,45.2,7.89,7,false,RECOVERED_FROM_FROZEN_ARTIFACT,renault_data_pipeline/data/renault_processed/210428/customers.csv
customer,210428,2683900,51.25,6.99,7,false,RECOVERED_FROM_FROZEN_ARTIFACT,renault_data_pipeline/data/renault_processed/210428/customers.csv
customer,210428,2695000,44.93,7.84,7,false,RECOVERED_FROM_FROZEN_ARTIFACT,renault_data_pipeline/data/renault_processed/210428/customers.csv
customer,210428,2705001,41.31,1.63,6,false,RECOVERED_FROM_FROZEN_ARTIFACT,renault_data_pipeline/data/renault_processed/210428/customers.csv
customer,210428,2705012,41.62,2.25,6,false,RECOVERED_FROM_FROZEN_ARTIFACT,renault_data_pipeline/data/renault_processed/210428/customers.csv
customer,210428,2706302,40.63,-4.02,3,false,RECOVERED_FROM_FROZEN_ARTIFACT,renault_data_pipeline/data/renault_processed/210428/customers.csv
customer,210428,2727900,41.32,1.65,6,false,RECOVERED_FROM_FROZEN_ARTIFACT,renault_data_pipeline/data/renault_processed/210428/customers.csv
customer,210428,2744302,39.48,-8.18,2,false,RECOVERED_FROM_FROZEN_ARTIFACT,renault_data_pipeline/data/renault_processed/210428/customers.csv
customer,210428,2755800,42.56,12.6,9,false,RECOVERED_FROM_FROZEN_ARTIFACT,renault_data_pipeline/data/renault_processed/210428/customers.csv
customer,210428,2773200,51.09,7.04,7,false,RECOVERED_FROM_FROZEN_ARTIFACT,renault_data_pipeline/data/renault_processed/210428/customers.csv
customer,210428,2777900,43.53,16.49,9,false,RECOVERED_FROM_FROZEN_ARTIFACT,renault_data_pipeline/data/renault_processed/210428/customers.csv
customer,210428,2777901,45.81,15.88,9,false,RECOVERED_FROM_FROZEN_ARTIFACT,renault_data_pipeline/data/renault_processed/210428/customers.csv
customer,210428,2777907,46.18,15.85,9,false,RECOVERED_FROM_FROZEN_ARTIFACT,renault_data_pipeline/data/renault_processed/210428/customers.csv
customer,210428,2782800,41.55,1.68,6,false,RECOVERED_FROM_FROZEN_ARTIFACT,renault_data_pipeline/data/renault_processed/210428/customers.csv
customer,210428,2784400,47.31,7.87,7,false,RECOVERED_FROM_FROZEN_ARTIFACT,renault_data_pipeline/data/renault_processed/210428/customers.csv
customer,210428,2801802,43.07,-2.51,2,false,RECOVERED_FROM_FROZEN_ARTIFACT,renault_data_pipeline/data/renault_processed/210428/customers.csv
customer,210428,2801804,43.06,-2.49,2,false,RECOVERED_FROM_FROZEN_ARTIFACT,renault_data_pipeline/data/renault_processed/210428/customers.csv
customer,210428,2809400,50.43,15.38,10,false,RECOVERED_FROM_FROZEN_ARTIFACT,renault_data_pipeline/data/renault_processed/210428/customers.csv
customer,210428,2809407,50.62,16.08,10,false,RECOVERED_FROM_FROZEN_ARTIFACT,renault_data_pipeline/data/renault_processed/210428/customers.csv
customer,210428,2809600,41.54,2.16,6,false,RECOVERED_FROM_FROZEN_ARTIFACT,renault_data_pipeline/data/renault_processed/210428/customers.csv
customer,210428,2812100,46.38,15.39,9,false,RECOVERED_FROM_FROZEN_ARTIFACT,renault_data_pipeline/data/renault_processed/210428/customers.csv
customer,210428,2814600,41.57,1.67,6,true,RECOVERED_FROM_FROZEN_ARTIFACT,renault_data_pipeline/data/renault_processed/210428/customers.csv
customer,210428,2814605,41.58,1.65,6,false,RECOVERED_FROM_FROZEN_ARTIFACT,renault_data_pipeline/data/renault_processed/210428/customers.csv
customer,210428,2814606,41.96,-4.49,2,false,RECOVERED_FROM_FROZEN_ARTIFACT,renault_data_pipeline/data/renault_processed/210428/customers.csv
customer,210428,2819800,47.93,10.86,8,false,RECOVERED_FROM_FROZEN_ARTIFACT,renault_data_pipeline/data/renault_processed/210428/customers.csv
customer,210428,2820700,50.69,15.15,8,false,RECOVERED_FROM_FROZEN_ARTIFACT,renault_data_pipeline/data/renault_processed/210428/customers.csv
customer,210428,2823500,51.2,7.82,8,false,RECOVERED_FROM_FROZEN_ARTIFACT,renault_data_pipeline/data/renault_processed/210428/customers.csv
customer,210428,2831000,51.24,6.73,7,false,RECOVERED_FROM_FROZEN_ARTIFACT,renault_data_pipeline/data/renault_processed/210428/customers.csv
customer,210428,2860900,48.33,11.31,8,false,RECOVERED_FROM_FROZEN_ARTIFACT,renault_data_pipeline/data/renault_processed/210428/customers.csv
customer,210428,2870302,51.7,-4.13,4,false,RECOVERED_FROM_FROZEN_ARTIFACT,renault_data_pipeline/data/renault_processed/210428/customers.csv
customer,210428,2870900,54.77,-1.37,4,false,RECOVERED_FROM_FROZEN_ARTIFACT,renault_data_pipeline/data/renault_processed/210428/customers.csv
customer,210428,2878000,41.64,-0.98,6,false,RECOVERED_FROM_FROZEN_ARTIFACT,renault_data_pipeline/data/renault_processed/210428/customers.csv
customer,210428,2884100,43.16,-2.78,2,false,RECOVERED_FROM_FROZEN_ARTIFACT,renault_data_pipeline/data/renault_processed/210428/customers.csv
customer,210428,2884103,42.83,-1.6,3,false,RECOVERED_FROM_FROZEN_ARTIFACT,renault_data_pipeline/data/renault_processed/210428/customers.csv
customer,210428,2884108,43.21,-3.13,2,false,RECOVERED_FROM_FROZEN_ARTIFACT,renault_data_pipeline/data/renault_processed/210428/customers.csv
customer,210428,2888800,41.58,2.25,6,false,RECOVERED_FROM_FROZEN_ARTIFACT,renault_data_pipeline/data/renault_processed/210428/customers.csv
customer,210428,2888802,41.6,-1.27,3,false,RECOVERED_FROM_FROZEN_ARTIFACT,renault_data_pipeline/data/renault_processed/210428/customers.csv
customer,210428,2901101,41.08,-4.73,2,false,RECOVERED_FROM_FROZEN_ARTIFACT,renault_data_pipeline/data/renault_processed/210428/customers.csv
customer,210428,2901110,43.0,-1.66,2,false,RECOVERED_FROM_FROZEN_ARTIFACT,renault_data_pipeline/data/renault_processed/210428/customers.csv
customer,210428,2901122,45.83,8.74,7,false,RECOVERED_FROM_FROZEN_ARTIFACT,renault_data_pipeline/data/renault_processed/210428/customers.csv
customer,210428,2909102,41.32,2.14,6,false,RECOVERED_FROM_FROZEN_ARTIFACT,renault_data_pipeline/data/renault_processed/210428/customers.csv
customer,210428,2926700,44.72,10.56,8,false,RECOVERED_FROM_FROZEN_ARTIFACT,renault_data_pipeline/data/renault_processed/210428/customers.csv
customer,210428,2928900,42.2,-8.76,2,false,RECOVERED_FROM_FROZEN_ARTIFACT,renault_data_pipeline/data/renault_processed/210428/customers.csv
customer,210428,2956702,42.86,-2.66,2,false,RECOVERED_FROM_FROZEN_ARTIFACT,renault_data_pipeline/data/renault_processed/210428/customers.csv
customer,210428,2971803,49.98,19.83,10,false,RECOVERED_FROM_FROZEN_ARTIFACT,renault_data_pipeline/data/renault_processed/210428/customers.csv
customer,210428,2983607,43.25,-4.06,2,false,RECOVERED_FROM_FROZEN_ARTIFACT,renault_data_pipeline/data/renault_processed/210428/customers.csv
customer,210428,3043100,48.15,7.55,7,false,RECOVERED_FROM_FROZEN_ARTIFACT,renault_data_pipeline/data/renault_processed/210428/customers.csv
customer,210428,3043102,49.6,5.08,7,false,RECOVERED_FROM_FROZEN_ARTIFACT,renault_data_pipeline/data/renault_processed/210428/customers.csv
customer,210428,3043109,50.1,11.38,8,true,RECOVERED_FROM_FROZEN_ARTIFACT,renault_data_pipeline/data/renault_processed/210428/customers.csv
customer,210428,3161400,47.29,5.02,7,false,RECOVERED_FROM_FROZEN_ARTIFACT,renault_data_pipeline/data/renault_processed/210428/customers.csv
customer,210428,3238100,48.96,2.96,7,false,RECOVERED_FROM_FROZEN_ARTIFACT,renault_data_pipeline/data/renault_processed/210428/customers.csv
customer,210428,3238102,49.23,1.17,5,false,RECOVERED_FROM_FROZEN_ARTIFACT,renault_data_pipeline/data/renault_processed/210428/customers.csv
customer,210428,3300400,46.36,2.6,5,false,RECOVERED_FROM_FROZEN_ARTIFACT,renault_data_pipeline/data/renault_processed/210428/customers.csv
customer,210428,3304500,49.02,2.17,5,false,RECOVERED_FROM_FROZEN_ARTIFACT,renault_data_pipeline/data/renault_processed/210428/customers.csv
customer,210428,3304502,49.22,2.13,5,false,RECOVERED_FROM_FROZEN_ARTIFACT,renault_data_pipeline/data/renault_processed/210428/customers.csv
customer,210428,3318800,49.1,1.6,5,false,RECOVERED_FROM_FROZEN_ARTIFACT,renault_data_pipeline/data/renault_processed/210428/customers.csv
customer,210428,3326801,46.08,6.5,7,false,RECOVERED_FROM_FROZEN_ARTIFACT,renault_data_pipeline/data/renault_processed/210428/customers.csv
customer,210428,3385400,46.06,6.57,7,false,RECOVERED_FROM_FROZEN_ARTIFACT,renault_data_pipeline/data/renault_processed/210428/customers.csv
customer,210428,3699203,49.87,2.53,7,false,RECOVERED_FROM_FROZEN_ARTIFACT,renault_data_pipeline/data/renault_processed/210428/customers.csv
customer,210428,3699209,40.1,-3.63,3,false,RECOVERED_FROM_FROZEN_ARTIFACT,renault_data_pipeline/data/renault_processed/210428/customers.csv
customer,210428,3699213,50.49,3.0,7,false,RECOVERED_FROM_FROZEN_ARTIFACT,renault_data_pipeline/data/renault_processed/210428/customers.csv
customer,210428,3699223,47.77,-0.27,5,false,RECOVERED_FROM_FROZEN_ARTIFACT,renault_data_pipeline/data/renault_processed/210428/customers.csv
customer,210428,3699225,48.85,-0.88,5,false,RECOVERED_FROM_FROZEN_ARTIFACT,renault_data_pipeline/data/renault_processed/210428/customers.csv
customer,210428,3709900,45.74,4.23,7,false,RECOVERED_FROM_FROZEN_ARTIFACT,renault_data_pipeline/data/renault_processed/210428/customers.csv
customer,210428,3782011,49.95,3.47,7,false,RECOVERED_FROM_FROZEN_ARTIFACT,renault_data_pipeline/data/renault_processed/210428/customers.csv
customer,210428,5083600,49.99,1.88,5,false,RECOVERED_FROM_FROZEN_ARTIFACT,renault_data_pipeline/data/renault_processed/210428/customers.csv
customer,210428,5248801,52.46,8.38,8,false,RECOVERED_FROM_FROZEN_ARTIFACT,renault_data_pipeline/data/renault_processed/210428/customers.csv
customer,210428,5315103,48.31,-0.06,5,false,RECOVERED_FROM_FROZEN_ARTIFACT,renault_data_pipeline/data/renault_processed/210428/customers.csv
customer,210428,5345308,54.76,-1.36,4,false,RECOVERED_FROM_FROZEN_ARTIFACT,renault_data_pipeline/data/renault_processed/210428/customers.csv
customer,210428,5345312,51.59,5.03,7,false,RECOVERED_FROM_FROZEN_ARTIFACT,renault_data_pipeline/data/renault_processed/210428/customers.csv
customer,210428,5594513,49.77,1.98,5,false,RECOVERED_FROM_FROZEN_ARTIFACT,renault_data_pipeline/data/renault_processed/210428/customers.csv
customer,210428,5877915,50.44,10.31,8,false,RECOVERED_FROM_FROZEN_ARTIFACT,renault_data_pipeline/data/renault_processed/210428/customers.csv
customer,210428,5898201,47.21,5.9,7,false,RECOVERED_FROM_FROZEN_ARTIFACT,renault_data_pipeline/data/renault_processed/210428/customers.csv
customer,210428,5915200,45.82,4.99,7,false,RECOVERED_FROM_FROZEN_ARTIFACT,renault_data_pipeline/data/renault_processed/210428/customers.csv
customer,210428,5965102,46.19,5.81,7,false,RECOVERED_FROM_FROZEN_ARTIFACT,renault_data_pipeline/data/renault_processed/210428/customers.csv
customer,210428,5965103,44.03,4.98,6,false,RECOVERED_FROM_FROZEN_ARTIFACT,renault_data_pipeline/data/renault_processed/210428/customers.csv
customer,210428,5965113,49.49,1.73,5,false,RECOVERED_FROM_FROZEN_ARTIFACT,renault_data_pipeline/data/renault_processed/210428/customers.csv
customer,210428,5965114,45.33,5.05,7,false,RECOVERED_FROM_FROZEN_ARTIFACT,renault_data_pipeline/data/renault_processed/210428/customers.csv
customer,210428,5965115,49.77,2.92,7,false,RECOVERED_FROM_FROZEN_ARTIFACT,renault_data_pipeline/data/renault_processed/210428/customers.csv
customer,210428,5965120,44.03,4.98,6,false,RECOVERED_FROM_FROZEN_ARTIFACT,renault_data_pipeline/data/renault_processed/210428/customers.csv
customer,210428,6002303,49.57,3.02,7,false,RECOVERED_FROM_FROZEN_ARTIFACT,renault_data_pipeline/data/renault_processed/210428/customers.csv
customer,210428,6193205,47.76,7.3,7,false,RECOVERED_FROM_FROZEN_ARTIFACT,renault_data_pipeline/data/renault_processed/210428/customers.csv
customer,210428,6234902,50.4,1.96,5,false,RECOVERED_FROM_FROZEN_ARTIFACT,renault_data_pipeline/data/renault_processed/210428/customers.csv
customer,210428,6353501,49.65,3.29,7,false,RECOVERED_FROM_FROZEN_ARTIFACT,renault_data_pipeline/data/renault_processed/210428/customers.csv
customer,210428,6487400,43.56,1.39,6,false,RECOVERED_FROM_FROZEN_ARTIFACT,renault_data_pipeline/data/renault_processed/210428/customers.csv
customer,210428,6487405,43.0,1.62,6,false,RECOVERED_FROM_FROZEN_ARTIFACT,renault_data_pipeline/data/renault_processed/210428/customers.csv
customer,210428,6665215,47.85,2.74,5,false,RECOVERED_FROM_FROZEN_ARTIFACT,renault_data_pipeline/data/renault_processed/210428/customers.csv
customer,210428,6681302,48.82,6.72,7,false,RECOVERED_FROM_FROZEN_ARTIFACT,renault_data_pipeline/data/renault_processed/210428/customers.csv
customer,210428,6701102,49.27,4.01,7,false,RECOVERED_FROM_FROZEN_ARTIFACT,renault_data_pipeline/data/renault_processed/210428/customers.csv
customer,210428,6701103,48.08,-0.75,5,false,RECOVERED_FROM_FROZEN_ARTIFACT,renault_data_pipeline/data/renault_processed/210428/customers.csv
customer,210428,7204704,50.4,2.98,7,false,RECOVERED_FROM_FROZEN_ARTIFACT,renault_data_pipeline/data/renault_processed/210428/customers.csv
customer,210428,7235904,48.82,4.98,7,true,RECOVERED_FROM_FROZEN_ARTIFACT,renault_data_pipeline/data/renault_processed/210428/customers.csv
customer,210428,7235905,48.4,5.16,7,false,RECOVERED_FROM_FROZEN_ARTIFACT,renault_data_pipeline/data/renault_processed/210428/customers.csv
customer,210428,7235980,50.36,3.1,7,false,RECOVERED_FROM_FROZEN_ARTIFACT,renault_data_pipeline/data/renault_processed/210428/customers.csv
customer,210428,7421817,43.49,2.43,6,false,RECOVERED_FROM_FROZEN_ARTIFACT,renault_data_pipeline/data/renault_processed/210428/customers.csv
customer,210428,7562700,48.98,2.64,5,false,RECOVERED_FROM_FROZEN_ARTIFACT,renault_data_pipeline/data/renault_processed/210428/customers.csv
customer,210428,7562710,48.97,2.91,7,false,RECOVERED_FROM_FROZEN_ARTIFACT,renault_data_pipeline/data/renault_processed/210428/customers.csv
customer,210428,7684113,48.15,8.64,7,false,RECOVERED_FROM_FROZEN_ARTIFACT,renault_data_pipeline/data/renault_processed/210428/customers.csv
customer,210428,7768904,48.82,6.72,7,false,RECOVERED_FROM_FROZEN_ARTIFACT,renault_data_pipeline/data/renault_processed/210428/customers.csv
customer,210428,7823700,46.19,6.26,7,false,RECOVERED_FROM_FROZEN_ARTIFACT,renault_data_pipeline/data/renault_processed/210428/customers.csv
customer,210428,7908401,46.54,5.39,7,false,RECOVERED_FROM_FROZEN_ARTIFACT,renault_data_pipeline/data/renault_processed/210428/customers.csv
customer,210428,7908402,45.31,3.37,5,false,RECOVERED_FROM_FROZEN_ARTIFACT,renault_data_pipeline/data/renault_processed/210428/customers.csv
customer,210428,7908404,47.23,5.97,7,false,RECOVERED_FROM_FROZEN_ARTIFACT,renault_data_pipeline/data/renault_processed/210428/customers.csv
customer,210428,7908406,47.52,6.86,7,false,RECOVERED_FROM_FROZEN_ARTIFACT,renault_data_pipeline/data/renault_processed/210428/customers.csv
customer,210428,7908407,48.78,0.29,5,false,RECOVERED_FROM_FROZEN_ARTIFACT,renault_data_pipeline/data/renault_processed/210428/customers.csv
customer,210428,7908409,49.14,0.45,5,false,RECOVERED_FROM_FROZEN_ARTIFACT,renault_data_pipeline/data/renault_processed/210428/customers.csv
customer,210428,7908416,50.37,3.09,7,false,RECOVERED_FROM_FROZEN_ARTIFACT,renault_data_pipeline/data/renault_processed/210428/customers.csv
customer,210428,7908418,49.02,0.42,5,false,RECOVERED_FROM_FROZEN_ARTIFACT,renault_data_pipeline/data/renault_processed/210428/customers.csv
customer,210428,7908419,50.36,3.1,7,false,RECOVERED_FROM_FROZEN_ARTIFACT,renault_data_pipeline/data/renault_processed/210428/customers.csv
customer,210428,7908420,46.99,2.24,5,false,RECOVERED_FROM_FROZEN_ARTIFACT,renault_data_pipeline/data/renault_processed/210428/customers.csv
customer,210428,7908421,48.72,0.43,5,false,RECOVERED_FROM_FROZEN_ARTIFACT,renault_data_pipeline/data/renault_processed/210428/customers.csv
customer,210428,7908422,49.52,0.92,5,false,RECOVERED_FROM_FROZEN_ARTIFACT,renault_data_pipeline/data/renault_processed/210428/customers.csv
customer,210428,7960504,50.25,3.9,7,false,RECOVERED_FROM_FROZEN_ARTIFACT,renault_data_pipeline/data/renault_processed/210428/customers.csv
customer,210428,8010011,45.27,4.8,7,false,RECOVERED_FROM_FROZEN_ARTIFACT,renault_data_pipeline/data/renault_processed/210428/customers.csv
customer,210428,8225005,48.72,4.61,7,false,RECOVERED_FROM_FROZEN_ARTIFACT,renault_data_pipeline/data/renault_processed/210428/customers.csv
customer,210428,9500103,45.59,5.89,7,false,RECOVERED_FROM_FROZEN_ARTIFACT,renault_data_pipeline/data/renault_processed/210428/customers.csv
customer,210428,9500111,45.79,24.08,11,false,RECOVERED_FROM_FROZEN_ARTIFACT,renault_data_pipeline/data/renault_processed/210428/customers.csv
customer,210428,9500407,47.78,-3.33,5,false,RECOVERED_FROM_FROZEN_ARTIFACT,renault_data_pipeline/data/renault_processed/210428/customers.csv
customer,210428,9500603,49.73,13.34,8,false,RECOVERED_FROM_FROZEN_ARTIFACT,renault_data_pipeline/data/renault_processed/210428/customers.csv
customer,210428,9516300,40.67,-8.61,2,false,RECOVERED_FROM_FROZEN_ARTIFACT,renault_data_pipeline/data/renault_processed/210428/customers.csv
customer,210428,9624718,47.69,-0.03,5,false,RECOVERED_FROM_FROZEN_ARTIFACT,renault_data_pipeline/data/renault_processed/210428/customers.csv
customer,210428,9639101,47.96,0.13,5,false,RECOVERED_FROM_FROZEN_ARTIFACT,renault_data_pipeline/data/renault_processed/210428/customers.csv
customer,210428,9639103,45.79,24.08,11,false,RECOVERED_FROM_FROZEN_ARTIFACT,renault_data_pipeline/data/renault_processed/210428/customers.csv
customer,210428,11106007,44.87,24.86,11,false,RECOVERED_FROM_FROZEN_ARTIFACT,renault_data_pipeline/data/renault_processed/210428/customers.csv
customer,210428,11106019,44.87,24.86,11,false,RECOVERED_FROM_FROZEN_ARTIFACT,renault_data_pipeline/data/renault_processed/210428/customers.csv
customer,210428,11106022,44.87,24.86,11,false,RECOVERED_FROM_FROZEN_ARTIFACT,renault_data_pipeline/data/renault_processed/210428/customers.csv
customer,210428,11106024,44.87,24.86,11,false,RECOVERED_FROM_FROZEN_ARTIFACT,renault_data_pipeline/data/renault_processed/210428/customers.csv
customer,210428,11152708,50.28,3.91,7,false,RECOVERED_FROM_FROZEN_ARTIFACT,renault_data_pipeline/data/renault_processed/210428/customers.csv
customer,210428,11152711,41.94,-4.49,2,false,RECOVERED_FROM_FROZEN_ARTIFACT,renault_data_pipeline/data/renault_processed/210428/customers.csv
customer,210428,11152719,41.6,-4.7,2,false,RECOVERED_FROM_FROZEN_ARTIFACT,renault_data_pipeline/data/renault_processed/210428/customers.csv
customer,210428,11152722,45.86,22.92,11,false,RECOVERED_FROM_FROZEN_ARTIFACT,renault_data_pipeline/data/renault_processed/210428/customers.csv
customer,210428,11262808,54.91,-1.49,4,false,RECOVERED_FROM_FROZEN_ARTIFACT,renault_data_pipeline/data/renault_processed/210428/customers.csv
customer,210428,11419800,41.22,1.74,6,false,RECOVERED_FROM_FROZEN_ARTIFACT,renault_data_pipeline/data/renault_processed/210428/customers.csv
customer,210428,11425601,50.32,18.61,10,false,RECOVERED_FROM_FROZEN_ARTIFACT,renault_data_pipeline/data/renault_processed/210428/customers.csv
customer,210428,11498900,43.1,-2.38,2,false,RECOVERED_FROM_FROZEN_ARTIFACT,renault_data_pipeline/data/renault_processed/210428/customers.csv
customer,210428,11509700,49.68,19.17,10,false,RECOVERED_FROM_FROZEN_ARTIFACT,renault_data_pipeline/data/renault_processed/210428/customers.csv
customer,210428,11509701,49.68,19.17,10,false,RECOVERED_FROM_FROZEN_ARTIFACT,renault_data_pipeline/data/renault_processed/210428/customers.csv
customer,210428,11509703,51.72,19.51,10,false,RECOVERED_FROM_FROZEN_ARTIFACT,renault_data_pipeline/data/renault_processed/210428/customers.csv
customer,210428,11509705,49.83,18.97,10,true,RECOVERED_FROM_FROZEN_ARTIFACT,renault_data_pipeline/data/renault_processed/210428/customers.csv
customer,210428,11511902,50.8,19.18,10,false,RECOVERED_FROM_FROZEN_ARTIFACT,renault_data_pipeline/data/renault_processed/210428/customers.csv
customer,210428,11512300,40.61,-7.3,2,false,RECOVERED_FROM_FROZEN_ARTIFACT,renault_data_pipeline/data/renault_processed/210428/customers.csv
customer,210428,11523703,46.56,23.85,11,false,RECOVERED_FROM_FROZEN_ARTIFACT,renault_data_pipeline/data/renault_processed/210428/customers.csv
customer,210428,11533100,50.27,18.7,10,false,RECOVERED_FROM_FROZEN_ARTIFACT,renault_data_pipeline/data/renault_processed/210428/customers.csv
customer,210428,11597100,44.85,24.87,11,false,RECOVERED_FROM_FROZEN_ARTIFACT,renault_data_pipeline/data/renault_processed/210428/customers.csv
customer,210428,11597102,44.85,24.87,11,false,RECOVERED_FROM_FROZEN_ARTIFACT,renault_data_pipeline/data/renault_processed/210428/customers.csv
customer,210428,11618300,41.89,-1.71,3,false,RECOVERED_FROM_FROZEN_ARTIFACT,renault_data_pipeline/data/renault_processed/210428/customers.csv
customer,210428,11635500,44.8,25.08,11,false,RECOVERED_FROM_FROZEN_ARTIFACT,renault_data_pipeline/data/renault_processed/210428/customers.csv
customer,210428,11677000,44.86,24.86,11,false,RECOVERED_FROM_FROZEN_ARTIFACT,renault_data_pipeline/data/renault_processed/210428/customers.csv
customer,210428,11677001,44.78,25.05,11,false,RECOVERED_FROM_FROZEN_ARTIFACT,renault_data_pipeline/data/renault_processed/210428/customers.csv
customer,210428,11711300,43.14,-2.6,2,false,RECOVERED_FROM_FROZEN_ARTIFACT,renault_data_pipeline/data/renault_processed/210428/customers.csv
customer,210428,11723200,54.91,-1.51,4,false,RECOVERED_FROM_FROZEN_ARTIFACT,renault_data_pipeline/data/renault_processed/210428/customers.csv
customer,210428,11740101,41.54,-4.66,2,false,RECOVERED_FROM_FROZEN_ARTIFACT,renault_data_pipeline/data/renault_processed/210428/customers.csv
customer,210428,11780001,51.63,-3.23,4,false,RECOVERED_FROM_FROZEN_ARTIFACT,renault_data_pipeline/data/renault_processed/210428/customers.csv
customer,210428,11780500,50.81,16.32,10,false,RECOVERED_FROM_FROZEN_ARTIFACT,renault_data_pipeline/data/renault_processed/210428/customers.csv
customer,210428,11780502,50.8,16.29,10,false,RECOVERED_FROM_FROZEN_ARTIFACT,renault_data_pipeline/data/renault_processed/210428/customers.csv
customer,210428,11780700,44.95,24.93,11,false,RECOVERED_FROM_FROZEN_ARTIFACT,renault_data_pipeline/data/renault_processed/210428/customers.csv
customer,210428,11869201,50.69,15.15,8,false,RECOVERED_FROM_FROZEN_ARTIFACT,renault_data_pipeline/data/renault_processed/210428/customers.csv
customer,210428,11869800,54.94,-1.46,4,false,RECOVERED_FROM_FROZEN_ARTIFACT,renault_data_pipeline/data/renault_processed/210428/customers.csv
customer,210428,11880500,39.26,-7.43,2,false,RECOVERED_FROM_FROZEN_ARTIFACT,renault_data_pipeline/data/renault_processed/210428/customers.csv
customer,210428,11895401,49.83,7.68,7,false,RECOVERED_FROM_FROZEN_ARTIFACT,renault_data_pipeline/data/renault_processed/210428/customers.csv
customer,210428,11895402,52.98,11.16,8,false,RECOVERED_FROM_FROZEN_ARTIFACT,renault_data_pipeline/data/renault_processed/210428/customers.csv
customer,210428,11989400,49.53,15.35,9,false,RECOVERED_FROM_FROZEN_ARTIFACT,renault_data_pipeline/data/renault_processed/210428/customers.csv
customer,210428,12008400,42.11,-8.62,2,false,RECOVERED_FROM_FROZEN_ARTIFACT,renault_data_pipeline/data/renault_processed/210428/customers.csv
customer,210428,12036000,41.34,1.69,6,false,RECOVERED_FROM_FROZEN_ARTIFACT,renault_data_pipeline/data/renault_processed/210428/customers.csv
customer,210428,12036001,41.62,-4.71,2,false,RECOVERED_FROM_FROZEN_ARTIFACT,renault_data_pipeline/data/renault_processed/210428/customers.csv
customer,210428,12036002,41.62,-4.71,2,false,RECOVERED_FROM_FROZEN_ARTIFACT,renault_data_pipeline/data/renault_processed/210428/customers.csv
customer,210428,12080401,44.84,24.99,11,false,RECOVERED_FROM_FROZEN_ARTIFACT,renault_data_pipeline/data/renault_processed/210428/customers.csv
customer,210428,21011300,49.23,1.17,5,false,RECOVERED_FROM_FROZEN_ARTIFACT,renault_data_pipeline/data/renault_processed/210428/customers.csv
customer,210428,21185900,49.91,4.13,7,false,RECOVERED_FROM_FROZEN_ARTIFACT,renault_data_pipeline/data/renault_processed/210428/customers.csv
customer,210428,21207305,45.79,24.09,11,false,RECOVERED_FROM_FROZEN_ARTIFACT,renault_data_pipeline/data/renault_processed/210428/customers.csv
customer,210428,21323400,46.27,5.66,7,false,RECOVERED_FROM_FROZEN_ARTIFACT,renault_data_pipeline/data/renault_processed/210428/customers.csv
customer,210428,21383500,44.51,0.15,6,false,RECOVERED_FROM_FROZEN_ARTIFACT,renault_data_pipeline/data/renault_processed/210428/customers.csv
customer,210428,21448500,50.36,3.53,7,false,RECOVERED_FROM_FROZEN_ARTIFACT,renault_data_pipeline/data/renault_processed/210428/customers.csv
customer,210428,21506700,48.05,-0.8,5,false,RECOVERED_FROM_FROZEN_ARTIFACT,renault_data_pipeline/data/renault_processed/210428/customers.csv
customer,210428,21549000,49.47,0.3,5,false,RECOVERED_FROM_FROZEN_ARTIFACT,renault_data_pipeline/data/renault_processed/210428/customers.csv
customer,210428,21652600,48.7,2.89,7,false,RECOVERED_FROM_FROZEN_ARTIFACT,renault_data_pipeline/data/renault_processed/210428/customers.csv
customer,210428,21660800,47.92,6.66,7,false,RECOVERED_FROM_FROZEN_ARTIFACT,renault_data_pipeline/data/renault_processed/210428/customers.csv
customer,210428,21792905,40.88,-8.63,2,false,RECOVERED_FROM_FROZEN_ARTIFACT,renault_data_pipeline/data/renault_processed/210428/customers.csv
customer,210428,21798201,50.44,2.75,7,false,RECOVERED_FROM_FROZEN_ARTIFACT,renault_data_pipeline/data/renault_processed/210428/customers.csv
customer,210428,21798202,48.1,-0.73,5,false,RECOVERED_FROM_FROZEN_ARTIFACT,renault_data_pipeline/data/renault_processed/210428/customers.csv
customer,210428,21865308,50.36,3.03,7,false,RECOVERED_FROM_FROZEN_ARTIFACT,renault_data_pipeline/data/renault_processed/210428/customers.csv
customer,210428,21865310,40.88,-8.63,2,false,RECOVERED_FROM_FROZEN_ARTIFACT,renault_data_pipeline/data/renault_processed/210428/customers.csv
customer,210428,21865312,50.38,3.03,7,false,RECOVERED_FROM_FROZEN_ARTIFACT,renault_data_pipeline/data/renault_processed/210428/customers.csv
customer,210428,21865316,44.54,25.22,11,false,RECOVERED_FROM_FROZEN_ARTIFACT,renault_data_pipeline/data/renault_processed/210428/customers.csv
customer,210428,21865320,41.96,-4.45,2,false,RECOVERED_FROM_FROZEN_ARTIFACT,renault_data_pipeline/data/renault_processed/210428/customers.csv
customer,210428,21958001,48.72,-0.52,5,false,RECOVERED_FROM_FROZEN_ARTIFACT,renault_data_pipeline/data/renault_processed/210428/customers.csv
customer,210428,22040200,49.27,1.79,5,false,RECOVERED_FROM_FROZEN_ARTIFACT,renault_data_pipeline/data/renault_processed/210428/customers.csv
customer,210428,22060301,49.21,6.21,7,false,RECOVERED_FROM_FROZEN_ARTIFACT,renault_data_pipeline/data/renault_processed/210428/customers.csv
customer,210428,22086204,45.47,4.44,7,false,RECOVERED_FROM_FROZEN_ARTIFACT,renault_data_pipeline/data/renault_processed/210428/customers.csv
customer,210428,22091301,50.31,2.95,7,false,RECOVERED_FROM_FROZEN_ARTIFACT,renault_data_pipeline/data/renault_processed/210428/customers.csv
customer,210428,22102700,48.11,2.36,5,false,RECOVERED_FROM_FROZEN_ARTIFACT,renault_data_pipeline/data/renault_processed/210428/customers.csv
customer,210428,23234501,48.76,-0.58,5,false,RECOVERED_FROM_FROZEN_ARTIFACT,renault_data_pipeline/data/renault_processed/210428/customers.csv
customer,210428,23235902,44.66,25.56,11,false,RECOVERED_FROM_FROZEN_ARTIFACT,renault_data_pipeline/data/renault_processed/210428/customers.csv
customer,210428,23261013,50.38,13.58,8,false,RECOVERED_FROM_FROZEN_ARTIFACT,renault_data_pipeline/data/renault_processed/210428/customers.csv
customer,210428,23342502,44.97,24.93,11,true,RECOVERED_FROM_FROZEN_ARTIFACT,renault_data_pipeline/data/renault_processed/210428/customers.csv
customer,210428,23344003,47.57,9.37,8,false,RECOVERED_FROM_FROZEN_ARTIFACT,renault_data_pipeline/data/renault_processed/210428/customers.csv
customer,210428,23367705,49.65,19.17,10,false,RECOVERED_FROM_FROZEN_ARTIFACT,renault_data_pipeline/data/renault_processed/210428/customers.csv
customer,210428,23376100,42.28,-7.83,2,false,RECOVERED_FROM_FROZEN_ARTIFACT,renault_data_pipeline/data/renault_processed/210428/customers.csv
customer,210428,23536810,43.6,1.36,6,false,RECOVERED_FROM_FROZEN_ARTIFACT,renault_data_pipeline/data/renault_processed/210428/customers.csv
customer,210428,23559601,49.83,19.96,10,false,RECOVERED_FROM_FROZEN_ARTIFACT,renault_data_pipeline/data/renault_processed/210428/customers.csv
customer,210428,23559602,49.83,19.07,10,false,RECOVERED_FROM_FROZEN_ARTIFACT,renault_data_pipeline/data/renault_processed/210428/customers.csv
customer,210428,23559700,53.07,-1.25,4,false,RECOVERED_FROM_FROZEN_ARTIFACT,renault_data_pipeline/data/renault_processed/210428/customers.csv
customer,210428,23579100,40.48,-8.09,2,false,RECOVERED_FROM_FROZEN_ARTIFACT,renault_data_pipeline/data/renault_processed/210428/customers.csv
customer,210428,23591700,45.53,13.74,9,false,RECOVERED_FROM_FROZEN_ARTIFACT,renault_data_pipeline/data/renault_processed/210428/customers.csv
customer,210428,23623000,46.05,8.92,7,false,RECOVERED_FROM_FROZEN_ARTIFACT,renault_data_pipeline/data/renault_processed/210428/customers.csv
customer,210428,23632305,45.21,7.89,7,false,RECOVERED_FROM_FROZEN_ARTIFACT,renault_data_pipeline/data/renault_processed/210428/customers.csv
customer,210428,23641200,48.6,-0.37,5,false,RECOVERED_FROM_FROZEN_ARTIFACT,renault_data_pipeline/data/renault_processed/210428/customers.csv
customer,210428,23676300,47.47,6.84,7,false,RECOVERED_FROM_FROZEN_ARTIFACT,renault_data_pipeline/data/renault_processed/210428/customers.csv
customer,210428,23676301,49.14,1.97,5,false,RECOVERED_FROM_FROZEN_ARTIFACT,renault_data_pipeline/data/renault_processed/210428/customers.csv
customer,210428,23676305,47.74,7.14,7,false,RECOVERED_FROM_FROZEN_ARTIFACT,renault_data_pipeline/data/renault_processed/210428/customers.csv
customer,210428,23697100,42.89,-2.16,2,false,RECOVERED_FROM_FROZEN_ARTIFACT,renault_data_pipeline/data/renault_processed/210428/customers.csv
customer,210428,23697101,39.83,-0.17,6,false,RECOVERED_FROM_FROZEN_ARTIFACT,renault_data_pipeline/data/renault_processed/210428/customers.csv
customer,210428,23714500,41.32,2.07,6,false,RECOVERED_FROM_FROZEN_ARTIFACT,renault_data_pipeline/data/renault_processed/210428/customers.csv
customer,210428,23779500,38.62,-0.59,3,false,RECOVERED_FROM_FROZEN_ARTIFACT,renault_data_pipeline/data/renault_processed/210428/customers.csv
customer,210428,23850600,48.9,1.4,5,false,RECOVERED_FROM_FROZEN_ARTIFACT,renault_data_pipeline/data/renault_processed/210428/customers.csv
customer,210428,23889418,49.3,20.66,10,false,RECOVERED_FROM_FROZEN_ARTIFACT,renault_data_pipeline/data/renault_processed/210428/customers.csv
customer,210428,23927003,44.88,24.85,11,false,RECOVERED_FROM_FROZEN_ARTIFACT,renault_data_pipeline/data/renault_processed/210428/customers.csv
customer,210428,23934607,49.98,19.83,10,false,RECOVERED_FROM_FROZEN_ARTIFACT,renault_data_pipeline/data/renault_processed/210428/customers.csv
customer,210428,23961600,46.17,21.27,11,false,RECOVERED_FROM_FROZEN_ARTIFACT,renault_data_pipeline/data/renault_processed/210428/customers.csv
customer,210428,23989200,48.96,2.48,5,false,RECOVERED_FROM_FROZEN_ARTIFACT,renault_data_pipeline/data/renault_processed/210428/customers.csv
customer,210428,24007700,49.89,19.03,10,false,RECOVERED_FROM_FROZEN_ARTIFACT,renault_data_pipeline/data/renault_processed/210428/customers.csv
customer,210428,24040300,50.1,13.71,8,false,RECOVERED_FROM_FROZEN_ARTIFACT,renault_data_pipeline/data/renault_processed/210428/customers.csv
customer,210428,24099000,49.33,14.11,8,false,RECOVERED_FROM_FROZEN_ARTIFACT,renault_data_pipeline/data/renault_processed/210428/customers.csv
customer,210428,24099001,48.97,16.52,9,false,RECOVERED_FROM_FROZEN_ARTIFACT,renault_data_pipeline/data/renault_processed/210428/customers.csv
customer,210428,24099003,50.41,13.22,8,false,RECOVERED_FROM_FROZEN_ARTIFACT,renault_data_pipeline/data/renault_processed/210428/customers.csv
customer,210428,24123500,47.21,18.43,9,false,RECOVERED_FROM_FROZEN_ARTIFACT,renault_data_pipeline/data/renault_processed/210428/customers.csv
customer,210428,24149200,51.07,5.16,7,false,RECOVERED_FROM_FROZEN_ARTIFACT,renault_data_pipeline/data/renault_processed/210428/customers.csv
customer,210428,24267400,49.23,19.3,10,false,RECOVERED_FROM_FROZEN_ARTIFACT,renault_data_pipeline/data/renault_processed/210428/customers.csv
customer,210428,24267502,41.75,-8.83,2,false,RECOVERED_FROM_FROZEN_ARTIFACT,renault_data_pipeline/data/renault_processed/210428/customers.csv
customer,210428,24279106,45.67,5.1,7,false,RECOVERED_FROM_FROZEN_ARTIFACT,renault_data_pipeline/data/renault_processed/210428/customers.csv
customer,210428,24303001,42.0,-4.51,2,false,RECOVERED_FROM_FROZEN_ARTIFACT,renault_data_pipeline/data/renault_processed/210428/customers.csv
customer,210428,24351800,41.94,-4.48,2,false,RECOVERED_FROM_FROZEN_ARTIFACT,renault_data_pipeline/data/renault_processed/210428/customers.csv
customer,210428,24405104,48.68,21.23,10,false,RECOVERED_FROM_FROZEN_ARTIFACT,renault_data_pipeline/data/renault_processed/210428/customers.csv
customer,210428,24412300,45.64,4.25,7,false,RECOVERED_FROM_FROZEN_ARTIFACT,renault_data_pipeline/data/renault_processed/210428/customers.csv
customer,210428,24412305,44.94,25.93,11,false,RECOVERED_FROM_FROZEN_ARTIFACT,renault_data_pipeline/data/renault_processed/210428/customers.csv
customer,210428,24421501,45.92,14.89,9,false,RECOVERED_FROM_FROZEN_ARTIFACT,renault_data_pipeline/data/renault_processed/210428/customers.csv
customer,210428,24700300,45.8,15.18,9,false,RECOVERED_FROM_FROZEN_ARTIFACT,renault_data_pipeline/data/renault_processed/210428/customers.csv
customer,210428,24700302,45.68,15.28,9,false,RECOVERED_FROM_FROZEN_ARTIFACT,renault_data_pipeline/data/renault_processed/210428/customers.csv
customer,210428,24700303,45.93,14.98,9,false,RECOVERED_FROM_FROZEN_ARTIFACT,renault_data_pipeline/data/renault_processed/210428/customers.csv
customer,210428,24705700,51.17,16.18,10,false,RECOVERED_FROM_FROZEN_ARTIFACT,renault_data_pipeline/data/renault_processed/210428/customers.csv
customer,210428,24935704,45.79,21.32,11,false,RECOVERED_FROM_FROZEN_ARTIFACT,renault_data_pipeline/data/renault_processed/210428/customers.csv
customer,210428,24936101,49.6,18.17,10,false,RECOVERED_FROM_FROZEN_ARTIFACT,renault_data_pipeline/data/renault_processed/210428/customers.csv
customer,210428,24975302,45.73,21.16,11,false,RECOVERED_FROM_FROZEN_ARTIFACT,renault_data_pipeline/data/renault_processed/210428/customers.csv
customer,210428,24979000,49.1,6.87,7,false,RECOVERED_FROM_FROZEN_ARTIFACT,renault_data_pipeline/data/renault_processed/210428/customers.csv
customer,210428,24979100,50.02,15.68,10,false,RECOVERED_FROM_FROZEN_ARTIFACT,renault_data_pipeline/data/renault_processed/210428/customers.csv
customer,210428,24989702,44.67,24.88,11,false,RECOVERED_FROM_FROZEN_ARTIFACT,renault_data_pipeline/data/renault_processed/210428/customers.csv
customer,210428,24989703,44.8,24.95,11,false,RECOVERED_FROM_FROZEN_ARTIFACT,renault_data_pipeline/data/renault_processed/210428/customers.csv
customer,210428,24993000,47.11,17.87,9,false,RECOVERED_FROM_FROZEN_ARTIFACT,renault_data_pipeline/data/renault_processed/210428/customers.csv
customer,210428,25047601,45.29,25.06,11,false,RECOVERED_FROM_FROZEN_ARTIFACT,renault_data_pipeline/data/renault_processed/210428/customers.csv
customer,210428,25047700,49.74,13.6,8,false,RECOVERED_FROM_FROZEN_ARTIFACT,renault_data_pipeline/data/renault_processed/210428/customers.csv
customer,210428,25050301,48.59,19.1,9,false,RECOVERED_FROM_FROZEN_ARTIFACT,renault_data_pipeline/data/renault_processed/210428/customers.csv
customer,210428,25104808,48.77,17.82,9,false,RECOVERED_FROM_FROZEN_ARTIFACT,renault_data_pipeline/data/renault_processed/210428/customers.csv
customer,210428,25116300,51.19,11.06,8,false,RECOVERED_FROM_FROZEN_ARTIFACT,renault_data_pipeline/data/renault_processed/210428/customers.csv
customer,210428,25125900,41.17,-8.44,2,false,RECOVERED_FROM_FROZEN_ARTIFACT,renault_data_pipeline/data/renault_processed/210428/customers.csv
customer,210428,25160200,47.87,1.92,5,false,RECOVERED_FROM_FROZEN_ARTIFACT,renault_data_pipeline/data/renault_processed/210428/customers.csv
customer,210428,25258200,47.73,22.87,11,false,RECOVERED_FROM_FROZEN_ARTIFACT,renault_data_pipeline/data/renault_processed/210428/customers.csv
customer,210428,25258201,47.73,22.87,11,false,RECOVERED_FROM_FROZEN_ARTIFACT,renault_data_pipeline/data/renault_processed/210428/customers.csv
customer,210428,25315000,33.6,-7.58,1,false,RECOVERED_FROM_FROZEN_ARTIFACT,renault_data_pipeline/data/renault_processed/210428/customers.csv
customer,210428,25344801,48.33,18.05,9,false,RECOVERED_FROM_FROZEN_ARTIFACT,renault_data_pipeline/data/renault_processed/210428/customers.csv
customer,210428,25348700,41.82,-6.72,2,false,RECOVERED_FROM_FROZEN_ARTIFACT,renault_data_pipeline/data/renault_processed/210428/customers.csv
customer,210428,25356300,48.82,6.72,7,false,RECOVERED_FROM_FROZEN_ARTIFACT,renault_data_pipeline/data/renault_processed/210428/customers.csv
customer,210428,25361700,41.97,-8.69,2,false,RECOVERED_FROM_FROZEN_ARTIFACT,renault_data_pipeline/data/renault_processed/210428/customers.csv
customer,210428,25425000,41.62,-4.7,2,false,RECOVERED_FROM_FROZEN_ARTIFACT,renault_data_pipeline/data/renault_processed/210428/customers.csv
customer,210428,25426800,50.24,15.79,10,false,RECOVERED_FROM_FROZEN_ARTIFACT,renault_data_pipeline/data/renault_processed/210428/customers.csv
customer,210428,25426900,50.37,19.78,10,false,RECOVERED_FROM_FROZEN_ARTIFACT,renault_data_pipeline/data/renault_processed/210428/customers.csv
customer,210428,25432700,51.78,-4.03,4,false,RECOVERED_FROM_FROZEN_ARTIFACT,renault_data_pipeline/data/renault_processed/210428/customers.csv
customer,210428,25445204,48.11,-1.18,5,false,RECOVERED_FROM_FROZEN_ARTIFACT,renault_data_pipeline/data/renault_processed/210428/customers.csv
customer,210428,25531901,47.11,23.9,11,false,RECOVERED_FROM_FROZEN_ARTIFACT,renault_data_pipeline/data/renault_processed/210428/customers.csv
customer,210428,25536100,41.31,1.26,6,false,RECOVERED_FROM_FROZEN_ARTIFACT,renault_data_pipeline/data/renault_processed/210428/customers.csv
customer,210428,25536102,41.31,1.26,6,false,RECOVERED_FROM_FROZEN_ARTIFACT,renault_data_pipeline/data/renault_processed/210428/customers.csv
customer,210428,25537800,55.09,-3.59,4,false,RECOVERED_FROM_FROZEN_ARTIFACT,renault_data_pipeline/data/renault_processed/210428/customers.csv
customer,210428,25544200,44.38,8.28,7,false,RECOVERED_FROM_FROZEN_ARTIFACT,renault_data_pipeline/data/renault_processed/210428/customers.csv
customer,210428,25725702,43.2,-2.71,2,false,RECOVERED_FROM_FROZEN_ARTIFACT,renault_data_pipeline/data/renault_processed/210428/customers.csv
customer,210428,25734400,44.87,7.73,7,false,RECOVERED_FROM_FROZEN_ARTIFACT,renault_data_pipeline/data/renault_processed/210428/customers.csv
customer,210428,25740600,49.08,15.45,9,false,RECOVERED_FROM_FROZEN_ARTIFACT,renault_data_pipeline/data/renault_processed/210428/customers.csv
customer,210428,25746700,48.36,17.57,9,false,RECOVERED_FROM_FROZEN_ARTIFACT,renault_data_pipeline/data/renault_processed/210428/customers.csv
customer,210428,25767300,42.11,-8.63,2,false,RECOVERED_FROM_FROZEN_ARTIFACT,renault_data_pipeline/data/renault_processed/210428/customers.csv
customer,210428,25769300,43.28,-5.82,2,false,RECOVERED_FROM_FROZEN_ARTIFACT,renault_data_pipeline/data/renault_processed/210428/customers.csv
customer,210428,25860700,47.26,-1.5,5,false,RECOVERED_FROM_FROZEN_ARTIFACT,renault_data_pipeline/data/renault_processed/210428/customers.csv
customer,210428,25869800,44.91,8.23,7,false,RECOVERED_FROM_FROZEN_ARTIFACT,renault_data_pipeline/data/renault_processed/210428/customers.csv
customer,210428,25869802,45.39,6.27,7,false,RECOVERED_FROM_FROZEN_ARTIFACT,renault_data_pipeline/data/renault_processed/210428/customers.csv
customer,210428,25915001,45.65,25.52,11,false,RECOVERED_FROM_FROZEN_ARTIFACT,renault_data_pipeline/data/renault_processed/210428/customers.csv
customer,210428,25929600,41.85,-1.94,3,false,RECOVERED_FROM_FROZEN_ARTIFACT,renault_data_pipeline/data/renault_processed/210428/customers.csv
customer,210428,25958400,44.94,25.95,11,false,RECOVERED_FROM_FROZEN_ARTIFACT,renault_data_pipeline/data/renault_processed/210428/customers.csv
customer,210428,26006000,49.47,17.14,10,false,RECOVERED_FROM_FROZEN_ARTIFACT,renault_data_pipeline/data/renault_processed/210428/customers.csv
customer,210428,26008300,47.12,17.54,9,false,RECOVERED_FROM_FROZEN_ARTIFACT,renault_data_pipeline/data/renault_processed/210428/customers.csv
customer,210428,26064701,49.46,17.14,10,false,RECOVERED_FROM_FROZEN_ARTIFACT,renault_data_pipeline/data/renault_processed/210428/customers.csv
customer,210428,26064702,49.46,17.13,10,false,RECOVERED_FROM_FROZEN_ARTIFACT,renault_data_pipeline/data/renault_processed/210428/customers.csv
customer,210428,26188600,49.29,4.03,7,false,RECOVERED_FROM_FROZEN_ARTIFACT,renault_data_pipeline/data/renault_processed/210428/customers.csv
customer,210428,26212000,44.95,24.93,11,false,RECOVERED_FROM_FROZEN_ARTIFACT,renault_data_pipeline/data/renault_processed/210428/customers.csv
customer,210428,26218801,50.67,13.98,8,false,RECOVERED_FROM_FROZEN_ARTIFACT,renault_data_pipeline/data/renault_processed/210428/customers.csv
customer,210428,26218804,50.68,13.96,8,false,RECOVERED_FROM_FROZEN_ARTIFACT,renault_data_pipeline/data/renault_processed/210428/customers.csv
customer,210428,26242400,46.88,19.62,9,false,RECOVERED_FROM_FROZEN_ARTIFACT,renault_data_pipeline/data/renault_processed/210428/customers.csv
customer,210428,26254901,50.74,11.87,8,false,RECOVERED_FROM_FROZEN_ARTIFACT,renault_data_pipeline/data/renault_processed/210428/customers.csv
customer,210428,26260000,51.88,10.55,8,false,RECOVERED_FROM_FROZEN_ARTIFACT,renault_data_pipeline/data/renault_processed/210428/customers.csv
customer,210428,26310500,49.23,19.3,10,false,RECOVERED_FROM_FROZEN_ARTIFACT,renault_data_pipeline/data/renault_processed/210428/customers.csv
customer,210428,26358500,47.98,18.19,9,false,RECOVERED_FROM_FROZEN_ARTIFACT,renault_data_pipeline/data/renault_processed/210428/customers.csv
customer,210428,26367200,47.86,17.78,9,true,RECOVERED_FROM_FROZEN_ARTIFACT,renault_data_pipeline/data/renault_processed/210428/customers.csv
customer,210428,26372000,48.04,19.8,9,false,RECOVERED_FROM_FROZEN_ARTIFACT,renault_data_pipeline/data/renault_processed/210428/customers.csv
customer,210428,26404400,44.97,24.91,11,false,RECOVERED_FROM_FROZEN_ARTIFACT,renault_data_pipeline/data/renault_processed/210428/customers.csv
customer,210428,26404500,47.51,6.86,7,false,RECOVERED_FROM_FROZEN_ARTIFACT,renault_data_pipeline/data/renault_processed/210428/customers.csv
customer,210428,26426200,50.36,13.82,8,false,RECOVERED_FROM_FROZEN_ARTIFACT,renault_data_pipeline/data/renault_processed/210428/customers.csv
customer,210428,26447800,44.66,25.55,11,false,RECOVERED_FROM_FROZEN_ARTIFACT,renault_data_pipeline/data/renault_processed/210428/customers.csv
customer,210428,26448500,47.12,9.5,8,false,RECOVERED_FROM_FROZEN_ARTIFACT,renault_data_pipeline/data/renault_processed/210428/customers.csv
customer,210428,26475101,49.16,5.9,7,false,RECOVERED_FROM_FROZEN_ARTIFACT,renault_data_pipeline/data/renault_processed/210428/customers.csv
customer,210428,26522500,46.21,21.26,11,false,RECOVERED_FROM_FROZEN_ARTIFACT,renault_data_pipeline/data/renault_processed/210428/customers.csv
customer,210428,26540200,45.81,21.19,11,false,RECOVERED_FROM_FROZEN_ARTIFACT,renault_data_pipeline/data/renault_processed/210428/customers.csv
customer,210428,26551501,45.3,25.06,11,false,RECOVERED_FROM_FROZEN_ARTIFACT,renault_data_pipeline/data/renault_processed/210428/customers.csv
customer,210428,26567201,46.88,19.61,9,false,RECOVERED_FROM_FROZEN_ARTIFACT,renault_data_pipeline/data/renault_processed/210428/customers.csv
customer,210428,26585501,38.59,-8.9,1,false,RECOVERED_FROM_FROZEN_ARTIFACT,renault_data_pipeline/data/renault_processed/210428/customers.csv
customer,210428,26610800,49.16,1.35,5,false,RECOVERED_FROM_FROZEN_ARTIFACT,renault_data_pipeline/data/renault_processed/210428/customers.csv
customer,210428,26743100,51.13,16.95,10,false,RECOVERED_FROM_FROZEN_ARTIFACT,renault_data_pipeline/data/renault_processed/210428/customers.csv
customer,210428,26815301,48.03,17.32,9,false,RECOVERED_FROM_FROZEN_ARTIFACT,renault_data_pipeline/data/renault_processed/210428/customers.csv
customer,210428,26976701,48.55,21.24,10,false,RECOVERED_FROM_FROZEN_ARTIFACT,renault_data_pipeline/data/renault_processed/210428/customers.csv
customer,210428,26977906,51.34,19.38,10,false,RECOVERED_FROM_FROZEN_ARTIFACT,renault_data_pipeline/data/renault_processed/210428/customers.csv
customer,210428,26992000,51.45,-0.89,4,false,RECOVERED_FROM_FROZEN_ARTIFACT,renault_data_pipeline/data/renault_processed/210428/customers.csv
customer,210428,27003000,52.28,-1.9,4,false,RECOVERED_FROM_FROZEN_ARTIFACT,renault_data_pipeline/data/renault_processed/210428/customers.csv
customer,210428,27029800,50.27,3.33,7,false,RECOVERED_FROM_FROZEN_ARTIFACT,renault_data_pipeline/data/renault_processed/210428/customers.csv
customer,210428,27029901,48.22,3.28,7,false,RECOVERED_FROM_FROZEN_ARTIFACT,renault_data_pipeline/data/renault_processed/210428/customers.csv
customer,210428,27046701,48.24,17.36,9,false,RECOVERED_FROM_FROZEN_ARTIFACT,renault_data_pipeline/data/renault_processed/210428/customers.csv
customer,210428,27083208,44.87,10.63,8,false,RECOVERED_FROM_FROZEN_ARTIFACT,renault_data_pipeline/data/renault_processed/210428/customers.csv
customer,210428,27095301,49.03,3.37,7,false,RECOVERED_FROM_FROZEN_ARTIFACT,renault_data_pipeline/data/renault_processed/210428/customers.csv
customer,210428,27105203,46.99,2.24,5,false,RECOVERED_FROM_FROZEN_ARTIFACT,renault_data_pipeline/data/renault_processed/210428/customers.csv
customer,210428,27105208,48.72,0.42,5,false,RECOVERED_FROM_FROZEN_ARTIFACT,renault_data_pipeline/data/renault_processed/210428/customers.csv
customer,210428,27107002,50.41,14.95,8,false,RECOVERED_FROM_FROZEN_ARTIFACT,renault_data_pipeline/data/renault_processed/210428/customers.csv
customer,210428,27125600,47.48,6.78,7,false,RECOVERED_FROM_FROZEN_ARTIFACT,renault_data_pipeline/data/renault_processed/210428/customers.csv
customer,210428,27125700,52.21,20.6,10,false,RECOVERED_FROM_FROZEN_ARTIFACT,renault_data_pipeline/data/renault_processed/210428/customers.csv
customer,210428,27137200,47.51,7.01,7,false,RECOVERED_FROM_FROZEN_ARTIFACT,renault_data_pipeline/data/renault_processed/210428/customers.csv
customer,210428,27137300,45.15,1.48,5,false,RECOVERED_FROM_FROZEN_ARTIFACT,renault_data_pipeline/data/renault_processed/210428/customers.csv
customer,210428,27137400,45.95,4.82,7,false,RECOVERED_FROM_FROZEN_ARTIFACT,renault_data_pipeline/data/renault_processed/210428/customers.csv
customer,210428,27157400,48.16,6.46,7,false,RECOVERED_FROM_FROZEN_ARTIFACT,renault_data_pipeline/data/renault_processed/210428/customers.csv
customer,210428,27218001,41.94,-4.5,2,false,RECOVERED_FROM_FROZEN_ARTIFACT,renault_data_pipeline/data/renault_processed/210428/customers.csv
customer,210428,27287200,47.24,16.65,9,false,RECOVERED_FROM_FROZEN_ARTIFACT,renault_data_pipeline/data/renault_processed/210428/customers.csv
customer,210428,27330602,45.83,21.28,11,false,RECOVERED_FROM_FROZEN_ARTIFACT,renault_data_pipeline/data/renault_processed/210428/customers.csv
customer,210428,27359000,48.25,18.3,9,false,RECOVERED_FROM_FROZEN_ARTIFACT,renault_data_pipeline/data/renault_processed/210428/customers.csv
customer,210428,27368600,49.29,15.07,9,false,RECOVERED_FROM_FROZEN_ARTIFACT,renault_data_pipeline/data/renault_processed/210428/customers.csv
customer,210428,27369300,45.73,21.27,11,false,RECOVERED_FROM_FROZEN_ARTIFACT,renault_data_pipeline/data/renault_processed/210428/customers.csv
customer,210428,27376300,43.4,-3.84,2,false,RECOVERED_FROM_FROZEN_ARTIFACT,renault_data_pipeline/data/renault_processed/210428/customers.csv
customer,210428,27396000,42.21,-8.75,2,false,RECOVERED_FROM_FROZEN_ARTIFACT,renault_data_pipeline/data/renault_processed/210428/customers.csv
customer,210428,27442306,35.72,-5.92,1,false,RECOVERED_FROM_FROZEN_ARTIFACT,renault_data_pipeline/data/renault_processed/210428/customers.csv
customer,210428,27477001,50.04,15.58,10,false,RECOVERED_FROM_FROZEN_ARTIFACT,renault_data_pipeline/data/renault_processed/210428/customers.csv
customer,210428,27490404,42.7,-2.92,2,false,RECOVERED_FROM_FROZEN_ARTIFACT,renault_data_pipeline/data/renault_processed/210428/customers.csv
customer,210428,27535300,45.79,21.32,11,false,RECOVERED_FROM_FROZEN_ARTIFACT,renault_data_pipeline/data/renault_processed/210428/customers.csv
customer,210428,27562001,50.35,19.26,10,false,RECOVERED_FROM_FROZEN_ARTIFACT,renault_data_pipeline/data/renault_processed/210428/customers.csv
customer,210428,27593900,47.27,-1.5,5,false,RECOVERED_FROM_FROZEN_ARTIFACT,renault_data_pipeline/data/renault_processed/210428/customers.csv
customer,210428,27594100,40.65,-3.19,3,false,RECOVERED_FROM_FROZEN_ARTIFACT,renault_data_pipeline/data/renault_processed/210428/customers.csv
customer,210428,27662602,50.83,19.13,10,false,RECOVERED_FROM_FROZEN_ARTIFACT,renault_data_pipeline/data/renault_processed/210428/customers.csv
customer,210428,27690200,45.66,25.61,11,false,RECOVERED_FROM_FROZEN_ARTIFACT,renault_data_pipeline/data/renault_processed/210428/customers.csv
customer,210428,27731900,43.13,-2.57,2,false,RECOVERED_FROM_FROZEN_ARTIFACT,renault_data_pipeline/data/renault_processed/210428/customers.csv
customer,210428,27742400,43.4,-3.85,2,false,RECOVERED_FROM_FROZEN_ARTIFACT,renault_data_pipeline/data/renault_processed/210428/customers.csv
customer,210428,27752300,41.62,25.38,12,true,RECOVERED_FROM_FROZEN_ARTIFACT,renault_data_pipeline/data/renault_processed/210428/customers.csv
customer,210428,27805100,54.91,-1.49,4,false,RECOVERED_FROM_FROZEN_ARTIFACT,renault_data_pipeline/data/renault_processed/210428/customers.csv
customer,210428,27830400,49.24,6.15,7,false,RECOVERED_FROM_FROZEN_ARTIFACT,renault_data_pipeline/data/renault_processed/210428/customers.csv
customer,210428,27830500,49.24,6.15,7,false,RECOVERED_FROM_FROZEN_ARTIFACT,renault_data_pipeline/data/renault_processed/210428/customers.csv
customer,210428,27845100,42.43,25.66,12,false,RECOVERED_FROM_FROZEN_ARTIFACT,renault_data_pipeline/data/renault_processed/210428/customers.csv
customer,210428,27862302,53.77,-1.55,4,false,RECOVERED_FROM_FROZEN_ARTIFACT,renault_data_pipeline/data/renault_processed/210428/customers.csv
customer,210428,27902200,47.55,-0.11,5,false,RECOVERED_FROM_FROZEN_ARTIFACT,renault_data_pipeline/data/renault_processed/210428/customers.csv
customer,210428,27902901,49.85,7.88,7,false,RECOVERED_FROM_FROZEN_ARTIFACT,renault_data_pipeline/data/renault_processed/210428/customers.csv
customer,210428,27988400,41.55,2.03,6,false,RECOVERED_FROM_FROZEN_ARTIFACT,renault_data_pipeline/data/renault_processed/210428/customers.csv
customer,210428,27996500,44.79,24.98,11,false,RECOVERED_FROM_FROZEN_ARTIFACT,renault_data_pipeline/data/renault_processed/210428/customers.csv
customer,210428,28058401,49.3,4.12,7,false,RECOVERED_FROM_FROZEN_ARTIFACT,renault_data_pipeline/data/renault_processed/210428/customers.csv
customer,210428,28058405,49.28,4.06,7,false,RECOVERED_FROM_FROZEN_ARTIFACT,renault_data_pipeline/data/renault_processed/210428/customers.csv
customer,210428,28064002,51.46,7.62,8,false,RECOVERED_FROM_FROZEN_ARTIFACT,renault_data_pipeline/data/renault_processed/210428/customers.csv
customer,210428,28075902,49.68,13.42,8,false,RECOVERED_FROM_FROZEN_ARTIFACT,renault_data_pipeline/data/renault_processed/210428/customers.csv
customer,210428,28075904,40.5,-3.41,3,false,RECOVERED_FROM_FROZEN_ARTIFACT,renault_data_pipeline/data/renault_processed/210428/customers.csv
customer,210428,28075907,49.29,13.14,8,false,RECOVERED_FROM_FROZEN_ARTIFACT,renault_data_pipeline/data/renault_processed/210428/customers.csv
customer,210428,28130500,47.92,19.12,9,false,RECOVERED_FROM_FROZEN_ARTIFACT,renault_data_pipeline/data/renault_processed/210428/customers.csv
customer,210428,28208500,50.87,12.35,8,false,RECOVERED_FROM_FROZEN_ARTIFACT,renault_data_pipeline/data/renault_processed/210428/customers.csv
customer,210428,28225500,51.66,5.65,7,false,RECOVERED_FROM_FROZEN_ARTIFACT,renault_data_pipeline/data/renault_processed/210428/customers.csv
customer,210428,28237800,54.53,-1.36,4,true,RECOVERED_FROM_FROZEN_ARTIFACT,renault_data_pipeline/data/renault_processed/210428/customers.csv
customer,210428,28253900,43.3,-1.9,2,false,RECOVERED_FROM_FROZEN_ARTIFACT,renault_data_pipeline/data/renault_processed/210428/customers.csv
customer,210428,28271902,43.53,16.49,9,false,RECOVERED_FROM_FROZEN_ARTIFACT,renault_data_pipeline/data/renault_processed/210428/customers.csv
customer,210428,28279401,51.19,11.06,8,false,RECOVERED_FROM_FROZEN_ARTIFACT,renault_data_pipeline/data/renault_processed/210428/customers.csv
customer,210428,28328400,48.42,17.04,9,false,RECOVERED_FROM_FROZEN_ARTIFACT,renault_data_pipeline/data/renault_processed/210428/customers.csv
customer,210428,28333101,49.84,3.24,7,false,RECOVERED_FROM_FROZEN_ARTIFACT,renault_data_pipeline/data/renault_processed/210428/customers.csv
customer,210428,28341200,48.23,16.98,9,false,RECOVERED_FROM_FROZEN_ARTIFACT,renault_data_pipeline/data/renault_processed/210428/customers.csv
customer,210428,28350800,44.79,24.98,11,false,RECOVERED_FROM_FROZEN_ARTIFACT,renault_data_pipeline/data/renault_processed/210428/customers.csv
customer,210428,28350801,45.17,24.84,11,false,RECOVERED_FROM_FROZEN_ARTIFACT,renault_data_pipeline/data/renault_processed/210428/customers.csv
customer,210428,28396900,50.99,4.04,7,false,RECOVERED_FROM_FROZEN_ARTIFACT,renault_data_pipeline/data/renault_processed/210428/customers.csv
customer,210428,28412700,46.38,5.84,7,false,RECOVERED_FROM_FROZEN_ARTIFACT,renault_data_pipeline/data/renault_processed/210428/customers.csv
customer,210428,28472500,41.9,1.71,6,false,RECOVERED_FROM_FROZEN_ARTIFACT,renault_data_pipeline/data/renault_processed/210428/customers.csv
customer,210428,28482700,39.36,-0.45,3,false,RECOVERED_FROM_FROZEN_ARTIFACT,renault_data_pipeline/data/renault_processed/210428/customers.csv
customer,210428,28555602,45.8,21.33,11,false,RECOVERED_FROM_FROZEN_ARTIFACT,renault_data_pipeline/data/renault_processed/210428/customers.csv
customer,210428,28567300,47.59,18.36,9,false,RECOVERED_FROM_FROZEN_ARTIFACT,renault_data_pipeline/data/renault_processed/210428/customers.csv
customer,210428,28603900,49.09,18.96,10,false,RECOVERED_FROM_FROZEN_ARTIFACT,renault_data_pipeline/data/renault_processed/210428/customers.csv
customer,210428,28610400,49.77,1.97,5,false,RECOVERED_FROM_FROZEN_ARTIFACT,renault_data_pipeline/data/renault_processed/210428/customers.csv
customer,210428,28633900,45.1,7.57,7,false,RECOVERED_FROM_FROZEN_ARTIFACT,renault_data_pipeline/data/renault_processed/210428/customers.csv
customer,210428,28639700,51.79,-3.24,4,false,RECOVERED_FROM_FROZEN_ARTIFACT,renault_data_pipeline/data/renault_processed/210428/customers.csv
customer,210428,28660200,46.98,3.17,7,false,RECOVERED_FROM_FROZEN_ARTIFACT,renault_data_pipeline/data/renault_processed/210428/customers.csv
customer,210428,28681300,49.39,1.38,5,false,RECOVERED_FROM_FROZEN_ARTIFACT,renault_data_pipeline/data/renault_processed/210428/customers.csv
customer,210428,28787600,52.47,-1.47,4,false,RECOVERED_FROM_FROZEN_ARTIFACT,renault_data_pipeline/data/renault_processed/210428/customers.csv
customer,210428,28867401,45.8,15.18,9,false,RECOVERED_FROM_FROZEN_ARTIFACT,renault_data_pipeline/data/renault_processed/210428/customers.csv
customer,210428,28879100,45.87,15.09,9,false,RECOVERED_FROM_FROZEN_ARTIFACT,renault_data_pipeline/data/renault_processed/210428/customers.csv
customer,210428,28884600,50.92,5.53,7,false,RECOVERED_FROM_FROZEN_ARTIFACT,renault_data_pipeline/data/renault_processed/210428/customers.csv
customer,210428,28893400,51.62,-3.47,4,false,RECOVERED_FROM_FROZEN_ARTIFACT,renault_data_pipeline/data/renault_processed/210428/customers.csv
customer,210428,28898200,48.73,18.56,9,false,RECOVERED_FROM_FROZEN_ARTIFACT,renault_data_pipeline/data/renault_processed/210428/customers.csv
customer,210428,28989300,53.53,10.03,8,false,RECOVERED_FROM_FROZEN_ARTIFACT,renault_data_pipeline/data/renault_processed/210428/customers.csv
customer,210428,29221700,45.38,20.43,9,false,RECOVERED_FROM_FROZEN_ARTIFACT,renault_data_pipeline/data/renault_processed/210428/customers.csv
customer,210428,29249600,49.4,19.48,10,false,RECOVERED_FROM_FROZEN_ARTIFACT,renault_data_pipeline/data/renault_processed/210428/customers.csv
customer,210428,29324200,40.85,-8.48,2,false,RECOVERED_FROM_FROZEN_ARTIFACT,renault_data_pipeline/data/renault_processed/210428/customers.csv
customer,210428,29330900,47.57,9.37,8,false,RECOVERED_FROM_FROZEN_ARTIFACT,renault_data_pipeline/data/renault_processed/210428/customers.csv
customer,210428,29330901,50.52,2.84,7,false,RECOVERED_FROM_FROZEN_ARTIFACT,renault_data_pipeline/data/renault_processed/210428/customers.csv
customer,210428,29330904,43.3,-1.88,2,false,RECOVERED_FROM_FROZEN_ARTIFACT,renault_data_pipeline/data/renault_processed/210428/customers.csv
customer,210428,29350201,47.94,-2.38,5,false,RECOVERED_FROM_FROZEN_ARTIFACT,renault_data_pipeline/data/renault_processed/210428/customers.csv
customer,210428,29350204,50.09,3.53,7,false,RECOVERED_FROM_FROZEN_ARTIFACT,renault_data_pipeline/data/renault_processed/210428/customers.csv
customer,210428,29350205,47.29,-2.3,5,false,RECOVERED_FROM_FROZEN_ARTIFACT,renault_data_pipeline/data/renault_processed/210428/customers.csv
customer,210428,29350210,47.51,6.87,7,false,RECOVERED_FROM_FROZEN_ARTIFACT,renault_data_pipeline/data/renault_processed/210428/customers.csv
customer,210428,29350212,48.6,5.04,7,false,RECOVERED_FROM_FROZEN_ARTIFACT,renault_data_pipeline/data/renault_processed/210428/customers.csv
customer,210428,29350214,47.38,-1.1,5,false,RECOVERED_FROM_FROZEN_ARTIFACT,renault_data_pipeline/data/renault_processed/210428/customers.csv
customer,210428,29352200,40.9,-8.44,2,false,RECOVERED_FROM_FROZEN_ARTIFACT,renault_data_pipeline/data/renault_processed/210428/customers.csv
customer,210428,29352201,40.9,-8.44,2,false,RECOVERED_FROM_FROZEN_ARTIFACT,renault_data_pipeline/data/renault_processed/210428/customers.csv
customer,210428,29382801,45.07,24.81,11,false,RECOVERED_FROM_FROZEN_ARTIFACT,renault_data_pipeline/data/renault_processed/210428/customers.csv
customer,210428,29448401,49.99,4.68,7,false,RECOVERED_FROM_FROZEN_ARTIFACT,renault_data_pipeline/data/renault_processed/210428/customers.csv
customer,210428,29450102,42.78,-4.25,2,false,RECOVERED_FROM_FROZEN_ARTIFACT,renault_data_pipeline/data/renault_processed/210428/customers.csv
customer,210428,29527000,49.51,2.43,5,false,RECOVERED_FROM_FROZEN_ARTIFACT,renault_data_pipeline/data/renault_processed/210428/customers.csv
customer,210428,29685200,51.16,4.79,7,false,RECOVERED_FROM_FROZEN_ARTIFACT,renault_data_pipeline/data/renault_processed/210428/customers.csv
customer,210428,29685201,49.56,15.96,10,false,RECOVERED_FROM_FROZEN_ARTIFACT,renault_data_pipeline/data/renault_processed/210428/customers.csv
customer,210428,29685206,47.46,-0.62,5,false,RECOVERED_FROM_FROZEN_ARTIFACT,renault_data_pipeline/data/renault_processed/210428/customers.csv
customer,210428,29717101,42.78,-1.38,6,false,RECOVERED_FROM_FROZEN_ARTIFACT,renault_data_pipeline/data/renault_processed/210428/customers.csv
customer,210428,29721000,41.63,2.29,6,false,RECOVERED_FROM_FROZEN_ARTIFACT,renault_data_pipeline/data/renault_processed/210428/customers.csv
customer,210428,29807200,43.87,26.04,11,false,RECOVERED_FROM_FROZEN_ARTIFACT,renault_data_pipeline/data/renault_processed/210428/customers.csv
customer,210428,29855000,46.18,5.57,7,false,RECOVERED_FROM_FROZEN_ARTIFACT,renault_data_pipeline/data/renault_processed/210428/customers.csv
customer,210428,29937600,42.88,-2.31,2,false,RECOVERED_FROM_FROZEN_ARTIFACT,renault_data_pipeline/data/renault_processed/210428/customers.csv
customer,210428,29969301,40.57,-8.12,2,false,RECOVERED_FROM_FROZEN_ARTIFACT,renault_data_pipeline/data/renault_processed/210428/customers.csv
customer,210428,40006900,48.4,18.4,9,false,RECOVERED_FROM_FROZEN_ARTIFACT,renault_data_pipeline/data/renault_processed/210428/customers.csv
customer,210428,40084500,47.29,-2.3,5,false,RECOVERED_FROM_FROZEN_ARTIFACT,renault_data_pipeline/data/renault_processed/210428/customers.csv
customer,210428,40145700,41.82,-8.44,2,false,RECOVERED_FROM_FROZEN_ARTIFACT,renault_data_pipeline/data/renault_processed/210428/customers.csv
customer,210428,40163800,46.21,21.26,11,false,RECOVERED_FROM_FROZEN_ARTIFACT,renault_data_pipeline/data/renault_processed/210428/customers.csv
customer,210428,40168301,46.09,4.76,7,false,RECOVERED_FROM_FROZEN_ARTIFACT,renault_data_pipeline/data/renault_processed/210428/customers.csv
customer,210428,40192801,46.07,6.52,7,false,RECOVERED_FROM_FROZEN_ARTIFACT,renault_data_pipeline/data/renault_processed/210428/customers.csv
customer,210428,40193000,46.55,23.86,11,false,RECOVERED_FROM_FROZEN_ARTIFACT,renault_data_pipeline/data/renault_processed/210428/customers.csv
customer,210428,40217101,45.2,7.89,7,false,RECOVERED_FROM_FROZEN_ARTIFACT,renault_data_pipeline/data/renault_processed/210428/customers.csv
customer,210428,40253500,47.69,22.5,10,false,RECOVERED_FROM_FROZEN_ARTIFACT,renault_data_pipeline/data/renault_processed/210428/customers.csv
customer,210428,40317700,41.65,-0.78,6,false,RECOVERED_FROM_FROZEN_ARTIFACT,renault_data_pipeline/data/renault_processed/210428/customers.csv
customer,210428,40317703,39.47,-0.57,3,false,RECOVERED_FROM_FROZEN_ARTIFACT,renault_data_pipeline/data/renault_processed/210428/customers.csv
customer,210428,40475800,42.75,23.21,12,false,RECOVERED_FROM_FROZEN_ARTIFACT,renault_data_pipeline/data/renault_processed/210428/customers.csv
customer,210428,40618500,52.42,16.76,10,false,RECOVERED_FROM_FROZEN_ARTIFACT,renault_data_pipeline/data/renault_processed/210428/customers.csv
customer,210428,40654000,44.87,24.86,11,false,RECOVERED_FROM_FROZEN_ARTIFACT,renault_data_pipeline/data/renault_processed/210428/customers.csv
customer,210428,40741601,50.49,2.5,7,false,RECOVERED_FROM_FROZEN_ARTIFACT,renault_data_pipeline/data/renault_processed/210428/customers.csv
customer,210428,40741604,50.49,2.68,7,false,RECOVERED_FROM_FROZEN_ARTIFACT,renault_data_pipeline/data/renault_processed/210428/customers.csv
customer,210428,40771302,35.66,-5.67,1,true,RECOVERED_FROM_FROZEN_ARTIFACT,renault_data_pipeline/data/renault_processed/210428/customers.csv
customer,210428,40819100,47.63,18.29,9,false,RECOVERED_FROM_FROZEN_ARTIFACT,renault_data_pipeline/data/renault_processed/210428/customers.csv
customer,210428,40832000,47.08,21.86,9,false,RECOVERED_FROM_FROZEN_ARTIFACT,renault_data_pipeline/data/renault_processed/210428/customers.csv
customer,210428,40852000,49.22,18.57,10,false,RECOVERED_FROM_FROZEN_ARTIFACT,renault_data_pipeline/data/renault_processed/210428/customers.csv
customer,210428,40863401,42.83,-1.6,3,false,RECOVERED_FROM_FROZEN_ARTIFACT,renault_data_pipeline/data/renault_processed/210428/customers.csv
customer,210428,40906107,48.13,20.78,9,false,RECOVERED_FROM_FROZEN_ARTIFACT,renault_data_pipeline/data/renault_processed/210428/customers.csv
customer,210428,40909900,40.78,-8.59,2,false,RECOVERED_FROM_FROZEN_ARTIFACT,renault_data_pipeline/data/renault_processed/210428/customers.csv
customer,210428,40955700,45.73,21.26,11,false,RECOVERED_FROM_FROZEN_ARTIFACT,renault_data_pipeline/data/renault_processed/210428/customers.csv
customer,210428,40979700,44.92,24.87,11,false,RECOVERED_FROM_FROZEN_ARTIFACT,renault_data_pipeline/data/renault_processed/210428/customers.csv
customer,210428,41062600,45.02,24.9,11,false,RECOVERED_FROM_FROZEN_ARTIFACT,renault_data_pipeline/data/renault_processed/210428/customers.csv
customer,210428,41099501,47.37,19.12,9,false,RECOVERED_FROM_FROZEN_ARTIFACT,renault_data_pipeline/data/renault_processed/210428/customers.csv
customer,210428,41106800,52.4,-1.55,4,false,RECOVERED_FROM_FROZEN_ARTIFACT,renault_data_pipeline/data/renault_processed/210428/customers.csv
customer,210428,41156800,48.57,18.86,9,false,RECOVERED_FROM_FROZEN_ARTIFACT,renault_data_pipeline/data/renault_processed/210428/customers.csv
customer,210428,41223901,40.58,-8.12,2,false,RECOVERED_FROM_FROZEN_ARTIFACT,renault_data_pipeline/data/renault_processed/210428/customers.csv
customer,210428,41264800,42.12,-8.62,2,false,RECOVERED_FROM_FROZEN_ARTIFACT,renault_data_pipeline/data/renault_processed/210428/customers.csv
customer,210428,41379900,46.14,21.3,11,false,RECOVERED_FROM_FROZEN_ARTIFACT,renault_data_pipeline/data/renault_processed/210428/customers.csv
customer,210428,41397500,42.25,24.88,12,false,RECOVERED_FROM_FROZEN_ARTIFACT,renault_data_pipeline/data/renault_processed/210428/customers.csv
customer,210428,41428600,47.11,17.88,9,false,RECOVERED_FROM_FROZEN_ARTIFACT,renault_data_pipeline/data/renault_processed/210428/customers.csv
customer,210428,41462100,35.66,-5.67,1,false,RECOVERED_FROM_FROZEN_ARTIFACT,renault_data_pipeline/data/renault_processed/210428/customers.csv
customer,210428,41464600,42.85,-1.69,2,false,RECOVERED_FROM_FROZEN_ARTIFACT,renault_data_pipeline/data/renault_processed/210428/customers.csv
customer,210428,41482900,46.25,1.5,5,false,RECOVERED_FROM_FROZEN_ARTIFACT,renault_data_pipeline/data/renault_processed/210428/customers.csv
customer,210428,41484500,41.89,-8.55,2,false,RECOVERED_FROM_FROZEN_ARTIFACT,renault_data_pipeline/data/renault_processed/210428/customers.csv
customer,210428,41565300,49.47,5.86,7,false,RECOVERED_FROM_FROZEN_ARTIFACT,renault_data_pipeline/data/renault_processed/210428/customers.csv
customer,210428,41570200,44.56,2.24,6,false,RECOVERED_FROM_FROZEN_ARTIFACT,renault_data_pipeline/data/renault_processed/210428/customers.csv
customer,210428,41618900,42.18,24.33,12,false,RECOVERED_FROM_FROZEN_ARTIFACT,renault_data_pipeline/data/renault_processed/210428/customers.csv
customer,210428,41619000,44.41,7.82,7,false,RECOVERED_FROM_FROZEN_ARTIFACT,renault_data_pipeline/data/renault_processed/210428/customers.csv
customer,210428,41628700,47.18,18.4,9,false,RECOVERED_FROM_FROZEN_ARTIFACT,renault_data_pipeline/data/renault_processed/210428/customers.csv
customer,210428,41647900,34.26,-6.58,1,false,RECOVERED_FROM_FROZEN_ARTIFACT,renault_data_pipeline/data/renault_processed/210428/customers.csv
customer,210428,41681300,35.66,-5.66,1,false,RECOVERED_FROM_FROZEN_ARTIFACT,renault_data_pipeline/data/renault_processed/210428/customers.csv
customer,210428,41832900,35.78,-5.8,1,false,RECOVERED_FROM_FROZEN_ARTIFACT,renault_data_pipeline/data/renault_processed/210428/customers.csv
customer,210428,42116300,44.63,24.27,11,false,RECOVERED_FROM_FROZEN_ARTIFACT,renault_data_pipeline/data/renault_processed/210428/customers.csv
customer,210428,42126700,35.66,-5.65,1,false,RECOVERED_FROM_FROZEN_ARTIFACT,renault_data_pipeline/data/renault_processed/210428/customers.csv
customer,210428,42143100,48.18,7.01,7,false,RECOVERED_FROM_FROZEN_ARTIFACT,renault_data_pipeline/data/renault_processed/210428/customers.csv
customer,210428,42162600,49.84,4.78,7,false,RECOVERED_FROM_FROZEN_ARTIFACT,renault_data_pipeline/data/renault_processed/210428/customers.csv
customer,210428,42204601,43.0,1.62,6,false,RECOVERED_FROM_FROZEN_ARTIFACT,renault_data_pipeline/data/renault_processed/210428/customers.csv
customer,210428,42209602,49.01,12.14,8,false,RECOVERED_FROM_FROZEN_ARTIFACT,renault_data_pipeline/data/renault_processed/210428/customers.csv
customer,210428,42209605,50.98,9.78,8,false,RECOVERED_FROM_FROZEN_ARTIFACT,renault_data_pipeline/data/renault_processed/210428/customers.csv
customer,210428,42259201,35.72,-5.91,1,false,RECOVERED_FROM_FROZEN_ARTIFACT,renault_data_pipeline/data/renault_processed/210428/customers.csv
customer,210428,42299700,48.16,17.13,9,false,RECOVERED_FROM_FROZEN_ARTIFACT,renault_data_pipeline/data/renault_processed/210428/customers.csv
customer,210428,42319000,43.55,10.48,7,false,RECOVERED_FROM_FROZEN_ARTIFACT,renault_data_pipeline/data/renault_processed/210428/customers.csv
customer,210428,42375705,48.06,-1.7,5,false,RECOVERED_FROM_FROZEN_ARTIFACT,renault_data_pipeline/data/renault_processed/210428/customers.csv
customer,210428,42399802,50.55,7.95,8,false,RECOVERED_FROM_FROZEN_ARTIFACT,renault_data_pipeline/data/renault_processed/210428/customers.csv
customer,210428,42529900,41.41,1.99,6,false,RECOVERED_FROM_FROZEN_ARTIFACT,renault_data_pipeline/data/renault_processed/210428/customers.csv
customer,210428,42529901,40.82,-0.87,3,false,RECOVERED_FROM_FROZEN_ARTIFACT,renault_data_pipeline/data/renault_processed/210428/customers.csv
customer,210428,42529903,41.66,1.2,6,false,RECOVERED_FROM_FROZEN_ARTIFACT,renault_data_pipeline/data/renault_processed/210428/customers.csv
customer,210428,42541400,33.54,-7.73,1,false,RECOVERED_FROM_FROZEN_ARTIFACT,renault_data_pipeline/data/renault_processed/210428/customers.csv
customer,210428,42571100,43.93,21.37,11,false,RECOVERED_FROM_FROZEN_ARTIFACT,renault_data_pipeline/data/renault_processed/210428/customers.csv
customer,210428,42684502,46.79,21.63,9,false,RECOVERED_FROM_FROZEN_ARTIFACT,renault_data_pipeline/data/renault_processed/210428/customers.csv
customer,210428,42687200,41.83,-1.51,3,false,RECOVERED_FROM_FROZEN_ARTIFACT,renault_data_pipeline/data/renault_processed/210428/customers.csv
customer,210428,42713300,51.18,7.2,7,false,RECOVERED_FROM_FROZEN_ARTIFACT,renault_data_pipeline/data/renault_processed/210428/customers.csv
customer,210428,61186900,47.08,21.91,9,false,RECOVERED_FROM_FROZEN_ARTIFACT,renault_data_pipeline/data/renault_processed/210428/customers.csv
customer,210428,61187700,45.22,24.94,11,false,RECOVERED_FROM_FROZEN_ARTIFACT,renault_data_pipeline/data/renault_processed/210428/customers.csv
customer,210428,61190700,44.8,25.08,11,false,RECOVERED_FROM_FROZEN_ARTIFACT,renault_data_pipeline/data/renault_processed/210428/customers.csv
customer,210428,61190900,45.8,24.18,11,false,RECOVERED_FROM_FROZEN_ARTIFACT,renault_data_pipeline/data/renault_processed/210428/customers.csv
customer,210428,61198600,44.88,24.85,11,false,RECOVERED_FROM_FROZEN_ARTIFACT,renault_data_pipeline/data/renault_processed/210428/customers.csv
customer,210428,61198605,45.29,25.06,11,false,RECOVERED_FROM_FROZEN_ARTIFACT,renault_data_pipeline/data/renault_processed/210428/customers.csv
customer,210428,61199400,44.88,24.85,11,false,RECOVERED_FROM_FROZEN_ARTIFACT,renault_data_pipeline/data/renault_processed/210428/customers.csv
customer,210428,61200700,47.05,21.97,11,false,RECOVERED_FROM_FROZEN_ARTIFACT,renault_data_pipeline/data/renault_processed/210428/customers.csv
customer,210428,61203901,45.73,21.17,11,false,RECOVERED_FROM_FROZEN_ARTIFACT,renault_data_pipeline/data/renault_processed/210428/customers.csv
customer,210428,61204301,44.99,24.94,11,false,RECOVERED_FROM_FROZEN_ARTIFACT,renault_data_pipeline/data/renault_processed/210428/customers.csv
customer,210428,61204502,44.98,24.97,11,false,RECOVERED_FROM_FROZEN_ARTIFACT,renault_data_pipeline/data/renault_processed/210428/customers.csv
customer,210428,61205600,45.66,25.54,11,false,RECOVERED_FROM_FROZEN_ARTIFACT,renault_data_pipeline/data/renault_processed/210428/customers.csv
customer,210428,61995901,45.94,15.14,9,false,RECOVERED_FROM_FROZEN_ARTIFACT,renault_data_pipeline/data/renault_processed/210428/customers.csv
customer,210428,61996300,45.95,15.06,9,false,RECOVERED_FROM_FROZEN_ARTIFACT,renault_data_pipeline/data/renault_processed/210428/customers.csv
customer,210428,61996404,45.93,14.98,9,false,RECOVERED_FROM_FROZEN_ARTIFACT,renault_data_pipeline/data/renault_processed/210428/customers.csv
customer,210428,62127500,46.34,15.43,9,false,RECOVERED_FROM_FROZEN_ARTIFACT,renault_data_pipeline/data/renault_processed/210428/customers.csv
depot,210428,9624708,45.78,4.88,,false,RECOVERED_FROM_FROZEN_ARTIFACT,renault_data_pipeline/data/renault_processed/210428/depots.csv
depot,210428,90015100,48.98,1.85,,false,RECOVERED_FROM_FROZEN_ARTIFACT,renault_data_pipeline/data/renault_processed/210428/depots.csv
depot,210428,90015605,48.16,3.17,,false,RECOVERED_FROM_FROZEN_ARTIFACT,renault_data_pipeline/data/renault_processed/210428/depots.csv
depot,210428,90015700,44.8,24.99,,false,RECOVERED_FROM_FROZEN_ARTIFACT,renault_data_pipeline/data/renault_processed/210428/depots.csv
depot,210428,90016100,49.32,1.05,,false,RECOVERED_FROM_FROZEN_ARTIFACT,renault_data_pipeline/data/renault_processed/210428/depots.csv
depot,210428,90016200,50.28,3.91,,false,RECOVERED_FROM_FROZEN_ARTIFACT,renault_data_pipeline/data/renault_processed/210428/depots.csv
depot,210428,90016500,40.67,-8.62,,false,RECOVERED_FROM_FROZEN_ARTIFACT,renault_data_pipeline/data/renault_processed/210428/depots.csv
depot,210428,90016700,45.79,15.18,,false,RECOVERED_FROM_FROZEN_ARTIFACT,renault_data_pipeline/data/renault_processed/210428/depots.csv
depot,210428,90016900,49.17,5.98,,false,RECOVERED_FROM_FROZEN_ARTIFACT,renault_data_pipeline/data/renault_processed/210428/depots.csv
depot,210428,90017100,49.48,0.3,,false,RECOVERED_FROM_FROZEN_ARTIFACT,renault_data_pipeline/data/renault_processed/210428/depots.csv
depot,210428,90018300,49.91,1.09,,false,RECOVERED_FROM_FROZEN_ARTIFACT,renault_data_pipeline/data/renault_processed/210428/depots.csv
depot,210428,90018400,50.47,2.61,,false,RECOVERED_FROM_FROZEN_ARTIFACT,renault_data_pipeline/data/renault_processed/210428/depots.csv
depot,210428,90019100,50.36,3.03,,false,RECOVERED_FROM_FROZEN_ARTIFACT,renault_data_pipeline/data/renault_processed/210428/depots.csv
depot,210428,91017200,41.96,-4.5,,false,RECOVERED_FROM_FROZEN_ARTIFACT,renault_data_pipeline/data/renault_processed/210428/depots.csv
depot,210428,91017300,41.61,-4.73,,false,RECOVERED_FROM_FROZEN_ARTIFACT,renault_data_pipeline/data/renault_processed/210428/depots.csv
depot,210428,91017500,37.43,-5.98,,false,RECOVERED_FROM_FROZEN_ARTIFACT,renault_data_pipeline/data/renault_processed/210428/depots.csv
depot,210428,91017600,41.61,-4.73,,false,RECOVERED_FROM_FROZEN_ARTIFACT,renault_data_pipeline/data/renault_processed/210428/depots.csv
depot,210428,91017700,41.61,-4.73,,false,RECOVERED_FROM_FROZEN_ARTIFACT,renault_data_pipeline/data/renault_processed/210428/depots.csv
customer,210611,37402,49.37,6.22,7,false,RECOVERED_FROM_FROZEN_ARTIFACT,renault_data_pipeline/data/renault_processed/210611/customers.csv
customer,210611,187312,46.84,0.54,5,false,RECOVERED_FROM_FROZEN_ARTIFACT,renault_data_pipeline/data/renault_processed/210611/customers.csv
customer,210611,187313,45.55,3.26,5,false,RECOVERED_FROM_FROZEN_ARTIFACT,renault_data_pipeline/data/renault_processed/210611/customers.csv
customer,210611,201504,48.68,1.54,5,false,RECOVERED_FROM_FROZEN_ARTIFACT,renault_data_pipeline/data/renault_processed/210611/customers.csv
customer,210611,239407,48.39,18.0,9,false,RECOVERED_FROM_FROZEN_ARTIFACT,renault_data_pipeline/data/renault_processed/210611/customers.csv
customer,210611,239412,48.36,0.37,5,false,RECOVERED_FROM_FROZEN_ARTIFACT,renault_data_pipeline/data/renault_processed/210611/customers.csv
customer,210611,239414,48.37,0.56,5,true,RECOVERED_FROM_FROZEN_ARTIFACT,renault_data_pipeline/data/renault_processed/210611/customers.csv
customer,210611,292606,46.79,21.63,9,false,RECOVERED_FROM_FROZEN_ARTIFACT,renault_data_pipeline/data/renault_processed/210611/customers.csv
customer,210611,297201,45.33,1.91,5,false,RECOVERED_FROM_FROZEN_ARTIFACT,renault_data_pipeline/data/renault_processed/210611/customers.csv
customer,210611,322802,48.98,1.89,5,false,RECOVERED_FROM_FROZEN_ARTIFACT,renault_data_pipeline/data/renault_processed/210611/customers.csv
customer,210611,322806,47.53,6.86,7,false,RECOVERED_FROM_FROZEN_ARTIFACT,renault_data_pipeline/data/renault_processed/210611/customers.csv
customer,210611,419901,48.07,-0.74,5,false,RECOVERED_FROM_FROZEN_ARTIFACT,renault_data_pipeline/data/renault_processed/210611/customers.csv
customer,210611,440384,47.69,-0.86,5,false,RECOVERED_FROM_FROZEN_ARTIFACT,renault_data_pipeline/data/renault_processed/210611/customers.csv
customer,210611,487216,46.54,3.35,7,false,RECOVERED_FROM_FROZEN_ARTIFACT,renault_data_pipeline/data/renault_processed/210611/customers.csv
customer,210611,487229,51.16,17.16,10,false,RECOVERED_FROM_FROZEN_ARTIFACT,renault_data_pipeline/data/renault_processed/210611/customers.csv
customer,210611,487232,48.69,8.12,7,false,RECOVERED_FROM_FROZEN_ARTIFACT,renault_data_pipeline/data/renault_processed/210611/customers.csv
customer,210611,487248,41.31,1.63,6,false,RECOVERED_FROM_FROZEN_ARTIFACT,renault_data_pipeline/data/renault_processed/210611/customers.csv
customer,210611,487252,48.11,20.86,9,false,RECOVERED_FROM_FROZEN_ARTIFACT,renault_data_pipeline/data/renault_processed/210611/customers.csv
customer,210611,487282,50.94,5.49,7,false,RECOVERED_FROM_FROZEN_ARTIFACT,renault_data_pipeline/data/renault_processed/210611/customers.csv
customer,210611,631303,48.02,2.72,5,false,RECOVERED_FROM_FROZEN_ARTIFACT,renault_data_pipeline/data/renault_processed/210611/customers.csv
customer,210611,679301,49.46,5.86,7,false,RECOVERED_FROM_FROZEN_ARTIFACT,renault_data_pipeline/data/renault_processed/210611/customers.csv
customer,210611,772511,49.94,2.27,5,false,RECOVERED_FROM_FROZEN_ARTIFACT,renault_data_pipeline/data/renault_processed/210611/customers.csv
customer,210611,772529,47.08,-1.41,5,false,RECOVERED_FROM_FROZEN_ARTIFACT,renault_data_pipeline/data/renault_processed/210611/customers.csv
customer,210611,772544,49.29,5.68,7,false,RECOVERED_FROM_FROZEN_ARTIFACT,renault_data_pipeline/data/renault_processed/210611/customers.csv
customer,210611,785509,45.87,1.27,5,false,RECOVERED_FROM_FROZEN_ARTIFACT,renault_data_pipeline/data/renault_processed/210611/customers.csv
customer,210611,796810,48.04,1.87,5,false,RECOVERED_FROM_FROZEN_ARTIFACT,renault_data_pipeline/data/renault_processed/210611/customers.csv
customer,210611,865704,47.98,0.26,5,false,RECOVERED_FROM_FROZEN_ARTIFACT,renault_data_pipeline/data/renault_processed/210611/customers.csv
customer,210611,891401,45.88,3.63,7,false,RECOVERED_FROM_FROZEN_ARTIFACT,renault_data_pipeline/data/renault_processed/210611/customers.csv
customer,210611,891403,46.11,4.12,7,false,RECOVERED_FROM_FROZEN_ARTIFACT,renault_data_pipeline/data/renault_processed/210611/customers.csv
customer,210611,896615,41.55,2.26,6,false,RECOVERED_FROM_FROZEN_ARTIFACT,renault_data_pipeline/data/renault_processed/210611/customers.csv
customer,210611,896617,48.87,8.81,8,false,RECOVERED_FROM_FROZEN_ARTIFACT,renault_data_pipeline/data/renault_processed/210611/customers.csv
customer,210611,923601,49.44,1.91,5,false,RECOVERED_FROM_FROZEN_ARTIFACT,renault_data_pipeline/data/renault_processed/210611/customers.csv
customer,210611,923606,44.1,1.1,6,false,RECOVERED_FROM_FROZEN_ARTIFACT,renault_data_pipeline/data/renault_processed/210611/customers.csv
customer,210611,923610,41.54,2.04,6,false,RECOVERED_FROM_FROZEN_ARTIFACT,renault_data_pipeline/data/renault_processed/210611/customers.csv
customer,210611,923613,48.38,18.4,9,false,RECOVERED_FROM_FROZEN_ARTIFACT,renault_data_pipeline/data/renault_processed/210611/customers.csv
customer,210611,923619,44.84,24.89,11,false,RECOVERED_FROM_FROZEN_ARTIFACT,renault_data_pipeline/data/renault_processed/210611/customers.csv
customer,210611,923681,49.44,1.9,5,false,RECOVERED_FROM_FROZEN_ARTIFACT,renault_data_pipeline/data/renault_processed/210611/customers.csv
customer,210611,999301,47.01,-1.19,5,false,RECOVERED_FROM_FROZEN_ARTIFACT,renault_data_pipeline/data/renault_processed/210611/customers.csv
customer,210611,1105407,46.98,3.16,7,false,RECOVERED_FROM_FROZEN_ARTIFACT,renault_data_pipeline/data/renault_processed/210611/customers.csv
customer,210611,1132215,47.86,5.35,7,false,RECOVERED_FROM_FROZEN_ARTIFACT,renault_data_pipeline/data/renault_processed/210611/customers.csv
customer,210611,1156504,45.68,4.93,7,false,RECOVERED_FROM_FROZEN_ARTIFACT,renault_data_pipeline/data/renault_processed/210611/customers.csv
customer,210611,1295500,49.22,2.13,5,false,RECOVERED_FROM_FROZEN_ARTIFACT,renault_data_pipeline/data/renault_processed/210611/customers.csv
customer,210611,1295511,50.51,2.47,7,false,RECOVERED_FROM_FROZEN_ARTIFACT,renault_data_pipeline/data/renault_processed/210611/customers.csv
customer,210611,1295538,43.53,16.49,9,false,RECOVERED_FROM_FROZEN_ARTIFACT,renault_data_pipeline/data/renault_processed/210611/customers.csv
customer,210611,1295540,49.22,2.13,5,false,RECOVERED_FROM_FROZEN_ARTIFACT,renault_data_pipeline/data/renault_processed/210611/customers.csv
customer,210611,1295541,49.22,2.13,5,false,RECOVERED_FROM_FROZEN_ARTIFACT,renault_data_pipeline/data/renault_processed/210611/customers.csv
customer,210611,1341000,47.66,-2.71,5,false,RECOVERED_FROM_FROZEN_ARTIFACT,renault_data_pipeline/data/renault_processed/210611/customers.csv
customer,210611,1349812,47.99,2.44,5,false,RECOVERED_FROM_FROZEN_ARTIFACT,renault_data_pipeline/data/renault_processed/210611/customers.csv
customer,210611,1349826,44.89,24.84,11,false,RECOVERED_FROM_FROZEN_ARTIFACT,renault_data_pipeline/data/renault_processed/210611/customers.csv
customer,210611,1349831,33.79,-7.16,1,false,RECOVERED_FROM_FROZEN_ARTIFACT,renault_data_pipeline/data/renault_processed/210611/customers.csv
customer,210611,1470709,44.38,4.97,6,false,RECOVERED_FROM_FROZEN_ARTIFACT,renault_data_pipeline/data/renault_processed/210611/customers.csv
customer,210611,1607201,47.97,3.54,7,false,RECOVERED_FROM_FROZEN_ARTIFACT,renault_data_pipeline/data/renault_processed/210611/customers.csv
customer,210611,1650000,48.52,2.63,5,false,RECOVERED_FROM_FROZEN_ARTIFACT,renault_data_pipeline/data/renault_processed/210611/customers.csv
customer,210611,1665700,45.48,4.52,7,false,RECOVERED_FROM_FROZEN_ARTIFACT,renault_data_pipeline/data/renault_processed/210611/customers.csv
customer,210611,1670902,48.93,6.65,7,false,RECOVERED_FROM_FROZEN_ARTIFACT,renault_data_pipeline/data/renault_processed/210611/customers.csv
customer,210611,1689201,49.29,6.53,7,false,RECOVERED_FROM_FROZEN_ARTIFACT,renault_data_pipeline/data/renault_processed/210611/customers.csv
customer,210611,1746907,49.19,6.7,7,false,RECOVERED_FROM_FROZEN_ARTIFACT,renault_data_pipeline/data/renault_processed/210611/customers.csv
customer,210611,1874801,48.94,7.82,7,false,RECOVERED_FROM_FROZEN_ARTIFACT,renault_data_pipeline/data/renault_processed/210611/customers.csv
customer,210611,1925700,50.54,2.99,7,false,RECOVERED_FROM_FROZEN_ARTIFACT,renault_data_pipeline/data/renault_processed/210611/customers.csv
customer,210611,1925732,41.89,-5.06,2,true,RECOVERED_FROM_FROZEN_ARTIFACT,renault_data_pipeline/data/renault_processed/210611/customers.csv
customer,210611,1925734,43.53,16.49,9,false,RECOVERED_FROM_FROZEN_ARTIFACT,renault_data_pipeline/data/renault_processed/210611/customers.csv
customer,210611,1925736,41.89,-5.06,2,false,RECOVERED_FROM_FROZEN_ARTIFACT,renault_data_pipeline/data/renault_processed/210611/customers.csv
customer,210611,1960400,45.89,4.82,7,false,RECOVERED_FROM_FROZEN_ARTIFACT,renault_data_pipeline/data/renault_processed/210611/customers.csv
customer,210611,1994201,47.36,0.9,5,false,RECOVERED_FROM_FROZEN_ARTIFACT,renault_data_pipeline/data/renault_processed/210611/customers.csv
customer,210611,2096306,50.99,10.35,8,false,RECOVERED_FROM_FROZEN_ARTIFACT,renault_data_pipeline/data/renault_processed/210611/customers.csv
customer,210611,2096343,46.54,3.35,7,false,RECOVERED_FROM_FROZEN_ARTIFACT,renault_data_pipeline/data/renault_processed/210611/customers.csv
customer,210611,2096354,47.67,19.65,9,false,RECOVERED_FROM_FROZEN_ARTIFACT,renault_data_pipeline/data/renault_processed/210611/customers.csv
customer,210611,2096370,51.16,17.15,10,false,RECOVERED_FROM_FROZEN_ARTIFACT,renault_data_pipeline/data/renault_processed/210611/customers.csv
customer,210611,2096396,50.94,5.49,7,false,RECOVERED_FROM_FROZEN_ARTIFACT,renault_data_pipeline/data/renault_processed/210611/customers.csv
customer,210611,2115302,50.77,7.94,8,false,RECOVERED_FROM_FROZEN_ARTIFACT,renault_data_pipeline/data/renault_processed/210611/customers.csv
customer,210611,2152409,51.63,8.34,8,false,RECOVERED_FROM_FROZEN_ARTIFACT,renault_data_pipeline/data/renault_processed/210611/customers.csv
customer,210611,2154104,51.53,7.08,7,false,RECOVERED_FROM_FROZEN_ARTIFACT,renault_data_pipeline/data/renault_processed/210611/customers.csv
customer,210611,2192718,52.59,8.34,8,false,RECOVERED_FROM_FROZEN_ARTIFACT,renault_data_pipeline/data/renault_processed/210611/customers.csv
customer,210611,2395801,49.87,8.79,8,false,RECOVERED_FROM_FROZEN_ARTIFACT,renault_data_pipeline/data/renault_processed/210611/customers.csv
customer,210611,2406203,44.55,7.43,7,false,RECOVERED_FROM_FROZEN_ARTIFACT,renault_data_pipeline/data/renault_processed/210611/customers.csv
customer,210611,2407003,45.61,9.22,7,false,RECOVERED_FROM_FROZEN_ARTIFACT,renault_data_pipeline/data/renault_processed/210611/customers.csv
customer,210611,2417604,42.73,-1.61,3,false,RECOVERED_FROM_FROZEN_ARTIFACT,renault_data_pipeline/data/renault_processed/210611/customers.csv
customer,210611,2425700,40.85,-8.48,2,false,RECOVERED_FROM_FROZEN_ARTIFACT,renault_data_pipeline/data/renault_processed/210611/customers.csv
customer,210611,2471600,50.9,7.7,8,false,RECOVERED_FROM_FROZEN_ARTIFACT,renault_data_pipeline/data/renault_processed/210611/customers.csv
customer,210611,2477601,52.46,8.39,8,false,RECOVERED_FROM_FROZEN_ARTIFACT,renault_data_pipeline/data/renault_processed/210611/customers.csv
customer,210611,2487200,41.65,-4.73,2,false,RECOVERED_FROM_FROZEN_ARTIFACT,renault_data_pipeline/data/renault_processed/210611/customers.csv
customer,210611,2488101,43.31,-2.46,2,false,RECOVERED_FROM_FROZEN_ARTIFACT,renault_data_pipeline/data/renault_processed/210611/customers.csv
customer,210611,2488800,42.46,-2.41,2,false,RECOVERED_FROM_FROZEN_ARTIFACT,renault_data_pipeline/data/renault_processed/210611/customers.csv
customer,210611,2488803,35.77,-5.8,1,false,RECOVERED_FROM_FROZEN_ARTIFACT,renault_data_pipeline/data/renault_processed/210611/customers.csv
customer,210611,2488804,42.46,-2.41,2,false,RECOVERED_FROM_FROZEN_ARTIFACT,renault_data_pipeline/data/renault_processed/210611/customers.csv
customer,210611,2496900,43.17,-2.61,2,false,RECOVERED_FROM_FROZEN_ARTIFACT,renault_data_pipeline/data/renault_processed/210611/customers.csv
customer,210611,2504100,41.69,-0.97,6,false,RECOVERED_FROM_FROZEN_ARTIFACT,renault_data_pipeline/data/renault_processed/210611/customers.csv
customer,210611,2515600,41.2,-8.61,2,false,RECOVERED_FROM_FROZEN_ARTIFACT,renault_data_pipeline/data/renault_processed/210611/customers.csv
customer,210611,2519301,42.29,-7.82,2,false,RECOVERED_FROM_FROZEN_ARTIFACT,renault_data_pipeline/data/renault_processed/210611/customers.csv
customer,210611,2519302,41.28,-4.68,2,false,RECOVERED_FROM_FROZEN_ARTIFACT,renault_data_pipeline/data/renault_processed/210611/customers.csv
customer,210611,2519305,40.96,-4.21,3,false,RECOVERED_FROM_FROZEN_ARTIFACT,renault_data_pipeline/data/renault_processed/210611/customers.csv
customer,210611,2531500,50.82,9.01,8,false,RECOVERED_FROM_FROZEN_ARTIFACT,renault_data_pipeline/data/renault_processed/210611/customers.csv
customer,210611,2555100,43.3,-2.67,2,false,RECOVERED_FROM_FROZEN_ARTIFACT,renault_data_pipeline/data/renault_processed/210611/customers.csv
customer,210611,2555101,43.0,-1.66,2,false,RECOVERED_FROM_FROZEN_ARTIFACT,renault_data_pipeline/data/renault_processed/210611/customers.csv
customer,210611,2555108,43.2,-2.71,2,false,RECOVERED_FROM_FROZEN_ARTIFACT,renault_data_pipeline/data/renault_processed/210611/customers.csv
customer,210611,2555900,39.56,-1.93,3,false,RECOVERED_FROM_FROZEN_ARTIFACT,renault_data_pipeline/data/renault_processed/210611/customers.csv
customer,210611,2555901,39.56,-1.93,3,false,RECOVERED_FROM_FROZEN_ARTIFACT,renault_data_pipeline/data/renault_processed/210611/customers.csv
customer,210611,2562800,40.32,-3.46,3,false,RECOVERED_FROM_FROZEN_ARTIFACT,renault_data_pipeline/data/renault_processed/210611/customers.csv
customer,210611,2565001,40.54,-7.24,2,false,RECOVERED_FROM_FROZEN_ARTIFACT,renault_data_pipeline/data/renault_processed/210611/customers.csv
customer,210611,2567601,41.39,1.15,6,false,RECOVERED_FROM_FROZEN_ARTIFACT,renault_data_pipeline/data/renault_processed/210611/customers.csv
customer,210611,2570801,42.21,-8.76,2,false,RECOVERED_FROM_FROZEN_ARTIFACT,renault_data_pipeline/data/renault_processed/210611/customers.csv
customer,210611,2571500,40.49,-3.41,3,true,RECOVERED_FROM_FROZEN_ARTIFACT,renault_data_pipeline/data/renault_processed/210611/customers.csv
customer,210611,2571703,45.37,7.67,7,false,RECOVERED_FROM_FROZEN_ARTIFACT,renault_data_pipeline/data/renault_processed/210611/customers.csv
customer,210611,2573201,40.12,-3.66,3,false,RECOVERED_FROM_FROZEN_ARTIFACT,renault_data_pipeline/data/renault_processed/210611/customers.csv
customer,210611,2573202,41.83,-4.56,2,false,RECOVERED_FROM_FROZEN_ARTIFACT,renault_data_pipeline/data/renault_processed/210611/customers.csv
customer,210611,2573203,41.96,-8.68,2,false,RECOVERED_FROM_FROZEN_ARTIFACT,renault_data_pipeline/data/renault_processed/210611/customers.csv
customer,210611,2573206,41.78,1.86,6,false,RECOVERED_FROM_FROZEN_ARTIFACT,renault_data_pipeline/data/renault_processed/210611/customers.csv
customer,210611,2573209,40.88,-8.44,2,false,RECOVERED_FROM_FROZEN_ARTIFACT,renault_data_pipeline/data/renault_processed/210611/customers.csv
customer,210611,2573210,42.13,-8.63,2,false,RECOVERED_FROM_FROZEN_ARTIFACT,renault_data_pipeline/data/renault_processed/210611/customers.csv
customer,210611,2573211,38.09,-3.66,3,false,RECOVERED_FROM_FROZEN_ARTIFACT,renault_data_pipeline/data/renault_processed/210611/customers.csv
customer,210611,2573214,47.38,18.19,9,false,RECOVERED_FROM_FROZEN_ARTIFACT,renault_data_pipeline/data/renault_processed/210611/customers.csv
customer,210611,2573215,42.82,-1.7,2,false,RECOVERED_FROM_FROZEN_ARTIFACT,renault_data_pipeline/data/renault_processed/210611/customers.csv
customer,210611,2573218,42.75,-1.64,3,false,RECOVERED_FROM_FROZEN_ARTIFACT,renault_data_pipeline/data/renault_processed/210611/customers.csv
customer,210611,2573221,48.73,2.73,5,false,RECOVERED_FROM_FROZEN_ARTIFACT,renault_data_pipeline/data/renault_processed/210611/customers.csv
customer,210611,2573222,48.26,0.69,5,false,RECOVERED_FROM_FROZEN_ARTIFACT,renault_data_pipeline/data/renault_processed/210611/customers.csv
customer,210611,2573223,48.29,2.21,5,false,RECOVERED_FROM_FROZEN_ARTIFACT,renault_data_pipeline/data/renault_processed/210611/customers.csv
customer,210611,2573224,49.54,0.36,5,false,RECOVERED_FROM_FROZEN_ARTIFACT,renault_data_pipeline/data/renault_processed/210611/customers.csv
customer,210611,2573225,50.06,3.14,7,false,RECOVERED_FROM_FROZEN_ARTIFACT,renault_data_pipeline/data/renault_processed/210611/customers.csv
customer,210611,2573227,54.92,-1.51,4,false,RECOVERED_FROM_FROZEN_ARTIFACT,renault_data_pipeline/data/renault_processed/210611/customers.csv
customer,210611,2574200,42.36,-3.65,2,false,RECOVERED_FROM_FROZEN_ARTIFACT,renault_data_pipeline/data/renault_processed/210611/customers.csv
customer,210611,2576707,40.27,-3.74,3,false,RECOVERED_FROM_FROZEN_ARTIFACT,renault_data_pipeline/data/renault_processed/210611/customers.csv
customer,210611,2577101,41.78,-2.48,3,false,RECOVERED_FROM_FROZEN_ARTIFACT,renault_data_pipeline/data/renault_processed/210611/customers.csv
customer,210611,2577103,41.56,1.96,6,false,RECOVERED_FROM_FROZEN_ARTIFACT,renault_data_pipeline/data/renault_processed/210611/customers.csv
customer,210611,2578107,47.0,3.19,7,false,RECOVERED_FROM_FROZEN_ARTIFACT,renault_data_pipeline/data/renault_processed/210611/customers.csv
customer,210611,2578108,48.87,8.81,8,false,RECOVERED_FROM_FROZEN_ARTIFACT,renault_data_pipeline/data/renault_processed/210611/customers.csv
customer,210611,2578801,39.37,-0.43,3,false,RECOVERED_FROM_FROZEN_ARTIFACT,renault_data_pipeline/data/renault_processed/210611/customers.csv
customer,210611,2578901,42.0,-4.52,2,false,RECOVERED_FROM_FROZEN_ARTIFACT,renault_data_pipeline/data/renault_processed/210611/customers.csv
customer,210611,2579000,41.54,2.04,6,false,RECOVERED_FROM_FROZEN_ARTIFACT,renault_data_pipeline/data/renault_processed/210611/customers.csv
customer,210611,2585202,41.89,-1.71,3,false,RECOVERED_FROM_FROZEN_ARTIFACT,renault_data_pipeline/data/renault_processed/210611/customers.csv
customer,210611,2586306,41.47,2.03,6,false,RECOVERED_FROM_FROZEN_ARTIFACT,renault_data_pipeline/data/renault_processed/210611/customers.csv
customer,210611,2586307,42.39,-7.14,2,false,RECOVERED_FROM_FROZEN_ARTIFACT,renault_data_pipeline/data/renault_processed/210611/customers.csv
customer,210611,2588400,43.18,-2.52,2,false,RECOVERED_FROM_FROZEN_ARTIFACT,renault_data_pipeline/data/renault_processed/210611/customers.csv
customer,210611,2588603,41.56,1.96,6,false,RECOVERED_FROM_FROZEN_ARTIFACT,renault_data_pipeline/data/renault_processed/210611/customers.csv
customer,210611,2590706,40.33,-3.74,3,false,RECOVERED_FROM_FROZEN_ARTIFACT,renault_data_pipeline/data/renault_processed/210611/customers.csv
customer,210611,2594900,43.14,-2.49,2,false,RECOVERED_FROM_FROZEN_ARTIFACT,renault_data_pipeline/data/renault_processed/210611/customers.csv
customer,210611,2594901,43.14,-2.49,2,false,RECOVERED_FROM_FROZEN_ARTIFACT,renault_data_pipeline/data/renault_processed/210611/customers.csv
customer,210611,2601107,41.66,1.2,6,false,RECOVERED_FROM_FROZEN_ARTIFACT,renault_data_pipeline/data/renault_processed/210611/customers.csv
customer,210611,2611300,41.49,1.92,6,false,RECOVERED_FROM_FROZEN_ARTIFACT,renault_data_pipeline/data/renault_processed/210611/customers.csv
customer,210611,2617600,40.89,-8.48,2,false,RECOVERED_FROM_FROZEN_ARTIFACT,renault_data_pipeline/data/renault_processed/210611/customers.csv
customer,210611,2618500,40.88,-8.49,2,false,RECOVERED_FROM_FROZEN_ARTIFACT,renault_data_pipeline/data/renault_processed/210611/customers.csv
customer,210611,2621400,40.55,-3.27,3,false,RECOVERED_FROM_FROZEN_ARTIFACT,renault_data_pipeline/data/renault_processed/210611/customers.csv
customer,210611,2671602,45.2,7.89,7,false,RECOVERED_FROM_FROZEN_ARTIFACT,renault_data_pipeline/data/renault_processed/210611/customers.csv
customer,210611,2695000,44.93,7.84,7,false,RECOVERED_FROM_FROZEN_ARTIFACT,renault_data_pipeline/data/renault_processed/210611/customers.csv
customer,210611,2695003,52.71,-2.48,4,false,RECOVERED_FROM_FROZEN_ARTIFACT,renault_data_pipeline/data/renault_processed/210611/customers.csv
customer,210611,2705001,41.31,1.63,6,false,RECOVERED_FROM_FROZEN_ARTIFACT,renault_data_pipeline/data/renault_processed/210611/customers.csv
customer,210611,2705012,41.62,2.25,6,false,RECOVERED_FROM_FROZEN_ARTIFACT,renault_data_pipeline/data/renault_processed/210611/customers.csv
customer,210611,2706302,40.63,-4.02,3,false,RECOVERED_FROM_FROZEN_ARTIFACT,renault_data_pipeline/data/renault_processed/210611/customers.csv
customer,210611,2710400,52.62,6.06,7,false,RECOVERED_FROM_FROZEN_ARTIFACT,renault_data_pipeline/data/renault_processed/210611/customers.csv
customer,210611,2716000,50.31,9.8,8,false,RECOVERED_FROM_FROZEN_ARTIFACT,renault_data_pipeline/data/renault_processed/210611/customers.csv
customer,210611,2717500,51.69,-3.02,4,false,RECOVERED_FROM_FROZEN_ARTIFACT,renault_data_pipeline/data/renault_processed/210611/customers.csv
customer,210611,2727900,41.32,1.65,6,false,RECOVERED_FROM_FROZEN_ARTIFACT,renault_data_pipeline/data/renault_processed/210611/customers.csv
customer,210611,2744302,39.48,-8.18,2,false,RECOVERED_FROM_FROZEN_ARTIFACT,renault_data_pipeline/data/renault_processed/210611/customers.csv
customer,210611,2755800,42.56,12.6,9,false,RECOVERED_FROM_FROZEN_ARTIFACT,renault_data_pipeline/data/renault_processed/210611/customers.csv
customer,210611,2777900,43.53,16.49,9,false,RECOVERED_FROM_FROZEN_ARTIFACT,renault_data_pipeline/data/renault_processed/210611/customers.csv
customer,210611,2777901,45.81,15.88,9,false,RECOVERED_FROM_FROZEN_ARTIFACT,renault_data_pipeline/data/renault_processed/210611/customers.csv
customer,210611,2777907,46.18,15.85,9,false,RECOVERED_FROM_FROZEN_ARTIFACT,renault_data_pipeline/data/renault_processed/210611/customers.csv
customer,210611,2782800,41.55,1.68,6,false,RECOVERED_FROM_FROZEN_ARTIFACT,renault_data_pipeline/data/renault_processed/210611/customers.csv
customer,210611,2784400,47.31,7.87,7,false,RECOVERED_FROM_FROZEN_ARTIFACT,renault_data_pipeline/data/renault_processed/210611/customers.csv
customer,210611,2801802,43.07,-2.51,2,false,RECOVERED_FROM_FROZEN_ARTIFACT,renault_data_pipeline/data/renault_processed/210611/customers.csv
customer,210611,2801804,43.06,-2.49,2,false,RECOVERED_FROM_FROZEN_ARTIFACT,renault_data_pipeline/data/renault_processed/210611/customers.csv
customer,210611,2809400,50.43,15.38,10,false,RECOVERED_FROM_FROZEN_ARTIFACT,renault_data_pipeline/data/renault_processed/210611/customers.csv
customer,210611,2809407,50.62,16.08,10,false,RECOVERED_FROM_FROZEN_ARTIFACT,renault_data_pipeline/data/renault_processed/210611/customers.csv
customer,210611,2809600,41.54,2.16,6,false,RECOVERED_FROM_FROZEN_ARTIFACT,renault_data_pipeline/data/renault_processed/210611/customers.csv
customer,210611,2812100,46.38,15.39,9,false,RECOVERED_FROM_FROZEN_ARTIFACT,renault_data_pipeline/data/renault_processed/210611/customers.csv
customer,210611,2814600,41.57,1.67,6,true,RECOVERED_FROM_FROZEN_ARTIFACT,renault_data_pipeline/data/renault_processed/210611/customers.csv
customer,210611,2814605,41.58,1.65,6,false,RECOVERED_FROM_FROZEN_ARTIFACT,renault_data_pipeline/data/renault_processed/210611/customers.csv
customer,210611,2814606,41.96,-4.49,2,false,RECOVERED_FROM_FROZEN_ARTIFACT,renault_data_pipeline/data/renault_processed/210611/customers.csv
customer,210611,2819800,47.93,10.86,8,false,RECOVERED_FROM_FROZEN_ARTIFACT,renault_data_pipeline/data/renault_processed/210611/customers.csv
customer,210611,2820700,50.69,15.15,8,false,RECOVERED_FROM_FROZEN_ARTIFACT,renault_data_pipeline/data/renault_processed/210611/customers.csv
customer,210611,2822800,49.02,9.32,8,false,RECOVERED_FROM_FROZEN_ARTIFACT,renault_data_pipeline/data/renault_processed/210611/customers.csv
customer,210611,2823500,51.2,7.82,8,false,RECOVERED_FROM_FROZEN_ARTIFACT,renault_data_pipeline/data/renault_processed/210611/customers.csv
customer,210611,2852801,48.01,13.91,9,false,RECOVERED_FROM_FROZEN_ARTIFACT,renault_data_pipeline/data/renault_processed/210611/customers.csv
customer,210611,2858500,52.53,-1.77,4,false,RECOVERED_FROM_FROZEN_ARTIFACT,renault_data_pipeline/data/renault_processed/210611/customers.csv
customer,210611,2858601,44.92,7.24,7,false,RECOVERED_FROM_FROZEN_ARTIFACT,renault_data_pipeline/data/renault_processed/210611/customers.csv
customer,210611,2870302,51.7,-4.13,4,false,RECOVERED_FROM_FROZEN_ARTIFACT,renault_data_pipeline/data/renault_processed/210611/customers.csv
customer,210611,2870304,52.68,-2.04,4,false,RECOVERED_FROM_FROZEN_ARTIFACT,renault_data_pipeline/data/renault_processed/210611/customers.csv
customer,210611,2870900,54.77,-1.37,4,false,RECOVERED_FROM_FROZEN_ARTIFACT,renault_data_pipeline/data/renault_processed/210611/customers.csv
customer,210611,2878000,41.64,-0.98,6,false,RECOVERED_FROM_FROZEN_ARTIFACT,renault_data_pipeline/data/renault_processed/210611/customers.csv
customer,210611,2884100,43.16,-2.78,2,false,RECOVERED_FROM_FROZEN_ARTIFACT,renault_data_pipeline/data/renault_processed/210611/customers.csv
customer,210611,2884103,42.83,-1.6,3,false,RECOVERED_FROM_FROZEN_ARTIFACT,renault_data_pipeline/data/renault_processed/210611/customers.csv
customer,210611,2884108,43.21,-3.13,2,false,RECOVERED_FROM_FROZEN_ARTIFACT,renault_data_pipeline/data/renault_processed/210611/customers.csv
customer,210611,2888800,41.58,2.25,6,false,RECOVERED_FROM_FROZEN_ARTIFACT,renault_data_pipeline/data/renault_processed/210611/customers.csv
customer,210611,2888802,41.6,-1.27,3,false,RECOVERED_FROM_FROZEN_ARTIFACT,renault_data_pipeline/data/renault_processed/210611/customers.csv
customer,210611,2901101,41.08,-4.73,2,false,RECOVERED_FROM_FROZEN_ARTIFACT,renault_data_pipeline/data/renault_processed/210611/customers.csv
customer,210611,2909102,41.32,2.14,6,false,RECOVERED_FROM_FROZEN_ARTIFACT,renault_data_pipeline/data/renault_processed/210611/customers.csv
customer,210611,2926700,44.72,10.56,8,false,RECOVERED_FROM_FROZEN_ARTIFACT,renault_data_pipeline/data/renault_processed/210611/customers.csv
customer,210611,2928900,42.2,-8.76,2,false,RECOVERED_FROM_FROZEN_ARTIFACT,renault_data_pipeline/data/renault_processed/210611/customers.csv
customer,210611,2956702,42.86,-2.66,2,false,RECOVERED_FROM_FROZEN_ARTIFACT,renault_data_pipeline/data/renault_processed/210611/customers.csv
customer,210611,2971803,49.98,19.83,10,false,RECOVERED_FROM_FROZEN_ARTIFACT,renault_data_pipeline/data/renault_processed/210611/customers.csv
customer,210611,2983607,43.25,-4.06,2,false,RECOVERED_FROM_FROZEN_ARTIFACT,renault_data_pipeline/data/renault_processed/210611/customers.csv
customer,210611,3043100,48.15,7.55,7,false,RECOVERED_FROM_FROZEN_ARTIFACT,renault_data_pipeline/data/renault_processed/210611/customers.csv
customer,210611,3043102,49.6,5.08,7,false,RECOVERED_FROM_FROZEN_ARTIFACT,renault_data_pipeline/data/renault_processed/210611/customers.csv
customer,210611,3043109,50.1,11.38,8,true,RECOVERED_FROM_FROZEN_ARTIFACT,renault_data_pipeline/data/renault_processed/210611/customers.csv
customer,210611,3161400,47.29,5.02,7,false,RECOVERED_FROM_FROZEN_ARTIFACT,renault_data_pipeline/data/renault_processed/210611/customers.csv
customer,210611,3238100,48.96,2.96,7,false,RECOVERED_FROM_FROZEN_ARTIFACT,renault_data_pipeline/data/renault_processed/210611/customers.csv
customer,210611,3238102,49.23,1.17,5,false,RECOVERED_FROM_FROZEN_ARTIFACT,renault_data_pipeline/data/renault_processed/210611/customers.csv
customer,210611,3250100,48.6,1.69,5,false,RECOVERED_FROM_FROZEN_ARTIFACT,renault_data_pipeline/data/renault_processed/210611/customers.csv
customer,210611,3300400,46.36,2.6,5,false,RECOVERED_FROM_FROZEN_ARTIFACT,renault_data_pipeline/data/renault_processed/210611/customers.csv
customer,210611,3304500,49.02,2.17,5,false,RECOVERED_FROM_FROZEN_ARTIFACT,renault_data_pipeline/data/renault_processed/210611/customers.csv
customer,210611,3304502,49.22,2.13,5,false,RECOVERED_FROM_FROZEN_ARTIFACT,renault_data_pipeline/data/renault_processed/210611/customers.csv
customer,210611,3385400,46.06,6.57,7,false,RECOVERED_FROM_FROZEN_ARTIFACT,renault_data_pipeline/data/renault_processed/210611/customers.csv
customer,210611,3518002,48.57,2.23,5,false,RECOVERED_FROM_FROZEN_ARTIFACT,renault_data_pipeline/data/renault_processed/210611/customers.csv
customer,210611,3699203,49.87,2.53,7,false,RECOVERED_FROM_FROZEN_ARTIFACT,renault_data_pipeline/data/renault_processed/210611/customers.csv
customer,210611,3699209,40.1,-3.63,3,false,RECOVERED_FROM_FROZEN_ARTIFACT,renault_data_pipeline/data/renault_processed/210611/customers.csv
customer,210611,3699213,50.49,3.0,7,false,RECOVERED_FROM_FROZEN_ARTIFACT,renault_data_pipeline/data/renault_processed/210611/customers.csv
customer,210611,3699223,47.77,-0.27,5,false,RECOVERED_FROM_FROZEN_ARTIFACT,renault_data_pipeline/data/renault_processed/210611/customers.csv
customer,210611,3699225,48.85,-0.88,5,false,RECOVERED_FROM_FROZEN_ARTIFACT,renault_data_pipeline/data/renault_processed/210611/customers.csv
customer,210611,3782011,49.95,3.47,7,false,RECOVERED_FROM_FROZEN_ARTIFACT,renault_data_pipeline/data/renault_processed/210611/customers.csv
customer,210611,5083600,49.99,1.88,5,false,RECOVERED_FROM_FROZEN_ARTIFACT,renault_data_pipeline/data/renault_processed/210611/customers.csv
customer,210611,5134300,47.65,-2.09,5,false,RECOVERED_FROM_FROZEN_ARTIFACT,renault_data_pipeline/data/renault_processed/210611/customers.csv
customer,210611,5134305,47.21,-0.06,5,false,RECOVERED_FROM_FROZEN_ARTIFACT,renault_data_pipeline/data/renault_processed/210611/customers.csv
customer,210611,5248801,52.46,8.38,8,false,RECOVERED_FROM_FROZEN_ARTIFACT,renault_data_pipeline/data/renault_processed/210611/customers.csv
customer,210611,5315103,48.31,-0.06,5,false,RECOVERED_FROM_FROZEN_ARTIFACT,renault_data_pipeline/data/renault_processed/210611/customers.csv
customer,210611,5315124,47.33,0.7,5,false,RECOVERED_FROM_FROZEN_ARTIFACT,renault_data_pipeline/data/renault_processed/210611/customers.csv
customer,210611,5345308,54.76,-1.36,4,false,RECOVERED_FROM_FROZEN_ARTIFACT,renault_data_pipeline/data/renault_processed/210611/customers.csv
customer,210611,5345312,51.59,5.03,7,false,RECOVERED_FROM_FROZEN_ARTIFACT,renault_data_pipeline/data/renault_processed/210611/customers.csv
customer,210611,5594513,49.77,1.98,5,false,RECOVERED_FROM_FROZEN_ARTIFACT,renault_data_pipeline/data/renault_processed/210611/customers.csv
customer,210611,5877915,50.44,10.31,8,false,RECOVERED_FROM_FROZEN_ARTIFACT,renault_data_pipeline/data/renault_processed/210611/customers.csv
customer,210611,5877917,48.82,0.51,5,false,RECOVERED_FROM_FROZEN_ARTIFACT,renault_data_pipeline/data/renault_processed/210611/customers.csv
customer,210611,5898201,47.21,5.9,7,false,RECOVERED_FROM_FROZEN_ARTIFACT,renault_data_pipeline/data/renault_processed/210611/customers.csv
customer,210611,5915200,45.82,4.99,7,false,RECOVERED_FROM_FROZEN_ARTIFACT,renault_data_pipeline/data/renault_processed/210611/customers.csv
customer,210611,5965102,46.19,5.81,7,false,RECOVERED_FROM_FROZEN_ARTIFACT,renault_data_pipeline/data/renault_processed/210611/customers.csv
customer,210611,5965103,44.03,4.98,6,false,RECOVERED_FROM_FROZEN_ARTIFACT,renault_data_pipeline/data/renault_processed/210611/customers.csv
customer,210611,5965113,49.49,1.73,5,false,RECOVERED_FROM_FROZEN_ARTIFACT,renault_data_pipeline/data/renault_processed/210611/customers.csv
customer,210611,5965114,45.33,5.05,7,false,RECOVERED_FROM_FROZEN_ARTIFACT,renault_data_pipeline/data/renault_processed/210611/customers.csv
customer,210611,5965115,49.77,2.92,7,false,RECOVERED_FROM_FROZEN_ARTIFACT,renault_data_pipeline/data/renault_processed/210611/customers.csv
customer,210611,5965120,44.03,4.98,6,false,RECOVERED_FROM_FROZEN_ARTIFACT,renault_data_pipeline/data/renault_processed/210611/customers.csv
customer,210611,6002303,49.57,3.02,7,false,RECOVERED_FROM_FROZEN_ARTIFACT,renault_data_pipeline/data/renault_processed/210611/customers.csv
customer,210611,6166003,47.21,-0.06,5,false,RECOVERED_FROM_FROZEN_ARTIFACT,renault_data_pipeline/data/renault_processed/210611/customers.csv
customer,210611,6193205,47.76,7.3,7,false,RECOVERED_FROM_FROZEN_ARTIFACT,renault_data_pipeline/data/renault_processed/210611/customers.csv
customer,210611,6234902,50.4,1.96,5,false,RECOVERED_FROM_FROZEN_ARTIFACT,renault_data_pipeline/data/renault_processed/210611/customers.csv
customer,210611,6487400,43.56,1.39,6,false,RECOVERED_FROM_FROZEN_ARTIFACT,renault_data_pipeline/data/renault_processed/210611/customers.csv
customer,210611,6665215,47.85,2.74,5,false,RECOVERED_FROM_FROZEN_ARTIFACT,renault_data_pipeline/data/renault_processed/210611/customers.csv
customer,210611,6681302,48.82,6.72,7,false,RECOVERED_FROM_FROZEN_ARTIFACT,renault_data_pipeline/data/renault_processed/210611/customers.csv
customer,210611,6701102,49.27,4.01,7,false,RECOVERED_FROM_FROZEN_ARTIFACT,renault_data_pipeline/data/renault_processed/210611/customers.csv
customer,210611,6701103,48.08,-0.75,5,false,RECOVERED_FROM_FROZEN_ARTIFACT,renault_data_pipeline/data/renault_processed/210611/customers.csv
customer,210611,7204704,50.4,2.98,7,false,RECOVERED_FROM_FROZEN_ARTIFACT,renault_data_pipeline/data/renault_processed/210611/customers.csv
customer,210611,7235904,48.82,4.98,7,true,RECOVERED_FROM_FROZEN_ARTIFACT,renault_data_pipeline/data/renault_processed/210611/customers.csv
customer,210611,7235905,48.4,5.16,7,false,RECOVERED_FROM_FROZEN_ARTIFACT,renault_data_pipeline/data/renault_processed/210611/customers.csv
customer,210611,7235980,50.36,3.1,7,false,RECOVERED_FROM_FROZEN_ARTIFACT,renault_data_pipeline/data/renault_processed/210611/customers.csv
customer,210611,7421817,43.49,2.43,6,false,RECOVERED_FROM_FROZEN_ARTIFACT,renault_data_pipeline/data/renault_processed/210611/customers.csv
customer,210611,7562700,48.98,2.64,5,false,RECOVERED_FROM_FROZEN_ARTIFACT,renault_data_pipeline/data/renault_processed/210611/customers.csv
customer,210611,7562710,48.97,2.91,7,false,RECOVERED_FROM_FROZEN_ARTIFACT,renault_data_pipeline/data/renault_processed/210611/customers.csv
customer,210611,7684113,48.15,8.64,7,false,RECOVERED_FROM_FROZEN_ARTIFACT,renault_data_pipeline/data/renault_processed/210611/customers.csv
customer,210611,7768904,48.82,6.72,7,false,RECOVERED_FROM_FROZEN_ARTIFACT,renault_data_pipeline/data/renault_processed/210611/customers.csv
customer,210611,7823700,46.19,6.26,7,false,RECOVERED_FROM_FROZEN_ARTIFACT,renault_data_pipeline/data/renault_processed/210611/customers.csv
customer,210611,7908401,46.54,5.39,7,false,RECOVERED_FROM_FROZEN_ARTIFACT,renault_data_pipeline/data/renault_processed/210611/customers.csv
customer,210611,7908402,45.31,3.37,5,false,RECOVERED_FROM_FROZEN_ARTIFACT,renault_data_pipeline/data/renault_processed/210611/customers.csv
customer,210611,7908404,47.23,5.97,7,false,RECOVERED_FROM_FROZEN_ARTIFACT,renault_data_pipeline/data/renault_processed/210611/customers.csv
customer,210611,7908406,47.52,6.86,7,false,RECOVERED_FROM_FROZEN_ARTIFACT,renault_data_pipeline/data/renault_processed/210611/customers.csv
customer,210611,7908407,48.78,0.29,5,false,RECOVERED_FROM_FROZEN_ARTIFACT,renault_data_pipeline/data/renault_processed/210611/customers.csv
customer,210611,7908409,49.14,0.45,5,false,RECOVERED_FROM_FROZEN_ARTIFACT,renault_data_pipeline/data/renault_processed/210611/customers.csv
customer,210611,7908416,50.37,3.09,7,false,RECOVERED_FROM_FROZEN_ARTIFACT,renault_data_pipeline/data/renault_processed/210611/customers.csv
customer,210611,7908418,49.02,0.42,5,false,RECOVERED_FROM_FROZEN_ARTIFACT,renault_data_pipeline/data/renault_processed/210611/customers.csv
customer,210611,7908419,50.36,3.1,7,false,RECOVERED_FROM_FROZEN_ARTIFACT,renault_data_pipeline/data/renault_processed/210611/customers.csv
customer,210611,7908420,46.99,2.24,5,false,RECOVERED_FROM_FROZEN_ARTIFACT,renault_data_pipeline/data/renault_processed/210611/customers.csv
customer,210611,7908421,48.72,0.43,5,false,RECOVERED_FROM_FROZEN_ARTIFACT,renault_data_pipeline/data/renault_processed/210611/customers.csv
customer,210611,7908422,49.52,0.92,5,false,RECOVERED_FROM_FROZEN_ARTIFACT,renault_data_pipeline/data/renault_processed/210611/customers.csv
customer,210611,7960504,50.25,3.9,7,false,RECOVERED_FROM_FROZEN_ARTIFACT,renault_data_pipeline/data/renault_processed/210611/customers.csv
customer,210611,8010011,45.27,4.8,7,false,RECOVERED_FROM_FROZEN_ARTIFACT,renault_data_pipeline/data/renault_processed/210611/customers.csv
customer,210611,8015302,45.49,4.55,7,false,RECOVERED_FROM_FROZEN_ARTIFACT,renault_data_pipeline/data/renault_processed/210611/customers.csv
customer,210611,8225005,48.72,4.61,7,false,RECOVERED_FROM_FROZEN_ARTIFACT,renault_data_pipeline/data/renault_processed/210611/customers.csv
customer,210611,8906000,47.13,4.96,7,false,RECOVERED_FROM_FROZEN_ARTIFACT,renault_data_pipeline/data/renault_processed/210611/customers.csv
customer,210611,9500103,45.59,5.89,7,false,RECOVERED_FROM_FROZEN_ARTIFACT,renault_data_pipeline/data/renault_processed/210611/customers.csv
customer,210611,9500111,45.79,24.08,11,false,RECOVERED_FROM_FROZEN_ARTIFACT,renault_data_pipeline/data/renault_processed/210611/customers.csv
customer,210611,9500407,47.78,-3.33,5,false,RECOVERED_FROM_FROZEN_ARTIFACT,renault_data_pipeline/data/renault_processed/210611/customers.csv
customer,210611,9516300,40.67,-8.61,2,false,RECOVERED_FROM_FROZEN_ARTIFACT,renault_data_pipeline/data/renault_processed/210611/customers.csv
customer,210611,9639103,45.79,24.08,11,false,RECOVERED_FROM_FROZEN_ARTIFACT,renault_data_pipeline/data/renault_processed/210611/customers.csv
customer,210611,11106007,44.87,24.86,11,false,RECOVERED_FROM_FROZEN_ARTIFACT,renault_data_pipeline/data/renault_processed/210611/customers.csv
customer,210611,11106019,44.87,24.86,11,false,RECOVERED_FROM_FROZEN_ARTIFACT,renault_data_pipeline/data/renault_processed/210611/customers.csv
customer,210611,11106022,44.87,24.86,11,false,RECOVERED_FROM_FROZEN_ARTIFACT,renault_data_pipeline/data/renault_processed/210611/customers.csv
customer,210611,11106024,44.87,24.86,11,false,RECOVERED_FROM_FROZEN_ARTIFACT,renault_data_pipeline/data/renault_processed/210611/customers.csv
customer,210611,11109405,41.39,2.13,6,false,RECOVERED_FROM_FROZEN_ARTIFACT,renault_data_pipeline/data/renault_processed/210611/customers.csv
customer,210611,11152708,50.28,3.91,7,false,RECOVERED_FROM_FROZEN_ARTIFACT,renault_data_pipeline/data/renault_processed/210611/customers.csv
customer,210611,11152710,41.62,-4.73,2,false,RECOVERED_FROM_FROZEN_ARTIFACT,renault_data_pipeline/data/renault_processed/210611/customers.csv
customer,210611,11152711,41.94,-4.49,2,false,RECOVERED_FROM_FROZEN_ARTIFACT,renault_data_pipeline/data/renault_processed/210611/customers.csv
customer,210611,11152719,41.6,-4.7,2,false,RECOVERED_FROM_FROZEN_ARTIFACT,renault_data_pipeline/data/renault_processed/210611/customers.csv
customer,210611,11165100,49.1,9.19,8,false,RECOVERED_FROM_FROZEN_ARTIFACT,renault_data_pipeline/data/renault_processed/210611/customers.csv
customer,210611,11209701,45.54,9.34,7,false,RECOVERED_FROM_FROZEN_ARTIFACT,renault_data_pipeline/data/renault_processed/210611/customers.csv
customer,210611,11262808,54.91,-1.49,4,false,RECOVERED_FROM_FROZEN_ARTIFACT,renault_data_pipeline/data/renault_processed/210611/customers.csv
customer,210611,11419800,41.22,1.74,6,false,RECOVERED_FROM_FROZEN_ARTIFACT,renault_data_pipeline/data/renault_processed/210611/customers.csv
customer,210611,11425601,50.32,18.61,10,false,RECOVERED_FROM_FROZEN_ARTIFACT,renault_data_pipeline/data/renault_processed/210611/customers.csv
customer,210611,11451605,39.81,-7.53,2,false,RECOVERED_FROM_FROZEN_ARTIFACT,renault_data_pipeline/data/renault_processed/210611/customers.csv
customer,210611,11498900,43.1,-2.38,2,false,RECOVERED_FROM_FROZEN_ARTIFACT,renault_data_pipeline/data/renault_processed/210611/customers.csv
customer,210611,11509700,49.68,19.17,10,false,RECOVERED_FROM_FROZEN_ARTIFACT,renault_data_pipeline/data/renault_processed/210611/customers.csv
customer,210611,11509701,49.68,19.17,10,false,RECOVERED_FROM_FROZEN_ARTIFACT,renault_data_pipeline/data/renault_processed/210611/customers.csv
customer,210611,11509703,51.72,19.51,10,false,RECOVERED_FROM_FROZEN_ARTIFACT,renault_data_pipeline/data/renault_processed/210611/customers.csv
customer,210611,11509705,49.83,18.97,10,true,RECOVERED_FROM_FROZEN_ARTIFACT,renault_data_pipeline/data/renault_processed/210611/customers.csv
customer,210611,11511902,50.8,19.18,10,false,RECOVERED_FROM_FROZEN_ARTIFACT,renault_data_pipeline/data/renault_processed/210611/customers.csv
customer,210611,11512300,40.61,-7.3,2,false,RECOVERED_FROM_FROZEN_ARTIFACT,renault_data_pipeline/data/renault_processed/210611/customers.csv
customer,210611,11533100,50.27,18.7,10,false,RECOVERED_FROM_FROZEN_ARTIFACT,renault_data_pipeline/data/renault_processed/210611/customers.csv
customer,210611,11597100,44.85,24.87,11,false,RECOVERED_FROM_FROZEN_ARTIFACT,renault_data_pipeline/data/renault_processed/210611/customers.csv
customer,210611,11597102,44.85,24.87,11,false,RECOVERED_FROM_FROZEN_ARTIFACT,renault_data_pipeline/data/renault_processed/210611/customers.csv
customer,210611,11618300,41.89,-1.71,3,false,RECOVERED_FROM_FROZEN_ARTIFACT,renault_data_pipeline/data/renault_processed/210611/customers.csv
customer,210611,11635500,44.8,25.08,11,false,RECOVERED_FROM_FROZEN_ARTIFACT,renault_data_pipeline/data/renault_processed/210611/customers.csv
customer,210611,11641500,50.72,12.75,8,false,RECOVERED_FROM_FROZEN_ARTIFACT,renault_data_pipeline/data/renault_processed/210611/customers.csv
customer,210611,11677000,44.86,24.86,11,false,RECOVERED_FROM_FROZEN_ARTIFACT,renault_data_pipeline/data/renault_processed/210611/customers.csv
customer,210611,11677001,44.78,25.05,11,false,RECOVERED_FROM_FROZEN_ARTIFACT,renault_data_pipeline/data/renault_processed/210611/customers.csv
customer,210611,11711300,43.14,-2.6,2,false,RECOVERED_FROM_FROZEN_ARTIFACT,renault_data_pipeline/data/renault_processed/210611/customers.csv
customer,210611,11723200,54.91,-1.51,4,false,RECOVERED_FROM_FROZEN_ARTIFACT,renault_data_pipeline/data/renault_processed/210611/customers.csv
customer,210611,11738202,42.16,-8.71,2,false,RECOVERED_FROM_FROZEN_ARTIFACT,renault_data_pipeline/data/renault_processed/210611/customers.csv
customer,210611,11738406,42.37,-3.75,2,false,RECOVERED_FROM_FROZEN_ARTIFACT,renault_data_pipeline/data/renault_processed/210611/customers.csv
customer,210611,11740101,41.54,-4.66,2,false,RECOVERED_FROM_FROZEN_ARTIFACT,renault_data_pipeline/data/renault_processed/210611/customers.csv
customer,210611,11780001,51.63,-3.23,4,false,RECOVERED_FROM_FROZEN_ARTIFACT,renault_data_pipeline/data/renault_processed/210611/customers.csv
customer,210611,11780502,50.8,16.29,10,false,RECOVERED_FROM_FROZEN_ARTIFACT,renault_data_pipeline/data/renault_processed/210611/customers.csv
customer,210611,11780700,44.95,24.93,11,false,RECOVERED_FROM_FROZEN_ARTIFACT,renault_data_pipeline/data/renault_processed/210611/customers.csv
customer,210611,11869201,50.69,15.15,8,false,RECOVERED_FROM_FROZEN_ARTIFACT,renault_data_pipeline/data/renault_processed/210611/customers.csv
customer,210611,11869800,54.94,-1.46,4,false,RECOVERED_FROM_FROZEN_ARTIFACT,renault_data_pipeline/data/renault_processed/210611/customers.csv
customer,210611,11880500,39.26,-7.43,2,false,RECOVERED_FROM_FROZEN_ARTIFACT,renault_data_pipeline/data/renault_processed/210611/customers.csv
customer,210611,11895401,49.83,7.68,7,false,RECOVERED_FROM_FROZEN_ARTIFACT,renault_data_pipeline/data/renault_processed/210611/customers.csv
customer,210611,11895402,52.98,11.16,8,false,RECOVERED_FROM_FROZEN_ARTIFACT,renault_data_pipeline/data/renault_processed/210611/customers.csv
customer,210611,11989400,49.53,15.35,9,false,RECOVERED_FROM_FROZEN_ARTIFACT,renault_data_pipeline/data/renault_processed/210611/customers.csv
customer,210611,12008400,42.11,-8.62,2,false,RECOVERED_FROM_FROZEN_ARTIFACT,renault_data_pipeline/data/renault_processed/210611/customers.csv
customer,210611,12036000,41.34,1.69,6,false,RECOVERED_FROM_FROZEN_ARTIFACT,renault_data_pipeline/data/renault_processed/210611/customers.csv
customer,210611,12036001,41.62,-4.71,2,false,RECOVERED_FROM_FROZEN_ARTIFACT,renault_data_pipeline/data/renault_processed/210611/customers.csv
customer,210611,12036002,41.62,-4.71,2,false,RECOVERED_FROM_FROZEN_ARTIFACT,renault_data_pipeline/data/renault_processed/210611/customers.csv
customer,210611,12080401,44.84,24.99,11,false,RECOVERED_FROM_FROZEN_ARTIFACT,renault_data_pipeline/data/renault_processed/210611/customers.csv
customer,210611,21185900,49.91,4.13,7,false,RECOVERED_FROM_FROZEN_ARTIFACT,renault_data_pipeline/data/renault_processed/210611/customers.csv
customer,210611,21207305,45.79,24.09,11,false,RECOVERED_FROM_FROZEN_ARTIFACT,renault_data_pipeline/data/renault_processed/210611/customers.csv
customer,210611,21323400,46.27,5.66,7,false,RECOVERED_FROM_FROZEN_ARTIFACT,renault_data_pipeline/data/renault_processed/210611/customers.csv
customer,210611,21383500,44.51,0.15,6,false,RECOVERED_FROM_FROZEN_ARTIFACT,renault_data_pipeline/data/renault_processed/210611/customers.csv
customer,210611,21448500,50.36,3.53,7,false,RECOVERED_FROM_FROZEN_ARTIFACT,renault_data_pipeline/data/renault_processed/210611/customers.csv
customer,210611,21506700,48.05,-0.8,5,false,RECOVERED_FROM_FROZEN_ARTIFACT,renault_data_pipeline/data/renault_processed/210611/customers.csv
customer,210611,21549000,49.47,0.3,5,false,RECOVERED_FROM_FROZEN_ARTIFACT,renault_data_pipeline/data/renault_processed/210611/customers.csv
customer,210611,21652600,48.7,2.89,7,false,RECOVERED_FROM_FROZEN_ARTIFACT,renault_data_pipeline/data/renault_processed/210611/customers.csv
customer,210611,21660800,47.92,6.66,7,false,RECOVERED_FROM_FROZEN_ARTIFACT,renault_data_pipeline/data/renault_processed/210611/customers.csv
customer,210611,21792905,40.88,-8.63,2,false,RECOVERED_FROM_FROZEN_ARTIFACT,renault_data_pipeline/data/renault_processed/210611/customers.csv
customer,210611,21798202,48.1,-0.73,5,false,RECOVERED_FROM_FROZEN_ARTIFACT,renault_data_pipeline/data/renault_processed/210611/customers.csv
customer,210611,21865310,40.88,-8.63,2,false,RECOVERED_FROM_FROZEN_ARTIFACT,renault_data_pipeline/data/renault_processed/210611/customers.csv
customer,210611,21865312,50.38,3.03,7,false,RECOVERED_FROM_FROZEN_ARTIFACT,renault_data_pipeline/data/renault_processed/210611/customers.csv
customer,210611,21865316,44.54,25.22,11,false,RECOVERED_FROM_FROZEN_ARTIFACT,renault_data_pipeline/data/renault_processed/210611/customers.csv
customer,210611,21865320,41.96,-4.45,2,false,RECOVERED_FROM_FROZEN_ARTIFACT,renault_data_pipeline/data/renault_processed/210611/customers.csv
customer,210611,21958001,48.72,-0.52,5,false,RECOVERED_FROM_FROZEN_ARTIFACT,renault_data_pipeline/data/renault_processed/210611/customers.csv
customer,210611,22040200,49.27,1.79,5,false,RECOVERED_FROM_FROZEN_ARTIFACT,renault_data_pipeline/data/renault_processed/210611/customers.csv
customer,210611,22060301,49.21,6.21,7,false,RECOVERED_FROM_FROZEN_ARTIFACT,renault_data_pipeline/data/renault_processed/210611/customers.csv
customer,210611,22086204,45.47,4.44,7,false,RECOVERED_FROM_FROZEN_ARTIFACT,renault_data_pipeline/data/renault_processed/210611/customers.csv
customer,210611,22091301,50.31,2.95,7,false,RECOVERED_FROM_FROZEN_ARTIFACT,renault_data_pipeline/data/renault_processed/210611/customers.csv
customer,210611,22102700,48.11,2.36,5,false,RECOVERED_FROM_FROZEN_ARTIFACT,renault_data_pipeline/data/renault_processed/210611/customers.csv
customer,210611,23207007,48.96,21.27,10,false,RECOVERED_FROM_FROZEN_ARTIFACT,renault_data_pipeline/data/renault_processed/210611/customers.csv
customer,210611,23234501,48.76,-0.58,5,false,RECOVERED_FROM_FROZEN_ARTIFACT,renault_data_pipeline/data/renault_processed/210611/customers.csv
customer,210611,23235902,44.66,25.56,11,false,RECOVERED_FROM_FROZEN_ARTIFACT,renault_data_pipeline/data/renault_processed/210611/customers.csv
customer,210611,23342502,44.97,24.93,11,true,RECOVERED_FROM_FROZEN_ARTIFACT,renault_data_pipeline/data/renault_processed/210611/customers.csv
customer,210611,23344003,47.57,9.37,8,false,RECOVERED_FROM_FROZEN_ARTIFACT,renault_data_pipeline/data/renault_processed/210611/customers.csv
customer,210611,23376100,42.28,-7.83,2,false,RECOVERED_FROM_FROZEN_ARTIFACT,renault_data_pipeline/data/renault_processed/210611/customers.csv
customer,210611,23536810,43.6,1.36,6,false,RECOVERED_FROM_FROZEN_ARTIFACT,renault_data_pipeline/data/renault_processed/210611/customers.csv
customer,210611,23540700,50.58,15.71,10,false,RECOVERED_FROM_FROZEN_ARTIFACT,renault_data_pipeline/data/renault_processed/210611/customers.csv
customer,210611,23559601,49.83,19.96,10,false,RECOVERED_FROM_FROZEN_ARTIFACT,renault_data_pipeline/data/renault_processed/210611/customers.csv
customer,210611,23559700,53.07,-1.25,4,false,RECOVERED_FROM_FROZEN_ARTIFACT,renault_data_pipeline/data/renault_processed/210611/customers.csv
customer,210611,23579100,40.48,-8.09,2,false,RECOVERED_FROM_FROZEN_ARTIFACT,renault_data_pipeline/data/renault_processed/210611/customers.csv
customer,210611,23623000,46.05,8.92,7,false,RECOVERED_FROM_FROZEN_ARTIFACT,renault_data_pipeline/data/renault_processed/210611/customers.csv
customer,210611,23632305,45.21,7.89,7,false,RECOVERED_FROM_FROZEN_ARTIFACT,renault_data_pipeline/data/renault_processed/210611/customers.csv
customer,210611,23641200,48.6,-0.37,5,false,RECOVERED_FROM_FROZEN_ARTIFACT,renault_data_pipeline/data/renault_processed/210611/customers.csv
customer,210611,23642900,46.06,14.55,9,false,RECOVERED_FROM_FROZEN_ARTIFACT,renault_data_pipeline/data/renault_processed/210611/customers.csv
customer,210611,23676300,47.47,6.84,7,false,RECOVERED_FROM_FROZEN_ARTIFACT,renault_data_pipeline/data/renault_processed/210611/customers.csv
customer,210611,23676301,49.14,1.97,5,false,RECOVERED_FROM_FROZEN_ARTIFACT,renault_data_pipeline/data/renault_processed/210611/customers.csv
customer,210611,23676305,47.74,7.14,7,false,RECOVERED_FROM_FROZEN_ARTIFACT,renault_data_pipeline/data/renault_processed/210611/customers.csv
customer,210611,23697100,42.89,-2.16,2,false,RECOVERED_FROM_FROZEN_ARTIFACT,renault_data_pipeline/data/renault_processed/210611/customers.csv
customer,210611,23697101,39.83,-0.17,6,false,RECOVERED_FROM_FROZEN_ARTIFACT,renault_data_pipeline/data/renault_processed/210611/customers.csv
customer,210611,23709500,48.72,18.25,9,false,RECOVERED_FROM_FROZEN_ARTIFACT,renault_data_pipeline/data/renault_processed/210611/customers.csv
customer,210611,23779500,38.62,-0.59,3,false,RECOVERED_FROM_FROZEN_ARTIFACT,renault_data_pipeline/data/renault_processed/210611/customers.csv
customer,210611,23850600,48.9,1.4,5,false,RECOVERED_FROM_FROZEN_ARTIFACT,renault_data_pipeline/data/renault_processed/210611/customers.csv
customer,210611,23889408,50.04,15.78,10,false,RECOVERED_FROM_FROZEN_ARTIFACT,renault_data_pipeline/data/renault_processed/210611/customers.csv
customer,210611,23889418,49.3,20.66,10,false,RECOVERED_FROM_FROZEN_ARTIFACT,renault_data_pipeline/data/renault_processed/210611/customers.csv
customer,210611,23934607,49.98,19.83,10,false,RECOVERED_FROM_FROZEN_ARTIFACT,renault_data_pipeline/data/renault_processed/210611/customers.csv
customer,210611,23961600,46.17,21.27,11,false,RECOVERED_FROM_FROZEN_ARTIFACT,renault_data_pipeline/data/renault_processed/210611/customers.csv
customer,210611,23989200,48.96,2.48,5,false,RECOVERED_FROM_FROZEN_ARTIFACT,renault_data_pipeline/data/renault_processed/210611/customers.csv
customer,210611,24040300,50.1,13.71,8,false,RECOVERED_FROM_FROZEN_ARTIFACT,renault_data_pipeline/data/renault_processed/210611/customers.csv
customer,210611,24040302,50.1,13.71,8,false,RECOVERED_FROM_FROZEN_ARTIFACT,renault_data_pipeline/data/renault_processed/210611/customers.csv
customer,210611,24099000,49.33,14.11,8,false,RECOVERED_FROM_FROZEN_ARTIFACT,renault_data_pipeline/data/renault_processed/210611/customers.csv
customer,210611,24099001,48.97,16.52,9,false,RECOVERED_FROM_FROZEN_ARTIFACT,renault_data_pipeline/data/renault_processed/210611/customers.csv
customer,210611,24123500,47.21,18.43,9,false,RECOVERED_FROM_FROZEN_ARTIFACT,renault_data_pipeline/data/renault_processed/210611/customers.csv
customer,210611,24149200,51.07,5.16,7,false,RECOVERED_FROM_FROZEN_ARTIFACT,renault_data_pipeline/data/renault_processed/210611/customers.csv
customer,210611,24267400,49.23,19.3,10,false,RECOVERED_FROM_FROZEN_ARTIFACT,renault_data_pipeline/data/renault_processed/210611/customers.csv
customer,210611,24267502,41.75,-8.83,2,false,RECOVERED_FROM_FROZEN_ARTIFACT,renault_data_pipeline/data/renault_processed/210611/customers.csv
customer,210611,24279106,45.67,5.1,7,false,RECOVERED_FROM_FROZEN_ARTIFACT,renault_data_pipeline/data/renault_processed/210611/customers.csv
customer,210611,24303001,42.0,-4.51,2,false,RECOVERED_FROM_FROZEN_ARTIFACT,renault_data_pipeline/data/renault_processed/210611/customers.csv
customer,210611,24351800,41.94,-4.48,2,false,RECOVERED_FROM_FROZEN_ARTIFACT,renault_data_pipeline/data/renault_processed/210611/customers.csv
customer,210611,24405104,48.68,21.23,10,false,RECOVERED_FROM_FROZEN_ARTIFACT,renault_data_pipeline/data/renault_processed/210611/customers.csv
customer,210611,24412300,45.64,4.25,7,false,RECOVERED_FROM_FROZEN_ARTIFACT,renault_data_pipeline/data/renault_processed/210611/customers.csv
customer,210611,24412305,44.94,25.93,11,false,RECOVERED_FROM_FROZEN_ARTIFACT,renault_data_pipeline/data/renault_processed/210611/customers.csv
customer,210611,24421501,45.92,14.89,9,false,RECOVERED_FROM_FROZEN_ARTIFACT,renault_data_pipeline/data/renault_processed/210611/customers.csv
customer,210611,24557900,51.17,16.18,10,false,RECOVERED_FROM_FROZEN_ARTIFACT,renault_data_pipeline/data/renault_processed/210611/customers.csv
customer,210611,24700302,45.68,15.28,9,false,RECOVERED_FROM_FROZEN_ARTIFACT,renault_data_pipeline/data/renault_processed/210611/customers.csv
customer,210611,24700303,45.93,14.98,9,false,RECOVERED_FROM_FROZEN_ARTIFACT,renault_data_pipeline/data/renault_processed/210611/customers.csv
customer,210611,24705700,51.17,16.18,10,false,RECOVERED_FROM_FROZEN_ARTIFACT,renault_data_pipeline/data/renault_processed/210611/customers.csv
customer,210611,24935704,45.79,21.32,11,false,RECOVERED_FROM_FROZEN_ARTIFACT,renault_data_pipeline/data/renault_processed/210611/customers.csv
customer,210611,24975302,45.73,21.16,11,false,RECOVERED_FROM_FROZEN_ARTIFACT,renault_data_pipeline/data/renault_processed/210611/customers.csv
customer,210611,24979000,49.1,6.87,7,false,RECOVERED_FROM_FROZEN_ARTIFACT,renault_data_pipeline/data/renault_processed/210611/customers.csv
customer,210611,24979100,50.02,15.68,10,false,RECOVERED_FROM_FROZEN_ARTIFACT,renault_data_pipeline/data/renault_processed/210611/customers.csv
customer,210611,24989702,44.67,24.88,11,false,RECOVERED_FROM_FROZEN_ARTIFACT,renault_data_pipeline/data/renault_processed/210611/customers.csv
customer,210611,24989703,44.8,24.95,11,false,RECOVERED_FROM_FROZEN_ARTIFACT,renault_data_pipeline/data/renault_processed/210611/customers.csv
customer,210611,24993000,47.11,17.87,9,false,RECOVERED_FROM_FROZEN_ARTIFACT,renault_data_pipeline/data/renault_processed/210611/customers.csv
customer,210611,25047601,45.29,25.06,11,false,RECOVERED_FROM_FROZEN_ARTIFACT,renault_data_pipeline/data/renault_processed/210611/customers.csv
customer,210611,25047700,49.74,13.6,8,false,RECOVERED_FROM_FROZEN_ARTIFACT,renault_data_pipeline/data/renault_processed/210611/customers.csv
customer,210611,25050301,48.59,19.1,9,false,RECOVERED_FROM_FROZEN_ARTIFACT,renault_data_pipeline/data/renault_processed/210611/customers.csv
customer,210611,25104808,48.77,17.82,9,false,RECOVERED_FROM_FROZEN_ARTIFACT,renault_data_pipeline/data/renault_processed/210611/customers.csv
customer,210611,25116300,51.19,11.06,8,false,RECOVERED_FROM_FROZEN_ARTIFACT,renault_data_pipeline/data/renault_processed/210611/customers.csv
customer,210611,25125900,41.17,-8.44,2,false,RECOVERED_FROM_FROZEN_ARTIFACT,renault_data_pipeline/data/renault_processed/210611/customers.csv
customer,210611,25160200,47.87,1.92,5,false,RECOVERED_FROM_FROZEN_ARTIFACT,renault_data_pipeline/data/renault_processed/210611/customers.csv
customer,210611,25258200,47.73,22.87,11,false,RECOVERED_FROM_FROZEN_ARTIFACT,renault_data_pipeline/data/renault_processed/210611/customers.csv
customer,210611,25279800,49.29,7.08,7,false,RECOVERED_FROM_FROZEN_ARTIFACT,renault_data_pipeline/data/renault_processed/210611/customers.csv
customer,210611,25315000,33.6,-7.58,1,false,RECOVERED_FROM_FROZEN_ARTIFACT,renault_data_pipeline/data/renault_processed/210611/customers.csv
customer,210611,25344801,48.33,18.05,9,false,RECOVERED_FROM_FROZEN_ARTIFACT,renault_data_pipeline/data/renault_processed/210611/customers.csv
customer,210611,25348700,41.82,-6.72,2,false,RECOVERED_FROM_FROZEN_ARTIFACT,renault_data_pipeline/data/renault_processed/210611/customers.csv
customer,210611,25361700,41.97,-8.69,2,false,RECOVERED_FROM_FROZEN_ARTIFACT,renault_data_pipeline/data/renault_processed/210611/customers.csv
customer,210611,25425000,41.62,-4.7,2,false,RECOVERED_FROM_FROZEN_ARTIFACT,renault_data_pipeline/data/renault_processed/210611/customers.csv
customer,210611,25426800,50.24,15.79,10,false,RECOVERED_FROM_FROZEN_ARTIFACT,renault_data_pipeline/data/renault_processed/210611/customers.csv
customer,210611,25426900,50.37,19.78,10,false,RECOVERED_FROM_FROZEN_ARTIFACT,renault_data_pipeline/data/renault_processed/210611/customers.csv
customer,210611,25531901,47.11,23.9,11,false,RECOVERED_FROM_FROZEN_ARTIFACT,renault_data_pipeline/data/renault_processed/210611/customers.csv
customer,210611,25536100,41.31,1.26,6,false,RECOVERED_FROM_FROZEN_ARTIFACT,renault_data_pipeline/data/renault_processed/210611/customers.csv
customer,210611,25536102,41.31,1.26,6,false,RECOVERED_FROM_FROZEN_ARTIFACT,renault_data_pipeline/data/renault_processed/210611/customers.csv
customer,210611,25544200,44.38,8.28,7,false,RECOVERED_FROM_FROZEN_ARTIFACT,renault_data_pipeline/data/renault_processed/210611/customers.csv
customer,210611,25650916,48.72,9.35,8,false,RECOVERED_FROM_FROZEN_ARTIFACT,renault_data_pipeline/data/renault_processed/210611/customers.csv
customer,210611,25725702,43.2,-2.71,2,false,RECOVERED_FROM_FROZEN_ARTIFACT,renault_data_pipeline/data/renault_processed/210611/customers.csv
customer,210611,25734400,44.87,7.73,7,false,RECOVERED_FROM_FROZEN_ARTIFACT,renault_data_pipeline/data/renault_processed/210611/customers.csv
customer,210611,25746700,48.36,17.57,9,false,RECOVERED_FROM_FROZEN_ARTIFACT,renault_data_pipeline/data/renault_processed/210611/customers.csv
customer,210611,25756803,49.16,16.7,9,false,RECOVERED_FROM_FROZEN_ARTIFACT,renault_data_pipeline/data/renault_processed/210611/customers.csv
customer,210611,25767300,42.11,-8.63,2,false,RECOVERED_FROM_FROZEN_ARTIFACT,renault_data_pipeline/data/renault_processed/210611/customers.csv
customer,210611,25769300,43.28,-5.82,2,false,RECOVERED_FROM_FROZEN_ARTIFACT,renault_data_pipeline/data/renault_processed/210611/customers.csv
customer,210611,25782500,33.56,-7.67,1,false,RECOVERED_FROM_FROZEN_ARTIFACT,renault_data_pipeline/data/renault_processed/210611/customers.csv
customer,210611,25860700,47.26,-1.5,5,false,RECOVERED_FROM_FROZEN_ARTIFACT,renault_data_pipeline/data/renault_processed/210611/customers.csv
customer,210611,25869802,45.39,6.27,7,false,RECOVERED_FROM_FROZEN_ARTIFACT,renault_data_pipeline/data/renault_processed/210611/customers.csv
customer,210611,25877300,47.8,10.86,8,false,RECOVERED_FROM_FROZEN_ARTIFACT,renault_data_pipeline/data/renault_processed/210611/customers.csv
customer,210611,25915001,45.65,25.52,11,false,RECOVERED_FROM_FROZEN_ARTIFACT,renault_data_pipeline/data/renault_processed/210611/customers.csv
customer,210611,25929600,41.85,-1.94,3,false,RECOVERED_FROM_FROZEN_ARTIFACT,renault_data_pipeline/data/renault_processed/210611/customers.csv
customer,210611,25958400,44.94,25.95,11,false,RECOVERED_FROM_FROZEN_ARTIFACT,renault_data_pipeline/data/renault_processed/210611/customers.csv
customer,210611,26036500,46.36,5.77,7,false,RECOVERED_FROM_FROZEN_ARTIFACT,renault_data_pipeline/data/renault_processed/210611/customers.csv
customer,210611,26064700,49.46,17.13,10,false,RECOVERED_FROM_FROZEN_ARTIFACT,renault_data_pipeline/data/renault_processed/210611/customers.csv
customer,210611,26064702,49.46,17.13,10,false,RECOVERED_FROM_FROZEN_ARTIFACT,renault_data_pipeline/data/renault_processed/210611/customers.csv
customer,210611,26188600,49.29,4.03,7,false,RECOVERED_FROM_FROZEN_ARTIFACT,renault_data_pipeline/data/renault_processed/210611/customers.csv
customer,210611,26212000,44.95,24.93,11,false,RECOVERED_FROM_FROZEN_ARTIFACT,renault_data_pipeline/data/renault_processed/210611/customers.csv
customer,210611,26218801,50.67,13.98,8,false,RECOVERED_FROM_FROZEN_ARTIFACT,renault_data_pipeline/data/renault_processed/210611/customers.csv
customer,210611,26218804,50.68,13.96,8,false,RECOVERED_FROM_FROZEN_ARTIFACT,renault_data_pipeline/data/renault_processed/210611/customers.csv
customer,210611,26242400,46.88,19.62,9,false,RECOVERED_FROM_FROZEN_ARTIFACT,renault_data_pipeline/data/renault_processed/210611/customers.csv
customer,210611,26254901,50.74,11.87,8,false,RECOVERED_FROM_FROZEN_ARTIFACT,renault_data_pipeline/data/renault_processed/210611/customers.csv
customer,210611,26310500,49.23,19.3,10,false,RECOVERED_FROM_FROZEN_ARTIFACT,renault_data_pipeline/data/renault_processed/210611/customers.csv
customer,210611,26358500,47.98,18.19,9,false,RECOVERED_FROM_FROZEN_ARTIFACT,renault_data_pipeline/data/renault_processed/210611/customers.csv
customer,210611,26367200,47.86,17.78,9,true,RECOVERED_FROM_FROZEN_ARTIFACT,renault_data_pipeline/data/renault_processed/210611/customers.csv
customer,210611,26372000,48.04,19.8,9,false,RECOVERED_FROM_FROZEN_ARTIFACT,renault_data_pipeline/data/renault_processed/210611/customers.csv
customer,210611,26404400,44.97,24.91,11,false,RECOVERED_FROM_FROZEN_ARTIFACT,renault_data_pipeline/data/renault_processed/210611/customers.csv
customer,210611,26404500,47.51,6.86,7,false,RECOVERED_FROM_FROZEN_ARTIFACT,renault_data_pipeline/data/renault_processed/210611/customers.csv
customer,210611,26426200,50.36,13.82,8,false,RECOVERED_FROM_FROZEN_ARTIFACT,renault_data_pipeline/data/renault_processed/210611/customers.csv
customer,210611,26447800,44.66,25.55,11,false,RECOVERED_FROM_FROZEN_ARTIFACT,renault_data_pipeline/data/renault_processed/210611/customers.csv
customer,210611,26448500,47.12,9.5,8,false,RECOVERED_FROM_FROZEN_ARTIFACT,renault_data_pipeline/data/renault_processed/210611/customers.csv
customer,210611,26461201,46.21,21.25,11,false,RECOVERED_FROM_FROZEN_ARTIFACT,renault_data_pipeline/data/renault_processed/210611/customers.csv
customer,210611,26475101,49.16,5.9,7,false,RECOVERED_FROM_FROZEN_ARTIFACT,renault_data_pipeline/data/renault_processed/210611/customers.csv
customer,210611,26522500,46.21,21.26,11,false,RECOVERED_FROM_FROZEN_ARTIFACT,renault_data_pipeline/data/renault_processed/210611/customers.csv
customer,210611,26539800,45.15,7.76,7,false,RECOVERED_FROM_FROZEN_ARTIFACT,renault_data_pipeline/data/renault_processed/210611/customers.csv
customer,210611,26540200,45.81,21.19,11,false,RECOVERED_FROM_FROZEN_ARTIFACT,renault_data_pipeline/data/renault_processed/210611/customers.csv
customer,210611,26551501,45.3,25.06,11,false,RECOVERED_FROM_FROZEN_ARTIFACT,renault_data_pipeline/data/renault_processed/210611/customers.csv
customer,210611,26585501,38.59,-8.9,1,false,RECOVERED_FROM_FROZEN_ARTIFACT,renault_data_pipeline/data/renault_processed/210611/customers.csv
customer,210611,26610800,49.16,1.35,5,false,RECOVERED_FROM_FROZEN_ARTIFACT,renault_data_pipeline/data/renault_processed/210611/customers.csv
customer,210611,26743100,51.13,16.95,10,false,RECOVERED_FROM_FROZEN_ARTIFACT,renault_data_pipeline/data/renault_processed/210611/customers.csv
customer,210611,26815301,48.03,17.32,9,false,RECOVERED_FROM_FROZEN_ARTIFACT,renault_data_pipeline/data/renault_processed/210611/customers.csv
customer,210611,26976701,48.55,21.24,10,false,RECOVERED_FROM_FROZEN_ARTIFACT,renault_data_pipeline/data/renault_processed/210611/customers.csv
customer,210611,26977906,51.34,19.38,10,false,RECOVERED_FROM_FROZEN_ARTIFACT,renault_data_pipeline/data/renault_processed/210611/customers.csv
customer,210611,26992000,51.45,-0.89,4,false,RECOVERED_FROM_FROZEN_ARTIFACT,renault_data_pipeline/data/renault_processed/210611/customers.csv
customer,210611,27003000,52.28,-1.9,4,false,RECOVERED_FROM_FROZEN_ARTIFACT,renault_data_pipeline/data/renault_processed/210611/customers.csv
customer,210611,27029800,50.27,3.33,7,false,RECOVERED_FROM_FROZEN_ARTIFACT,renault_data_pipeline/data/renault_processed/210611/customers.csv
customer,210611,27029901,48.22,3.28,7,false,RECOVERED_FROM_FROZEN_ARTIFACT,renault_data_pipeline/data/renault_processed/210611/customers.csv
customer,210611,27046701,48.24,17.36,9,false,RECOVERED_FROM_FROZEN_ARTIFACT,renault_data_pipeline/data/renault_processed/210611/customers.csv
customer,210611,27076500,46.14,14.4,9,false,RECOVERED_FROM_FROZEN_ARTIFACT,renault_data_pipeline/data/renault_processed/210611/customers.csv
customer,210611,27083201,49.83,19.07,10,false,RECOVERED_FROM_FROZEN_ARTIFACT,renault_data_pipeline/data/renault_processed/210611/customers.csv
customer,210611,27095301,49.03,3.37,7,false,RECOVERED_FROM_FROZEN_ARTIFACT,renault_data_pipeline/data/renault_processed/210611/customers.csv
customer,210611,27105202,49.02,0.42,5,false,RECOVERED_FROM_FROZEN_ARTIFACT,renault_data_pipeline/data/renault_processed/210611/customers.csv
customer,210611,27105203,46.99,2.24,5,false,RECOVERED_FROM_FROZEN_ARTIFACT,renault_data_pipeline/data/renault_processed/210611/customers.csv
customer,210611,27105208,48.72,0.42,5,false,RECOVERED_FROM_FROZEN_ARTIFACT,renault_data_pipeline/data/renault_processed/210611/customers.csv
customer,210611,27107002,50.41,14.95,8,false,RECOVERED_FROM_FROZEN_ARTIFACT,renault_data_pipeline/data/renault_processed/210611/customers.csv
customer,210611,27125600,47.48,6.78,7,false,RECOVERED_FROM_FROZEN_ARTIFACT,renault_data_pipeline/data/renault_processed/210611/customers.csv
customer,210611,27125700,52.21,20.6,10,false,RECOVERED_FROM_FROZEN_ARTIFACT,renault_data_pipeline/data/renault_processed/210611/customers.csv
customer,210611,27137200,47.51,7.01,7,false,RECOVERED_FROM_FROZEN_ARTIFACT,renault_data_pipeline/data/renault_processed/210611/customers.csv
customer,210611,27137300,45.15,1.48,5,false,RECOVERED_FROM_FROZEN_ARTIFACT,renault_data_pipeline/data/renault_processed/210611/customers.csv
customer,210611,27137400,45.95,4.82,7,false,RECOVERED_FROM_FROZEN_ARTIFACT,renault_data_pipeline/data/renault_processed/210611/customers.csv
customer,210611,27157400,48.16,6.46,7,false,RECOVERED_FROM_FROZEN_ARTIFACT,renault_data_pipeline/data/renault_processed/210611/customers.csv
customer,210611,27184300,35.72,-5.91,1,false,RECOVERED_FROM_FROZEN_ARTIFACT,renault_data_pipeline/data/renault_processed/210611/customers.csv
customer,210611,27218001,41.94,-4.5,2,false,RECOVERED_FROM_FROZEN_ARTIFACT,renault_data_pipeline/data/renault_processed/210611/customers.csv
customer,210611,27287200,47.24,16.65,9,false,RECOVERED_FROM_FROZEN_ARTIFACT,renault_data_pipeline/data/renault_processed/210611/customers.csv
customer,210611,27330601,45.8,21.33,11,false,RECOVERED_FROM_FROZEN_ARTIFACT,renault_data_pipeline/data/renault_processed/210611/customers.csv
customer,210611,27330602,45.83,21.28,11,false,RECOVERED_FROM_FROZEN_ARTIFACT,renault_data_pipeline/data/renault_processed/210611/customers.csv
customer,210611,27352000,46.61,0.34,5,false,RECOVERED_FROM_FROZEN_ARTIFACT,renault_data_pipeline/data/renault_processed/210611/customers.csv
customer,210611,27359000,48.25,18.3,9,false,RECOVERED_FROM_FROZEN_ARTIFACT,renault_data_pipeline/data/renault_processed/210611/customers.csv
customer,210611,27368600,49.29,15.07,9,false,RECOVERED_FROM_FROZEN_ARTIFACT,renault_data_pipeline/data/renault_processed/210611/customers.csv
customer,210611,27369300,45.73,21.27,11,false,RECOVERED_FROM_FROZEN_ARTIFACT,renault_data_pipeline/data/renault_processed/210611/customers.csv
customer,210611,27376300,43.4,-3.84,2,false,RECOVERED_FROM_FROZEN_ARTIFACT,renault_data_pipeline/data/renault_processed/210611/customers.csv
customer,210611,27395900,47.24,16.33,9,false,RECOVERED_FROM_FROZEN_ARTIFACT,renault_data_pipeline/data/renault_processed/210611/customers.csv
customer,210611,27396000,42.21,-8.75,2,false,RECOVERED_FROM_FROZEN_ARTIFACT,renault_data_pipeline/data/renault_processed/210611/customers.csv
customer,210611,27442306,35.72,-5.92,1,false,RECOVERED_FROM_FROZEN_ARTIFACT,renault_data_pipeline/data/renault_processed/210611/customers.csv
customer,210611,27472714,49.5,16.6,10,false,RECOVERED_FROM_FROZEN_ARTIFACT,renault_data_pipeline/data/renault_processed/210611/customers.csv
customer,210611,27473600,41.63,2.18,6,false,RECOVERED_FROM_FROZEN_ARTIFACT,renault_data_pipeline/data/renault_processed/210611/customers.csv
customer,210611,27477001,50.04,15.58,10,false,RECOVERED_FROM_FROZEN_ARTIFACT,renault_data_pipeline/data/renault_processed/210611/customers.csv
customer,210611,27490404,42.7,-2.92,2,false,RECOVERED_FROM_FROZEN_ARTIFACT,renault_data_pipeline/data/renault_processed/210611/customers.csv
customer,210611,27513501,35.66,-5.65,1,false,RECOVERED_FROM_FROZEN_ARTIFACT,renault_data_pipeline/data/renault_processed/210611/customers.csv
customer,210611,27535300,45.79,21.32,11,false,RECOVERED_FROM_FROZEN_ARTIFACT,renault_data_pipeline/data/renault_processed/210611/customers.csv
customer,210611,27562001,50.35,19.26,10,false,RECOVERED_FROM_FROZEN_ARTIFACT,renault_data_pipeline/data/renault_processed/210611/customers.csv
customer,210611,27593900,47.27,-1.5,5,false,RECOVERED_FROM_FROZEN_ARTIFACT,renault_data_pipeline/data/renault_processed/210611/customers.csv
customer,210611,27594100,40.65,-3.19,3,false,RECOVERED_FROM_FROZEN_ARTIFACT,renault_data_pipeline/data/renault_processed/210611/customers.csv
customer,210611,27617701,45.95,4.81,7,false,RECOVERED_FROM_FROZEN_ARTIFACT,renault_data_pipeline/data/renault_processed/210611/customers.csv
customer,210611,27636501,47.9,0.03,5,false,RECOVERED_FROM_FROZEN_ARTIFACT,renault_data_pipeline/data/renault_processed/210611/customers.csv
customer,210611,27690200,45.66,25.61,11,false,RECOVERED_FROM_FROZEN_ARTIFACT,renault_data_pipeline/data/renault_processed/210611/customers.csv
customer,210611,27731900,43.13,-2.57,2,false,RECOVERED_FROM_FROZEN_ARTIFACT,renault_data_pipeline/data/renault_processed/210611/customers.csv
customer,210611,27752300,41.62,25.38,12,true,RECOVERED_FROM_FROZEN_ARTIFACT,renault_data_pipeline/data/renault_processed/210611/customers.csv
customer,210611,27752302,47.37,19.12,9,false,RECOVERED_FROM_FROZEN_ARTIFACT,renault_data_pipeline/data/renault_processed/210611/customers.csv
customer,210611,27797100,49.05,7.05,7,false,RECOVERED_FROM_FROZEN_ARTIFACT,renault_data_pipeline/data/renault_processed/210611/customers.csv
customer,210611,27805100,54.91,-1.49,4,false,RECOVERED_FROM_FROZEN_ARTIFACT,renault_data_pipeline/data/renault_processed/210611/customers.csv
customer,210611,27830400,49.24,6.15,7,false,RECOVERED_FROM_FROZEN_ARTIFACT,renault_data_pipeline/data/renault_processed/210611/customers.csv
customer,210611,27830500,49.24,6.15,7,false,RECOVERED_FROM_FROZEN_ARTIFACT,renault_data_pipeline/data/renault_processed/210611/customers.csv
customer,210611,27845100,42.43,25.66,12,false,RECOVERED_FROM_FROZEN_ARTIFACT,renault_data_pipeline/data/renault_processed/210611/customers.csv
customer,210611,27862302,53.77,-1.55,4,false,RECOVERED_FROM_FROZEN_ARTIFACT,renault_data_pipeline/data/renault_processed/210611/customers.csv
customer,210611,27902200,47.55,-0.11,5,false,RECOVERED_FROM_FROZEN_ARTIFACT,renault_data_pipeline/data/renault_processed/210611/customers.csv
customer,210611,27988400,41.55,2.03,6,false,RECOVERED_FROM_FROZEN_ARTIFACT,renault_data_pipeline/data/renault_processed/210611/customers.csv
customer,210611,27996500,44.79,24.98,11,false,RECOVERED_FROM_FROZEN_ARTIFACT,renault_data_pipeline/data/renault_processed/210611/customers.csv
customer,210611,28018200,48.04,19.79,9,false,RECOVERED_FROM_FROZEN_ARTIFACT,renault_data_pipeline/data/renault_processed/210611/customers.csv
customer,210611,28058401,49.3,4.12,7,false,RECOVERED_FROM_FROZEN_ARTIFACT,renault_data_pipeline/data/renault_processed/210611/customers.csv
customer,210611,28058405,49.28,4.06,7,false,RECOVERED_FROM_FROZEN_ARTIFACT,renault_data_pipeline/data/renault_processed/210611/customers.csv
customer,210611,28064002,51.46,7.62,8,false,RECOVERED_FROM_FROZEN_ARTIFACT,renault_data_pipeline/data/renault_processed/210611/customers.csv
customer,210611,28075900,49.68,13.42,8,false,RECOVERED_FROM_FROZEN_ARTIFACT,renault_data_pipeline/data/renault_processed/210611/customers.csv
customer,210611,28075902,49.68,13.42,8,false,RECOVERED_FROM_FROZEN_ARTIFACT,renault_data_pipeline/data/renault_processed/210611/customers.csv
customer,210611,28075904,40.5,-3.41,3,false,RECOVERED_FROM_FROZEN_ARTIFACT,renault_data_pipeline/data/renault_processed/210611/customers.csv
customer,210611,28075907,49.29,13.14,8,false,RECOVERED_FROM_FROZEN_ARTIFACT,renault_data_pipeline/data/renault_processed/210611/customers.csv
customer,210611,28075908,51.5,-0.43,4,false,RECOVERED_FROM_FROZEN_ARTIFACT,renault_data_pipeline/data/renault_processed/210611/customers.csv
customer,210611,28075911,50.96,5.3,7,false,RECOVERED_FROM_FROZEN_ARTIFACT,renault_data_pipeline/data/renault_processed/210611/customers.csv
customer,210611,28130500,47.92,19.12,9,false,RECOVERED_FROM_FROZEN_ARTIFACT,renault_data_pipeline/data/renault_processed/210611/customers.csv
customer,210611,28237800,54.53,-1.36,4,true,RECOVERED_FROM_FROZEN_ARTIFACT,renault_data_pipeline/data/renault_processed/210611/customers.csv
customer,210611,28253900,43.3,-1.9,2,false,RECOVERED_FROM_FROZEN_ARTIFACT,renault_data_pipeline/data/renault_processed/210611/customers.csv
customer,210611,28271902,43.53,16.49,9,false,RECOVERED_FROM_FROZEN_ARTIFACT,renault_data_pipeline/data/renault_processed/210611/customers.csv
customer,210611,28276400,35.72,-5.91,1,false,RECOVERED_FROM_FROZEN_ARTIFACT,renault_data_pipeline/data/renault_processed/210611/customers.csv
customer,210611,28279401,51.19,11.06,8,false,RECOVERED_FROM_FROZEN_ARTIFACT,renault_data_pipeline/data/renault_processed/210611/customers.csv
customer,210611,28328400,48.42,17.04,9,false,RECOVERED_FROM_FROZEN_ARTIFACT,renault_data_pipeline/data/renault_processed/210611/customers.csv
customer,210611,28333101,49.84,3.24,7,false,RECOVERED_FROM_FROZEN_ARTIFACT,renault_data_pipeline/data/renault_processed/210611/customers.csv
customer,210611,28341200,48.23,16.98,9,false,RECOVERED_FROM_FROZEN_ARTIFACT,renault_data_pipeline/data/renault_processed/210611/customers.csv
customer,210611,28347200,50.39,14.9,8,false,RECOVERED_FROM_FROZEN_ARTIFACT,renault_data_pipeline/data/renault_processed/210611/customers.csv
customer,210611,28350800,44.79,24.98,11,false,RECOVERED_FROM_FROZEN_ARTIFACT,renault_data_pipeline/data/renault_processed/210611/customers.csv
customer,210611,28350801,45.17,24.84,11,false,RECOVERED_FROM_FROZEN_ARTIFACT,renault_data_pipeline/data/renault_processed/210611/customers.csv
customer,210611,28396900,50.99,4.04,7,false,RECOVERED_FROM_FROZEN_ARTIFACT,renault_data_pipeline/data/renault_processed/210611/customers.csv
customer,210611,28412700,46.38,5.84,7,false,RECOVERED_FROM_FROZEN_ARTIFACT,renault_data_pipeline/data/renault_processed/210611/customers.csv
customer,210611,28415402,47.31,2.06,5,false,RECOVERED_FROM_FROZEN_ARTIFACT,renault_data_pipeline/data/renault_processed/210611/customers.csv
customer,210611,28459900,46.48,21.5,11,false,RECOVERED_FROM_FROZEN_ARTIFACT,renault_data_pipeline/data/renault_processed/210611/customers.csv
customer,210611,28472500,41.9,1.71,6,false,RECOVERED_FROM_FROZEN_ARTIFACT,renault_data_pipeline/data/renault_processed/210611/customers.csv
customer,210611,28482700,39.36,-0.45,3,false,RECOVERED_FROM_FROZEN_ARTIFACT,renault_data_pipeline/data/renault_processed/210611/customers.csv
customer,210611,28541401,50.05,18.67,10,false,RECOVERED_FROM_FROZEN_ARTIFACT,renault_data_pipeline/data/renault_processed/210611/customers.csv
customer,210611,28555602,45.8,21.33,11,false,RECOVERED_FROM_FROZEN_ARTIFACT,renault_data_pipeline/data/renault_processed/210611/customers.csv
customer,210611,28603900,49.09,18.96,10,false,RECOVERED_FROM_FROZEN_ARTIFACT,renault_data_pipeline/data/renault_processed/210611/customers.csv
customer,210611,28610400,49.77,1.97,5,false,RECOVERED_FROM_FROZEN_ARTIFACT,renault_data_pipeline/data/renault_processed/210611/customers.csv
customer,210611,28633900,45.1,7.57,7,false,RECOVERED_FROM_FROZEN_ARTIFACT,renault_data_pipeline/data/renault_processed/210611/customers.csv
customer,210611,28648402,49.42,2.78,7,false,RECOVERED_FROM_FROZEN_ARTIFACT,renault_data_pipeline/data/renault_processed/210611/customers.csv
customer,210611,28660200,46.98,3.17,7,false,RECOVERED_FROM_FROZEN_ARTIFACT,renault_data_pipeline/data/renault_processed/210611/customers.csv
customer,210611,28681300,49.39,1.38,5,false,RECOVERED_FROM_FROZEN_ARTIFACT,renault_data_pipeline/data/renault_processed/210611/customers.csv
customer,210611,28786800,54.92,-1.51,4,false,RECOVERED_FROM_FROZEN_ARTIFACT,renault_data_pipeline/data/renault_processed/210611/customers.csv
customer,210611,28787600,52.47,-1.47,4,false,RECOVERED_FROM_FROZEN_ARTIFACT,renault_data_pipeline/data/renault_processed/210611/customers.csv
customer,210611,28850800,45.79,15.18,9,false,RECOVERED_FROM_FROZEN_ARTIFACT,renault_data_pipeline/data/renault_processed/210611/customers.csv
customer,210611,28867401,45.8,15.18,9,false,RECOVERED_FROM_FROZEN_ARTIFACT,renault_data_pipeline/data/renault_processed/210611/customers.csv
customer,210611,28879100,45.87,15.09,9,false,RECOVERED_FROM_FROZEN_ARTIFACT,renault_data_pipeline/data/renault_processed/210611/customers.csv
customer,210611,28884600,50.92,5.53,7,false,RECOVERED_FROM_FROZEN_ARTIFACT,renault_data_pipeline/data/renault_processed/210611/customers.csv
customer,210611,28898200,48.73,18.56,9,false,RECOVERED_FROM_FROZEN_ARTIFACT,renault_data_pipeline/data/renault_processed/210611/customers.csv
customer,210611,28925100,48.77,13.05,8,false,RECOVERED_FROM_FROZEN_ARTIFACT,renault_data_pipeline/data/renault_processed/210611/customers.csv
customer,210611,28950300,54.9,-1.55,4,false,RECOVERED_FROM_FROZEN_ARTIFACT,renault_data_pipeline/data/renault_processed/210611/customers.csv
customer,210611,29152501,49.18,17.96,10,false,RECOVERED_FROM_FROZEN_ARTIFACT,renault_data_pipeline/data/renault_processed/210611/customers.csv
customer,210611,29249600,49.4,19.48,10,false,RECOVERED_FROM_FROZEN_ARTIFACT,renault_data_pipeline/data/renault_processed/210611/customers.csv
customer,210611,29324200,40.85,-8.48,2,false,RECOVERED_FROM_FROZEN_ARTIFACT,renault_data_pipeline/data/renault_processed/210611/customers.csv
customer,210611,29330900,47.57,9.37,8,false,RECOVERED_FROM_FROZEN_ARTIFACT,renault_data_pipeline/data/renault_processed/210611/customers.csv
customer,210611,29330904,43.3,-1.88,2,false,RECOVERED_FROM_FROZEN_ARTIFACT,renault_data_pipeline/data/renault_processed/210611/customers.csv
customer,210611,29350201,47.94,-2.38,5,false,RECOVERED_FROM_FROZEN_ARTIFACT,renault_data_pipeline/data/renault_processed/210611/customers.csv
customer,210611,29350204,50.09,3.53,7,false,RECOVERED_FROM_FROZEN_ARTIFACT,renault_data_pipeline/data/renault_processed/210611/customers.csv
customer,210611,29350206,44.88,24.85,11,false,RECOVERED_FROM_FROZEN_ARTIFACT,renault_data_pipeline/data/renault_processed/210611/customers.csv
customer,210611,29350210,47.51,6.87,7,false,RECOVERED_FROM_FROZEN_ARTIFACT,renault_data_pipeline/data/renault_processed/210611/customers.csv
customer,210611,29350212,48.6,5.04,7,false,RECOVERED_FROM_FROZEN_ARTIFACT,renault_data_pipeline/data/renault_processed/210611/customers.csv
customer,210611,29350214,47.38,-1.1,5,false,RECOVERED_FROM_FROZEN_ARTIFACT,renault_data_pipeline/data/renault_processed/210611/customers.csv
customer,210611,29352200,40.9,-8.44,2,false,RECOVERED_FROM_FROZEN_ARTIFACT,renault_data_pipeline/data/renault_processed/210611/customers.csv
customer,210611,29352201,40.9,-8.44,2,false,RECOVERED_FROM_FROZEN_ARTIFACT,renault_data_pipeline/data/renault_processed/210611/customers.csv
customer,210611,29382801,45.07,24.81,11,false,RECOVERED_FROM_FROZEN_ARTIFACT,renault_data_pipeline/data/renault_processed/210611/customers.csv
customer,210611,29450102,42.78,-4.25,2,false,RECOVERED_FROM_FROZEN_ARTIFACT,renault_data_pipeline/data/renault_processed/210611/customers.csv
customer,210611,29527000,49.51,2.43,5,false,RECOVERED_FROM_FROZEN_ARTIFACT,renault_data_pipeline/data/renault_processed/210611/customers.csv
customer,210611,29685201,49.56,15.96,10,false,RECOVERED_FROM_FROZEN_ARTIFACT,renault_data_pipeline/data/renault_processed/210611/customers.csv
customer,210611,29685204,50.8,19.2,10,false,RECOVERED_FROM_FROZEN_ARTIFACT,renault_data_pipeline/data/renault_processed/210611/customers.csv
customer,210611,29685206,47.46,-0.62,5,false,RECOVERED_FROM_FROZEN_ARTIFACT,renault_data_pipeline/data/renault_processed/210611/customers.csv
customer,210611,29717101,42.78,-1.38,6,false,RECOVERED_FROM_FROZEN_ARTIFACT,renault_data_pipeline/data/renault_processed/210611/customers.csv
customer,210611,29807200,43.87,26.04,11,false,RECOVERED_FROM_FROZEN_ARTIFACT,renault_data_pipeline/data/renault_processed/210611/customers.csv
customer,210611,29855000,46.18,5.57,7,false,RECOVERED_FROM_FROZEN_ARTIFACT,renault_data_pipeline/data/renault_processed/210611/customers.csv
customer,210611,29937600,42.88,-2.31,2,false,RECOVERED_FROM_FROZEN_ARTIFACT,renault_data_pipeline/data/renault_processed/210611/customers.csv
customer,210611,29969301,40.57,-8.12,2,false,RECOVERED_FROM_FROZEN_ARTIFACT,renault_data_pipeline/data/renault_processed/210611/customers.csv
customer,210611,40006900,48.4,18.4,9,false,RECOVERED_FROM_FROZEN_ARTIFACT,renault_data_pipeline/data/renault_processed/210611/customers.csv
customer,210611,40084500,47.29,-2.3,5,false,RECOVERED_FROM_FROZEN_ARTIFACT,renault_data_pipeline/data/renault_processed/210611/customers.csv
customer,210611,40145700,41.82,-8.44,2,false,RECOVERED_FROM_FROZEN_ARTIFACT,renault_data_pipeline/data/renault_processed/210611/customers.csv
customer,210611,40168301,46.09,4.76,7,false,RECOVERED_FROM_FROZEN_ARTIFACT,renault_data_pipeline/data/renault_processed/210611/customers.csv
customer,210611,40192801,46.07,6.52,7,false,RECOVERED_FROM_FROZEN_ARTIFACT,renault_data_pipeline/data/renault_processed/210611/customers.csv
customer,210611,40193000,46.55,23.86,11,false,RECOVERED_FROM_FROZEN_ARTIFACT,renault_data_pipeline/data/renault_processed/210611/customers.csv
customer,210611,40217101,45.2,7.89,7,false,RECOVERED_FROM_FROZEN_ARTIFACT,renault_data_pipeline/data/renault_processed/210611/customers.csv
customer,210611,40253500,47.69,22.5,10,false,RECOVERED_FROM_FROZEN_ARTIFACT,renault_data_pipeline/data/renault_processed/210611/customers.csv
customer,210611,40317700,41.65,-0.78,6,false,RECOVERED_FROM_FROZEN_ARTIFACT,renault_data_pipeline/data/renault_processed/210611/customers.csv
customer,210611,40317703,39.47,-0.57,3,false,RECOVERED_FROM_FROZEN_ARTIFACT,renault_data_pipeline/data/renault_processed/210611/customers.csv
customer,210611,40475800,42.75,23.21,12,false,RECOVERED_FROM_FROZEN_ARTIFACT,renault_data_pipeline/data/renault_processed/210611/customers.csv
customer,210611,40618500,52.42,16.76,10,false,RECOVERED_FROM_FROZEN_ARTIFACT,renault_data_pipeline/data/renault_processed/210611/customers.csv
customer,210611,40654000,44.87,24.86,11,false,RECOVERED_FROM_FROZEN_ARTIFACT,renault_data_pipeline/data/renault_processed/210611/customers.csv
customer,210611,40741601,50.49,2.5,7,false,RECOVERED_FROM_FROZEN_ARTIFACT,renault_data_pipeline/data/renault_processed/210611/customers.csv
customer,210611,40741604,50.49,2.68,7,false,RECOVERED_FROM_FROZEN_ARTIFACT,renault_data_pipeline/data/renault_processed/210611/customers.csv
customer,210611,40771302,35.66,-5.67,1,true,RECOVERED_FROM_FROZEN_ARTIFACT,renault_data_pipeline/data/renault_processed/210611/customers.csv
customer,210611,40819100,47.63,18.29,9,false,RECOVERED_FROM_FROZEN_ARTIFACT,renault_data_pipeline/data/renault_processed/210611/customers.csv
customer,210611,40832000,47.08,21.86,9,false,RECOVERED_FROM_FROZEN_ARTIFACT,renault_data_pipeline/data/renault_processed/210611/customers.csv
customer,210611,40852000,49.22,18.57,10,false,RECOVERED_FROM_FROZEN_ARTIFACT,renault_data_pipeline/data/renault_processed/210611/customers.csv
customer,210611,40906107,48.13,20.78,9,false,RECOVERED_FROM_FROZEN_ARTIFACT,renault_data_pipeline/data/renault_processed/210611/customers.csv
customer,210611,40909900,40.78,-8.59,2,false,RECOVERED_FROM_FROZEN_ARTIFACT,renault_data_pipeline/data/renault_processed/210611/customers.csv
customer,210611,40955700,45.73,21.26,11,false,RECOVERED_FROM_FROZEN_ARTIFACT,renault_data_pipeline/data/renault_processed/210611/customers.csv
customer,210611,40979700,44.92,24.87,11,false,RECOVERED_FROM_FROZEN_ARTIFACT,renault_data_pipeline/data/renault_processed/210611/customers.csv
customer,210611,41008105,51.04,16.9,10,false,RECOVERED_FROM_FROZEN_ARTIFACT,renault_data_pipeline/data/renault_processed/210611/customers.csv
customer,210611,41092201,41.63,-4.71,2,false,RECOVERED_FROM_FROZEN_ARTIFACT,renault_data_pipeline/data/renault_processed/210611/customers.csv
customer,210611,41099501,47.37,19.12,9,false,RECOVERED_FROM_FROZEN_ARTIFACT,renault_data_pipeline/data/renault_processed/210611/customers.csv
customer,210611,41106800,52.4,-1.55,4,false,RECOVERED_FROM_FROZEN_ARTIFACT,renault_data_pipeline/data/renault_processed/210611/customers.csv
customer,210611,41156800,48.57,18.86,9,false,RECOVERED_FROM_FROZEN_ARTIFACT,renault_data_pipeline/data/renault_processed/210611/customers.csv
customer,210611,41223901,40.58,-8.12,2,false,RECOVERED_FROM_FROZEN_ARTIFACT,renault_data_pipeline/data/renault_processed/210611/customers.csv
customer,210611,41264800,42.12,-8.62,2,false,RECOVERED_FROM_FROZEN_ARTIFACT,renault_data_pipeline/data/renault_processed/210611/customers.csv
customer,210611,41379900,46.14,21.3,11,false,RECOVERED_FROM_FROZEN_ARTIFACT,renault_data_pipeline/data/renault_processed/210611/customers.csv
customer,210611,41397500,42.25,24.88,12,false,RECOVERED_FROM_FROZEN_ARTIFACT,renault_data_pipeline/data/renault_processed/210611/customers.csv
customer,210611,41462100,35.66,-5.67,1,false,RECOVERED_FROM_FROZEN_ARTIFACT,renault_data_pipeline/data/renault_processed/210611/customers.csv
customer,210611,41464600,42.85,-1.69,2,false,RECOVERED_FROM_FROZEN_ARTIFACT,renault_data_pipeline/data/renault_processed/210611/customers.csv
customer,210611,41482900,46.25,1.5,5,false,RECOVERED_FROM_FROZEN_ARTIFACT,renault_data_pipeline/data/renault_processed/210611/customers.csv
customer,210611,41484500,41.89,-8.55,2,false,RECOVERED_FROM_FROZEN_ARTIFACT,renault_data_pipeline/data/renault_processed/210611/customers.csv
customer,210611,41565300,49.47,5.86,7,false,RECOVERED_FROM_FROZEN_ARTIFACT,renault_data_pipeline/data/renault_processed/210611/customers.csv
customer,210611,41570200,44.56,2.24,6,false,RECOVERED_FROM_FROZEN_ARTIFACT,renault_data_pipeline/data/renault_processed/210611/customers.csv
customer,210611,41618900,42.18,24.33,12,false,RECOVERED_FROM_FROZEN_ARTIFACT,renault_data_pipeline/data/renault_processed/210611/customers.csv
customer,210611,41619000,44.41,7.82,7,false,RECOVERED_FROM_FROZEN_ARTIFACT,renault_data_pipeline/data/renault_processed/210611/customers.csv
customer,210611,41628700,47.18,18.4,9,false,RECOVERED_FROM_FROZEN_ARTIFACT,renault_data_pipeline/data/renault_processed/210611/customers.csv
customer,210611,41647900,34.26,-6.58,1,false,RECOVERED_FROM_FROZEN_ARTIFACT,renault_data_pipeline/data/renault_processed/210611/customers.csv
customer,210611,41673301,46.71,16.51,9,false,RECOVERED_FROM_FROZEN_ARTIFACT,renault_data_pipeline/data/renault_processed/210611/customers.csv
customer,210611,41681300,35.66,-5.66,1,false,RECOVERED_FROM_FROZEN_ARTIFACT,renault_data_pipeline/data/renault_processed/210611/customers.csv
customer,210611,41747001,52.22,20.57,10,false,RECOVERED_FROM_FROZEN_ARTIFACT,renault_data_pipeline/data/renault_processed/210611/customers.csv
customer,210611,41804600,51.17,16.63,10,false,RECOVERED_FROM_FROZEN_ARTIFACT,renault_data_pipeline/data/renault_processed/210611/customers.csv
customer,210611,41804601,51.19,16.6,10,false,RECOVERED_FROM_FROZEN_ARTIFACT,renault_data_pipeline/data/renault_processed/210611/customers.csv
customer,210611,41832900,35.78,-5.8,1,false,RECOVERED_FROM_FROZEN_ARTIFACT,renault_data_pipeline/data/renault_processed/210611/customers.csv
customer,210611,41854501,47.14,20.13,9,false,RECOVERED_FROM_FROZEN_ARTIFACT,renault_data_pipeline/data/renault_processed/210611/customers.csv
customer,210611,41867200,48.84,9.13,8,false,RECOVERED_FROM_FROZEN_ARTIFACT,renault_data_pipeline/data/renault_processed/210611/customers.csv
customer,210611,41871700,53.49,18.77,10,false,RECOVERED_FROM_FROZEN_ARTIFACT,renault_data_pipeline/data/renault_processed/210611/customers.csv
customer,210611,42065700,35.76,-5.83,1,false,RECOVERED_FROM_FROZEN_ARTIFACT,renault_data_pipeline/data/renault_processed/210611/customers.csv
customer,210611,42116300,44.63,24.27,11,false,RECOVERED_FROM_FROZEN_ARTIFACT,renault_data_pipeline/data/renault_processed/210611/customers.csv
customer,210611,42126700,35.66,-5.65,1,false,RECOVERED_FROM_FROZEN_ARTIFACT,renault_data_pipeline/data/renault_processed/210611/customers.csv
customer,210611,42143100,48.18,7.01,7,false,RECOVERED_FROM_FROZEN_ARTIFACT,renault_data_pipeline/data/renault_processed/210611/customers.csv
customer,210611,42162600,49.84,4.78,7,false,RECOVERED_FROM_FROZEN_ARTIFACT,renault_data_pipeline/data/renault_processed/210611/customers.csv
customer,210611,42204601,43.0,1.62,6,false,RECOVERED_FROM_FROZEN_ARTIFACT,renault_data_pipeline/data/renault_processed/210611/customers.csv
customer,210611,42209602,49.01,12.14,8,false,RECOVERED_FROM_FROZEN_ARTIFACT,renault_data_pipeline/data/renault_processed/210611/customers.csv
customer,210611,42209605,50.98,9.78,8,false,RECOVERED_FROM_FROZEN_ARTIFACT,renault_data_pipeline/data/renault_processed/210611/customers.csv
customer,210611,42259201,35.72,-5.91,1,false,RECOVERED_FROM_FROZEN_ARTIFACT,renault_data_pipeline/data/renault_processed/210611/customers.csv
customer,210611,42319000,43.55,10.48,7,false,RECOVERED_FROM_FROZEN_ARTIFACT,renault_data_pipeline/data/renault_processed/210611/customers.csv
customer,210611,42375705,48.06,-1.7,5,false,RECOVERED_FROM_FROZEN_ARTIFACT,renault_data_pipeline/data/renault_processed/210611/customers.csv
customer,210611,42435800,50.9,17.33,10,false,RECOVERED_FROM_FROZEN_ARTIFACT,renault_data_pipeline/data/renault_processed/210611/customers.csv
customer,210611,42506300,45.87,24.07,11,false,RECOVERED_FROM_FROZEN_ARTIFACT,renault_data_pipeline/data/renault_processed/210611/customers.csv
customer,210611,42529900,41.41,1.99,6,false,RECOVERED_FROM_FROZEN_ARTIFACT,renault_data_pipeline/data/renault_processed/210611/customers.csv
customer,210611,42529903,41.66,1.2,6,false,RECOVERED_FROM_FROZEN_ARTIFACT,renault_data_pipeline/data/renault_processed/210611/customers.csv
customer,210611,42529904,41.5,1.87,6,false,RECOVERED_FROM_FROZEN_ARTIFACT,renault_data_pipeline/data/renault_processed/210611/customers.csv
customer,210611,42571100,43.93,21.37,11,false,RECOVERED_FROM_FROZEN_ARTIFACT,renault_data_pipeline/data/renault_processed/210611/customers.csv
customer,210611,42583500,43.41,-3.85,2,false,RECOVERED_FROM_FROZEN_ARTIFACT,renault_data_pipeline/data/renault_processed/210611/customers.csv
customer,210611,42593100,47.08,21.87,9,false,RECOVERED_FROM_FROZEN_ARTIFACT,renault_data_pipeline/data/renault_processed/210611/customers.csv
customer,210611,42684502,46.79,21.63,9,false,RECOVERED_FROM_FROZEN_ARTIFACT,renault_data_pipeline/data/renault_processed/210611/customers.csv
customer,210611,42687200,41.83,-1.51,3,false,RECOVERED_FROM_FROZEN_ARTIFACT,renault_data_pipeline/data/renault_processed/210611/customers.csv
customer,210611,42708300,51.18,7.76,8,false,RECOVERED_FROM_FROZEN_ARTIFACT,renault_data_pipeline/data/renault_processed/210611/customers.csv
customer,210611,42713300,51.18,7.2,7,false,RECOVERED_FROM_FROZEN_ARTIFACT,renault_data_pipeline/data/renault_processed/210611/customers.csv
customer,210611,42779200,48.64,9.36,8,false,RECOVERED_FROM_FROZEN_ARTIFACT,renault_data_pipeline/data/renault_processed/210611/customers.csv
customer,210611,42811800,51.41,-0.84,4,false,RECOVERED_FROM_FROZEN_ARTIFACT,renault_data_pipeline/data/renault_processed/210611/customers.csv
customer,210611,60317300,48.03,5.32,7,false,RECOVERED_FROM_FROZEN_ARTIFACT,renault_data_pipeline/data/renault_processed/210611/customers.csv
customer,210611,60333501,46.81,1.73,5,false,RECOVERED_FROM_FROZEN_ARTIFACT,renault_data_pipeline/data/renault_processed/210611/customers.csv
customer,210611,61186900,47.08,21.91,9,false,RECOVERED_FROM_FROZEN_ARTIFACT,renault_data_pipeline/data/renault_processed/210611/customers.csv
customer,210611,61187700,45.22,24.94,11,false,RECOVERED_FROM_FROZEN_ARTIFACT,renault_data_pipeline/data/renault_processed/210611/customers.csv
customer,210611,61190700,44.8,25.08,11,false,RECOVERED_FROM_FROZEN_ARTIFACT,renault_data_pipeline/data/renault_processed/210611/customers.csv
customer,210611,61190900,45.8,24.18,11,false,RECOVERED_FROM_FROZEN_ARTIFACT,renault_data_pipeline/data/renault_processed/210611/customers.csv
customer,210611,61198600,44.88,24.85,11,false,RECOVERED_FROM_FROZEN_ARTIFACT,renault_data_pipeline/data/renault_processed/210611/customers.csv
customer,210611,61198605,45.29,25.06,11,false,RECOVERED_FROM_FROZEN_ARTIFACT,renault_data_pipeline/data/renault_processed/210611/customers.csv
customer,210611,61199400,44.88,24.85,11,false,RECOVERED_FROM_FROZEN_ARTIFACT,renault_data_pipeline/data/renault_processed/210611/customers.csv
customer,210611,61200700,47.05,21.97,11,false,RECOVERED_FROM_FROZEN_ARTIFACT,renault_data_pipeline/data/renault_processed/210611/customers.csv
customer,210611,61203901,45.73,21.17,11,false,RECOVERED_FROM_FROZEN_ARTIFACT,renault_data_pipeline/data/renault_processed/210611/customers.csv
customer,210611,61204301,44.99,24.94,11,false,RECOVERED_FROM_FROZEN_ARTIFACT,renault_data_pipeline/data/renault_processed/210611/customers.csv
customer,210611,61204502,44.98,24.97,11,false,RECOVERED_FROM_FROZEN_ARTIFACT,renault_data_pipeline/data/renault_processed/210611/customers.csv
customer,210611,61205600,45.66,25.54,11,false,RECOVERED_FROM_FROZEN_ARTIFACT,renault_data_pipeline/data/renault_processed/210611/customers.csv
customer,210611,61995901,45.94,15.14,9,false,RECOVERED_FROM_FROZEN_ARTIFACT,renault_data_pipeline/data/renault_processed/210611/customers.csv
customer,210611,61996300,45.95,15.06,9,false,RECOVERED_FROM_FROZEN_ARTIFACT,renault_data_pipeline/data/renault_processed/210611/customers.csv
customer,210611,61996404,45.93,14.98,9,false,RECOVERED_FROM_FROZEN_ARTIFACT,renault_data_pipeline/data/renault_processed/210611/customers.csv
depot,210611,9624708,45.78,4.88,,false,RECOVERED_FROM_FROZEN_ARTIFACT,renault_data_pipeline/data/renault_processed/210611/depots.csv
depot,210611,90015100,48.98,1.85,,false,RECOVERED_FROM_FROZEN_ARTIFACT,renault_data_pipeline/data/renault_processed/210611/depots.csv
depot,210611,90015700,44.8,24.99,,false,RECOVERED_FROM_FROZEN_ARTIFACT,renault_data_pipeline/data/renault_processed/210611/depots.csv
depot,210611,90016100,49.32,1.05,,false,RECOVERED_FROM_FROZEN_ARTIFACT,renault_data_pipeline/data/renault_processed/210611/depots.csv
depot,210611,90016200,50.28,3.91,,false,RECOVERED_FROM_FROZEN_ARTIFACT,renault_data_pipeline/data/renault_processed/210611/depots.csv
depot,210611,90016500,40.67,-8.62,,false,RECOVERED_FROM_FROZEN_ARTIFACT,renault_data_pipeline/data/renault_processed/210611/depots.csv
depot,210611,90016700,45.79,15.18,,false,RECOVERED_FROM_FROZEN_ARTIFACT,renault_data_pipeline/data/renault_processed/210611/depots.csv
depot,210611,90016900,49.17,5.98,,false,RECOVERED_FROM_FROZEN_ARTIFACT,renault_data_pipeline/data/renault_processed/210611/depots.csv
depot,210611,90017100,49.48,0.3,,false,RECOVERED_FROM_FROZEN_ARTIFACT,renault_data_pipeline/data/renault_processed/210611/depots.csv
depot,210611,90018300,49.91,1.09,,false,RECOVERED_FROM_FROZEN_ARTIFACT,renault_data_pipeline/data/renault_processed/210611/depots.csv
depot,210611,90018400,50.47,2.61,,false,RECOVERED_FROM_FROZEN_ARTIFACT,renault_data_pipeline/data/renault_processed/210611/depots.csv
depot,210611,90019100,50.36,3.03,,false,RECOVERED_FROM_FROZEN_ARTIFACT,renault_data_pipeline/data/renault_processed/210611/depots.csv
depot,210611,90038200,33.6,-7.5,,false,RECOVERED_FROM_FROZEN_ARTIFACT,renault_data_pipeline/data/renault_processed/210611/depots.csv
depot,210611,90038300,35.7,-5.68,,false,RECOVERED_FROM_FROZEN_ARTIFACT,renault_data_pipeline/data/renault_processed/210611/depots.csv
depot,210611,91017200,41.96,-4.5,,false,RECOVERED_FROM_FROZEN_ARTIFACT,renault_data_pipeline/data/renault_processed/210611/depots.csv
depot,210611,91017300,41.61,-4.73,,false,RECOVERED_FROM_FROZEN_ARTIFACT,renault_data_pipeline/data/renault_processed/210611/depots.csv
depot,210611,91017500,37.43,-5.98,,false,RECOVERED_FROM_FROZEN_ARTIFACT,renault_data_pipeline/data/renault_processed/210611/depots.csv
depot,210611,91017600,41.61,-4.73,,false,RECOVERED_FROM_FROZEN_ARTIFACT,renault_data_pipeline/data/renault_processed/210611/depots.csv
depot,210611,91017700,41.61,-4.73,,false,RECOVERED_FROM_FROZEN_ARTIFACT,renault_data_pipeline/data/renault_processed/210611/depots.csv
